"scenario","year","variable","value","units"
"new",1745,"RF_BC",0,"W/m2"
"new",1746,"RF_BC",0,"W/m2"
"new",1747,"RF_BC",0,"W/m2"
"new",1748,"RF_BC",0,"W/m2"
"new",1749,"RF_BC",0,"W/m2"
"new",1750,"RF_BC",0,"W/m2"
"new",1751,"RF_BC",-0.00155817073344688,"W/m2"
"new",1752,"RF_BC",-0.00207821269801522,"W/m2"
"new",1753,"RF_BC",-0.0015587659024556,"W/m2"
"new",1754,"RF_BC",0.00022459789439494,"W/m2"
"new",1755,"RF_BC",0.000244151758553662,"W/m2"
"new",1756,"RF_BC",-0.00166225657126454,"W/m2"
"new",1757,"RF_BC",0.00342195036486234,"W/m2"
"new",1758,"RF_BC",0.00170578449718375,"W/m2"
"new",1759,"RF_BC",0.00152264217001075,"W/m2"
"new",1760,"RF_BC",0.00222729405389455,"W/m2"
"new",1761,"RF_BC",0.00289878765211746,"W/m2"
"new",1762,"RF_BC",0.00063327278204306,"W/m2"
"new",1763,"RF_BC",0.00100871172814698,"W/m2"
"new",1764,"RF_BC",-0.00122306409304099,"W/m2"
"new",1765,"RF_BC",0.00214369493405528,"W/m2"
"new",1766,"RF_BC",0.00133705115910257,"W/m2"
"new",1767,"RF_BC",0.00150249258826121,"W/m2"
"new",1768,"RF_BC",0.00606015002802704,"W/m2"
"new",1769,"RF_BC",0.00318741917755519,"W/m2"
"new",1770,"RF_BC",0.00333553451387211,"W/m2"
"new",1771,"RF_BC",0.000917842283225057,"W/m2"
"new",1772,"RF_BC",7.89472287127391e-05,"W/m2"
"new",1773,"RF_BC",0.000487875302854185,"W/m2"
"new",1774,"RF_BC",0.00450848461804992,"W/m2"
"new",1775,"RF_BC",0.00417653872554535,"W/m2"
"new",1776,"RF_BC",0.00186082338465693,"W/m2"
"new",1777,"RF_BC",0.00562261588073742,"W/m2"
"new",1778,"RF_BC",0.0074434786544274,"W/m2"
"new",1779,"RF_BC",0.00503377774150737,"W/m2"
"new",1780,"RF_BC",0.00680248090265018,"W/m2"
"new",1781,"RF_BC",0.00687184122174381,"W/m2"
"new",1782,"RF_BC",0.00507457975186207,"W/m2"
"new",1783,"RF_BC",0.00450027136042205,"W/m2"
"new",1784,"RF_BC",0.0039106455577862,"W/m2"
"new",1785,"RF_BC",0.00557455234688775,"W/m2"
"new",1786,"RF_BC",0.00515756519186811,"W/m2"
"new",1787,"RF_BC",0.00690587912763821,"W/m2"
"new",1788,"RF_BC",0.0114410166579446,"W/m2"
"new",1789,"RF_BC",0.0084588398976029,"W/m2"
"new",1790,"RF_BC",0.00906865030206835,"W/m2"
"new",1791,"RF_BC",0.00635526278777357,"W/m2"
"new",1792,"RF_BC",0.00579670346531988,"W/m2"
"new",1793,"RF_BC",0.00535232404547045,"W/m2"
"new",1794,"RF_BC",0.00934393796374589,"W/m2"
"new",1795,"RF_BC",0.00873419484309387,"W/m2"
"new",1796,"RF_BC",0.00569337607457227,"W/m2"
"new",1797,"RF_BC",0.00964812713514937,"W/m2"
"new",1798,"RF_BC",0.0110598722172285,"W/m2"
"new",1799,"RF_BC",0.00942989687106921,"W/m2"
"new",1800,"RF_BC",0.0100796709447751,"W/m2"
"new",1801,"RF_BC",0.0104420141699346,"W/m2"
"new",1802,"RF_BC",0.0095511107454592,"W/m2"
"new",1803,"RF_BC",0.00823284995546214,"W/m2"
"new",1804,"RF_BC",0.00950581766005076,"W/m2"
"new",1805,"RF_BC",0.0107793619177105,"W/m2"
"new",1806,"RF_BC",0.011422769796976,"W/m2"
"new",1807,"RF_BC",0.0126528213824689,"W/m2"
"new",1808,"RF_BC",0.017418039546804,"W/m2"
"new",1809,"RF_BC",0.0147176201343965,"W/m2"
"new",1810,"RF_BC",0.0156630563432816,"W/m2"
"new",1811,"RF_BC",0.0141266381159415,"W/m2"
"new",1812,"RF_BC",0.0127722777299591,"W/m2"
"new",1813,"RF_BC",0.01322979266157,"W/m2"
"new",1814,"RF_BC",0.0172492082793665,"W/m2"
"new",1815,"RF_BC",0.0171720690044252,"W/m2"
"new",1816,"RF_BC",0.0157025369379038,"W/m2"
"new",1817,"RF_BC",0.0181393899118676,"W/m2"
"new",1818,"RF_BC",0.0208583308622853,"W/m2"
"new",1819,"RF_BC",0.0190517588141537,"W/m2"
"new",1820,"RF_BC",0.0203333063113963,"W/m2"
"new",1821,"RF_BC",0.0213467413526937,"W/m2"
"new",1822,"RF_BC",0.0196278041868523,"W/m2"
"new",1823,"RF_BC",0.0185942457919756,"W/m2"
"new",1824,"RF_BC",0.0206892791786961,"W/m2"
"new",1825,"RF_BC",0.0216564999549972,"W/m2"
"new",1826,"RF_BC",0.0218009989041998,"W/m2"
"new",1827,"RF_BC",0.0236399458467411,"W/m2"
"new",1828,"RF_BC",0.0286631379594594,"W/m2"
"new",1829,"RF_BC",0.0262536262891787,"W/m2"
"new",1830,"RF_BC",0.0279614990225558,"W/m2"
"new",1831,"RF_BC",0.0255978449007423,"W/m2"
"new",1832,"RF_BC",0.0254797172373543,"W/m2"
"new",1833,"RF_BC",0.0260389841712234,"W/m2"
"new",1834,"RF_BC",0.0299074933965917,"W/m2"
"new",1835,"RF_BC",0.0297576458036353,"W/m2"
"new",1836,"RF_BC",0.0299765407917034,"W/m2"
"new",1837,"RF_BC",0.0326014884766857,"W/m2"
"new",1838,"RF_BC",0.0353148729105357,"W/m2"
"new",1839,"RF_BC",0.034046013616659,"W/m2"
"new",1840,"RF_BC",0.0337703068772306,"W/m2"
"new",1841,"RF_BC",0.0371926521297508,"W/m2"
"new",1842,"RF_BC",0.0349218477838731,"W/m2"
"new",1843,"RF_BC",0.0328807898075523,"W/m2"
"new",1844,"RF_BC",0.0353538990631417,"W/m2"
"new",1845,"RF_BC",0.0374852485963259,"W/m2"
"new",1846,"RF_BC",0.0378697203209015,"W/m2"
"new",1847,"RF_BC",0.0415105912765445,"W/m2"
"new",1848,"RF_BC",0.0454596945117815,"W/m2"
"new",1849,"RF_BC",0.044276557222815,"W/m2"
"new",1850,"RF_BC",0.0458497481628065,"W/m2"
"new",1851,"RF_BC",0.0433769671903093,"W/m2"
"new",1852,"RF_BC",0.04255430072967,"W/m2"
"new",1853,"RF_BC",0.0442610493468876,"W/m2"
"new",1854,"RF_BC",0.0498592227200003,"W/m2"
"new",1855,"RF_BC",0.0491938866933933,"W/m2"
"new",1856,"RF_BC",0.0484131065492948,"W/m2"
"new",1857,"RF_BC",0.0529688289430396,"W/m2"
"new",1858,"RF_BC",0.0550130971406126,"W/m2"
"new",1859,"RF_BC",0.0547860358347081,"W/m2"
"new",1860,"RF_BC",0.0553447376838902,"W/m2"
"new",1861,"RF_BC",0.0569828151588692,"W/m2"
"new",1862,"RF_BC",0.0558925707871128,"W/m2"
"new",1863,"RF_BC",0.0543472448951052,"W/m2"
"new",1864,"RF_BC",0.0571255953585866,"W/m2"
"new",1865,"RF_BC",0.0608254411366084,"W/m2"
"new",1866,"RF_BC",0.0605505096582487,"W/m2"
"new",1867,"RF_BC",0.0640491279528057,"W/m2"
"new",1868,"RF_BC",0.06846177049648,"W/m2"
"new",1869,"RF_BC",0.0662770349910164,"W/m2"
"new",1870,"RF_BC",0.0694766597386037,"W/m2"
"new",1871,"RF_BC",0.0675501127022247,"W/m2"
"new",1872,"RF_BC",0.0668794772312153,"W/m2"
"new",1873,"RF_BC",0.0716329245397843,"W/m2"
"new",1874,"RF_BC",0.0733579909361186,"W/m2"
"new",1875,"RF_BC",0.071221411650931,"W/m2"
"new",1876,"RF_BC",0.0718415892117414,"W/m2"
"new",1877,"RF_BC",0.0744050663187348,"W/m2"
"new",1878,"RF_BC",0.0759906302163703,"W/m2"
"new",1879,"RF_BC",0.077961175854833,"W/m2"
"new",1880,"RF_BC",0.0777852775593875,"W/m2"
"new",1881,"RF_BC",0.0803692544997955,"W/m2"
"new",1882,"RF_BC",0.0793213243351274,"W/m2"
"new",1883,"RF_BC",0.0776778560554422,"W/m2"
"new",1884,"RF_BC",0.0814219313488003,"W/m2"
"new",1885,"RF_BC",0.0817994010389899,"W/m2"
"new",1886,"RF_BC",0.0823706047528921,"W/m2"
"new",1887,"RF_BC",0.0851133083150683,"W/m2"
"new",1888,"RF_BC",0.0906105564531833,"W/m2"
"new",1889,"RF_BC",0.0888650207900084,"W/m2"
"new",1890,"RF_BC",0.092758151958793,"W/m2"
"new",1891,"RF_BC",0.0907643471871931,"W/m2"
"new",1892,"RF_BC",0.0897852607309015,"W/m2"
"new",1893,"RF_BC",0.0907066779182601,"W/m2"
"new",1894,"RF_BC",0.095381031377386,"W/m2"
"new",1895,"RF_BC",0.0966071090283325,"W/m2"
"new",1896,"RF_BC",0.0931819131235546,"W/m2"
"new",1897,"RF_BC",0.0990802939328312,"W/m2"
"new",1898,"RF_BC",0.100743030816965,"W/m2"
"new",1899,"RF_BC",0.10466540298294,"W/m2"
"new",1900,"RF_BC",0.104853329403529,"W/m2"
"new",1901,"RF_BC",0.106213349242317,"W/m2"
"new",1902,"RF_BC",0.105833330448501,"W/m2"
"new",1903,"RF_BC",0.107155063518288,"W/m2"
"new",1904,"RF_BC",0.111307768227042,"W/m2"
"new",1905,"RF_BC",0.115479718123741,"W/m2"
"new",1906,"RF_BC",0.117736186467686,"W/m2"
"new",1907,"RF_BC",0.12698169358903,"W/m2"
"new",1908,"RF_BC",0.1256852505178,"W/m2"
"new",1909,"RF_BC",0.127101661828589,"W/m2"
"new",1910,"RF_BC",0.132546300250162,"W/m2"
"new",1911,"RF_BC",0.130562416190257,"W/m2"
"new",1912,"RF_BC",0.131029037547451,"W/m2"
"new",1913,"RF_BC",0.136841509381485,"W/m2"
"new",1914,"RF_BC",0.13341590750917,"W/m2"
"new",1915,"RF_BC",0.131351565199716,"W/m2"
"new",1916,"RF_BC",0.134545396436188,"W/m2"
"new",1917,"RF_BC",0.141295850495886,"W/m2"
"new",1918,"RF_BC",0.141441058913422,"W/m2"
"new",1919,"RF_BC",0.129278198572592,"W/m2"
"new",1920,"RF_BC",0.137996740443199,"W/m2"
"new",1921,"RF_BC",0.126848775311477,"W/m2"
"new",1922,"RF_BC",0.126772960263399,"W/m2"
"new",1923,"RF_BC",0.148145435020573,"W/m2"
"new",1924,"RF_BC",0.141138322012136,"W/m2"
"new",1925,"RF_BC",0.143247973690007,"W/m2"
"new",1926,"RF_BC",0.140543017212792,"W/m2"
"new",1927,"RF_BC",0.145794104280634,"W/m2"
"new",1928,"RF_BC",0.142216025706578,"W/m2"
"new",1929,"RF_BC",0.146096602412171,"W/m2"
"new",1930,"RF_BC",0.142404072434444,"W/m2"
"new",1931,"RF_BC",0.126516302683969,"W/m2"
"new",1932,"RF_BC",0.124440522831859,"W/m2"
"new",1933,"RF_BC",0.123780388271808,"W/m2"
"new",1934,"RF_BC",0.133860032724139,"W/m2"
"new",1935,"RF_BC",0.135369904252524,"W/m2"
"new",1936,"RF_BC",0.14581428407245,"W/m2"
"new",1937,"RF_BC",0.146242106559498,"W/m2"
"new",1938,"RF_BC",0.136707653151475,"W/m2"
"new",1939,"RF_BC",0.145364817304036,"W/m2"
"new",1940,"RF_BC",0.146901393126343,"W/m2"
"new",1941,"RF_BC",0.14973632748844,"W/m2"
"new",1942,"RF_BC",0.155495520806388,"W/m2"
"new",1943,"RF_BC",0.157261896502915,"W/m2"
"new",1944,"RF_BC",0.157919717551063,"W/m2"
"new",1945,"RF_BC",0.143755427656221,"W/m2"
"new",1946,"RF_BC",0.142241298944384,"W/m2"
"new",1947,"RF_BC",0.14449800347608,"W/m2"
"new",1948,"RF_BC",0.151796714047863,"W/m2"
"new",1949,"RF_BC",0.146245266876487,"W/m2"
"new",1950,"RF_BC",0.157867800344091,"W/m2"
"new",1951,"RF_BC",0.147003890252664,"W/m2"
"new",1952,"RF_BC",0.149393175257773,"W/m2"
"new",1953,"RF_BC",0.153380191229277,"W/m2"
"new",1954,"RF_BC",0.156346237603297,"W/m2"
"new",1955,"RF_BC",0.161085626316564,"W/m2"
"new",1956,"RF_BC",0.175000150150724,"W/m2"
"new",1957,"RF_BC",0.185687927054549,"W/m2"
"new",1958,"RF_BC",0.183081458144826,"W/m2"
"new",1959,"RF_BC",0.187887989926063,"W/m2"
"new",1960,"RF_BC",0.194928298868684,"W/m2"
"new",1961,"RF_BC",0.195119870698453,"W/m2"
"new",1962,"RF_BC",0.195291327215345,"W/m2"
"new",1963,"RF_BC",0.206946178168524,"W/m2"
"new",1964,"RF_BC",0.196536540394383,"W/m2"
"new",1965,"RF_BC",0.197194656109314,"W/m2"
"new",1966,"RF_BC",0.197997539866994,"W/m2"
"new",1967,"RF_BC",0.204522042992106,"W/m2"
"new",1968,"RF_BC",0.205059588148428,"W/m2"
"new",1969,"RF_BC",0.207472778068335,"W/m2"
"new",1970,"RF_BC",0.216627810341126,"W/m2"
"new",1971,"RF_BC",0.225304785770993,"W/m2"
"new",1972,"RF_BC",0.245293945663969,"W/m2"
"new",1973,"RF_BC",0.241712785923642,"W/m2"
"new",1974,"RF_BC",0.24636206615227,"W/m2"
"new",1975,"RF_BC",0.247468230197539,"W/m2"
"new",1976,"RF_BC",0.266318037008489,"W/m2"
"new",1977,"RF_BC",0.276093149800478,"W/m2"
"new",1978,"RF_BC",0.291614369895991,"W/m2"
"new",1979,"RF_BC",0.29627390661033,"W/m2"
"new",1980,"RF_BC",0.288092230482729,"W/m2"
"new",1981,"RF_BC",0.280403058616294,"W/m2"
"new",1982,"RF_BC",0.29877527688075,"W/m2"
"new",1983,"RF_BC",0.279255631005919,"W/m2"
"new",1984,"RF_BC",0.292371800143426,"W/m2"
"new",1985,"RF_BC",0.297969183416556,"W/m2"
"new",1986,"RF_BC",0.306726100109038,"W/m2"
"new",1987,"RF_BC",0.318783390854686,"W/m2"
"new",1988,"RF_BC",0.330924858739377,"W/m2"
"new",1989,"RF_BC",0.328068956613626,"W/m2"
"new",1990,"RF_BC",0.335054694535826,"W/m2"
"new",1991,"RF_BC",0.368925847865416,"W/m2"
"new",1992,"RF_BC",0.3273897504458,"W/m2"
"new",1993,"RF_BC",0.340054662803283,"W/m2"
"new",1994,"RF_BC",0.36760626297939,"W/m2"
"new",1995,"RF_BC",0.367316889030993,"W/m2"
"new",1996,"RF_BC",0.354300184109193,"W/m2"
"new",1997,"RF_BC",0.393017375864317,"W/m2"
"new",1998,"RF_BC",0.394541215133433,"W/m2"
"new",1999,"RF_BC",0.344192654708496,"W/m2"
"new",2000,"RF_BC",0.3199744101988,"W/m2"
"new",2001,"RF_BC",0.322893461409576,"W/m2"
"new",2002,"RF_BC",0.34637154454881,"W/m2"
"new",2003,"RF_BC",0.351261983654457,"W/m2"
"new",2004,"RF_BC",0.362711254881525,"W/m2"
"new",2005,"RF_BC",0.374639160057453,"W/m2"
"new",2006,"RF_BC",0.370896562485528,"W/m2"
"new",2007,"RF_BC",0.380747050334355,"W/m2"
"new",2008,"RF_BC",0.36617991716269,"W/m2"
"new",2009,"RF_BC",0.353315955351356,"W/m2"
"new",2010,"RF_BC",0.379634877015277,"W/m2"
"new",2011,"RF_BC",0.355680219047319,"W/m2"
"new",2012,"RF_BC",0.368410244030708,"W/m2"
"new",2013,"RF_BC",0.347843731109481,"W/m2"
"new",2014,"RF_BC",0.353399932771835,"W/m2"
"new",2015,"RF_BC",0.351862232455042,"W/m2"
"new",2016,"RF_BC",0.326350389271322,"W/m2"
"new",2017,"RF_BC",0.330342993475729,"W/m2"
"new",2018,"RF_BC",0.317523315675241,"W/m2"
"new",2019,"RF_BC",0.336854222563703,"W/m2"
"new",2020,"RF_BC",0.309755537832628,"W/m2"
"new",2021,"RF_BC",0.333342849033677,"W/m2"
"new",2022,"RF_BC",0.292439100390303,"W/m2"
"new",2023,"RF_BC",0.312394348220015,"W/m2"
"new",1745,"RF_OC",0,"W/m2"
"new",1746,"RF_OC",0,"W/m2"
"new",1747,"RF_OC",0,"W/m2"
"new",1748,"RF_OC",0,"W/m2"
"new",1749,"RF_OC",0,"W/m2"
"new",1750,"RF_OC",0,"W/m2"
"new",1751,"RF_OC",0.00165126667951707,"W/m2"
"new",1752,"RF_OC",0.00263064890920275,"W/m2"
"new",1753,"RF_OC",0.00167017191339057,"W/m2"
"new",1754,"RF_OC",-0.000754358555712403,"W/m2"
"new",1755,"RF_OC",0.000522598536934565,"W/m2"
"new",1756,"RF_OC",0.00155484834608469,"W/m2"
"new",1757,"RF_OC",-0.00172177377251535,"W/m2"
"new",1758,"RF_OC",-0.000511272328828569,"W/m2"
"new",1759,"RF_OC",-0.000902467309195173,"W/m2"
"new",1760,"RF_OC",-0.00248491259445939,"W/m2"
"new",1761,"RF_OC",-0.00167971163797724,"W/m2"
"new",1762,"RF_OC",-0.000625633540412757,"W/m2"
"new",1763,"RF_OC",-0.000641910058487155,"W/m2"
"new",1764,"RF_OC",0.00299242845039541,"W/m2"
"new",1765,"RF_OC",-0.00164652075388701,"W/m2"
"new",1766,"RF_OC",0.000403617824054778,"W/m2"
"new",1767,"RF_OC",0.000125064795083604,"W/m2"
"new",1768,"RF_OC",-0.00414115868851983,"W/m2"
"new",1769,"RF_OC",-0.00204294363039285,"W/m2"
"new",1770,"RF_OC",-0.00210244256896921,"W/m2"
"new",1771,"RF_OC",0.00058497854319163,"W/m2"
"new",1772,"RF_OC",0.00190546652832128,"W/m2"
"new",1773,"RF_OC",0.00131199923235692,"W/m2"
"new",1774,"RF_OC",-0.00300615467139535,"W/m2"
"new",1775,"RF_OC",-0.00118070955574645,"W/m2"
"new",1776,"RF_OC",0.000212872902900563,"W/m2"
"new",1777,"RF_OC",-0.0017465219654945,"W/m2"
"new",1778,"RF_OC",-0.00320930394412526,"W/m2"
"new",1779,"RF_OC",-0.00147639094220049,"W/m2"
"new",1780,"RF_OC",-0.00396839745760269,"W/m2"
"new",1781,"RF_OC",-0.00262709025730638,"W/m2"
"new",1782,"RF_OC",-0.00203725662184889,"W/m2"
"new",1783,"RF_OC",-0.00137402044278863,"W/m2"
"new",1784,"RF_OC",0.00104312746226551,"W/m2"
"new",1785,"RF_OC",-0.00220763489209809,"W/m2"
"new",1786,"RF_OC",-0.000515829606204637,"W/m2"
"new",1787,"RF_OC",-0.00209039941708644,"W/m2"
"new",1788,"RF_OC",-0.0061668042132382,"W/m2"
"new",1789,"RF_OC",-0.0039811531245689,"W/m2"
"new",1790,"RF_OC",-0.00435579576451249,"W/m2"
"new",1791,"RF_OC",-0.00154677828721611,"W/m2"
"new",1792,"RF_OC",-0.000481619103744085,"W/m2"
"new",1793,"RF_OC",-0.000698556130155861,"W/m2"
"new",1794,"RF_OC",-0.00512917488961116,"W/m2"
"new",1795,"RF_OC",-0.00333671611277764,"W/m2"
"new",1796,"RF_OC",-0.00172394165281918,"W/m2"
"new",1797,"RF_OC",-0.0037318291206473,"W/m2"
"new",1798,"RF_OC",-0.00495488525694172,"W/m2"
"new",1799,"RF_OC",-0.00439592939688065,"W/m2"
"new",1800,"RF_OC",-0.0057250640328011,"W/m2"
"new",1801,"RF_OC",-0.00461021806402907,"W/m2"
"new",1802,"RF_OC",-0.00472257996902704,"W/m2"
"new",1803,"RF_OC",-0.00317991738028695,"W/m2"
"new",1804,"RF_OC",-0.00221743567485319,"W/m2"
"new",1805,"RF_OC",-0.00492757847780001,"W/m2"
"new",1806,"RF_OC",-0.00404207254543426,"W/m2"
"new",1807,"RF_OC",-0.00513059903213933,"W/m2"
"new",1808,"RF_OC",-0.00910716352354456,"W/m2"
"new",1809,"RF_OC",-0.00726595916645172,"W/m2"
"new",1810,"RF_OC",-0.0078456995228386,"W/m2"
"new",1811,"RF_OC",-0.0057311634576498,"W/m2"
"new",1812,"RF_OC",-0.00411252576442293,"W/m2"
"new",1813,"RF_OC",-0.00503072815606531,"W/m2"
"new",1814,"RF_OC",-0.00928102321320284,"W/m2"
"new",1815,"RF_OC",-0.00783363325251321,"W/m2"
"new",1816,"RF_OC",-0.00728046516244224,"W/m2"
"new",1817,"RF_OC",-0.0081045089858002,"W/m2"
"new",1818,"RF_OC",-0.0102828617626502,"W/m2"
"new",1819,"RF_OC",-0.00914314743527928,"W/m2"
"new",1820,"RF_OC",-0.0111016799205306,"W/m2"
"new",1821,"RF_OC",-0.01048646180376,"W/m2"
"new",1822,"RF_OC",-0.0101330394227978,"W/m2"
"new",1823,"RF_OC",-0.00849539980002835,"W/m2"
"new",1824,"RF_OC",-0.00815809982099272,"W/m2"
"new",1825,"RF_OC",-0.0103718347154022,"W/m2"
"new",1826,"RF_OC",-0.00922041378264299,"W/m2"
"new",1827,"RF_OC",-0.0104178100213551,"W/m2"
"new",1828,"RF_OC",-0.0148407762395224,"W/m2"
"new",1829,"RF_OC",-0.0130565854381488,"W/m2"
"new",1830,"RF_OC",-0.013868854052686,"W/m2"
"new",1831,"RF_OC",-0.0111341643588261,"W/m2"
"new",1832,"RF_OC",-0.0103217700416718,"W/m2"
"new",1833,"RF_OC",-0.0111990767273876,"W/m2"
"new",1834,"RF_OC",-0.0150509996965152,"W/m2"
"new",1835,"RF_OC",-0.0132919370194431,"W/m2"
"new",1836,"RF_OC",-0.0137703738576427,"W/m2"
"new",1837,"RF_OC",-0.0145979362115402,"W/m2"
"new",1838,"RF_OC",-0.0165128114351737,"W/m2"
"new",1839,"RF_OC",-0.0157020771192795,"W/m2"
"new",1840,"RF_OC",-0.0162059269316171,"W/m2"
"new",1841,"RF_OC",-0.0173806059809553,"W/m2"
"new",1842,"RF_OC",-0.0164559594694621,"W/m2"
"new",1843,"RF_OC",-0.0141404336876737,"W/m2"
"new",1844,"RF_OC",-0.013967248166533,"W/m2"
"new",1845,"RF_OC",-0.0167232967095719,"W/m2"
"new",1846,"RF_OC",-0.0155109664663593,"W/m2"
"new",1847,"RF_OC",-0.0179163294384332,"W/m2"
"new",1848,"RF_OC",-0.0214552514371055,"W/m2"
"new",1849,"RF_OC",-0.020084676207575,"W/m2"
"new",1850,"RF_OC",-0.0211328273628786,"W/m2"
"new",1851,"RF_OC",-0.0179458196130138,"W/m2"
"new",1852,"RF_OC",-0.0164188890320353,"W/m2"
"new",1853,"RF_OC",-0.0176510386140069,"W/m2"
"new",1854,"RF_OC",-0.022093845991606,"W/m2"
"new",1855,"RF_OC",-0.0199317851833197,"W/m2"
"new",1856,"RF_OC",-0.0197826256477916,"W/m2"
"new",1857,"RF_OC",-0.0220444465236128,"W/m2"
"new",1858,"RF_OC",-0.0233466050495853,"W/m2"
"new",1859,"RF_OC",-0.0232606506716728,"W/m2"
"new",1860,"RF_OC",-0.0238106032134394,"W/m2"
"new",1861,"RF_OC",-0.0232505090791746,"W/m2"
"new",1862,"RF_OC",-0.0231572359627414,"W/m2"
"new",1863,"RF_OC",-0.0209034592013891,"W/m2"
"new",1864,"RF_OC",-0.0209584335721283,"W/m2"
"new",1865,"RF_OC",-0.0246781486624117,"W/m2"
"new",1866,"RF_OC",-0.0231566698254118,"W/m2"
"new",1867,"RF_OC",-0.0254078316466149,"W/m2"
"new",1868,"RF_OC",-0.0288497568041671,"W/m2"
"new",1869,"RF_OC",-0.0262826754172418,"W/m2"
"new",1870,"RF_OC",-0.028716145578161,"W/m2"
"new",1871,"RF_OC",-0.0255237482535906,"W/m2"
"new",1872,"RF_OC",-0.0232520976610021,"W/m2"
"new",1873,"RF_OC",-0.0269693255011027,"W/m2"
"new",1874,"RF_OC",-0.029402263164409,"W/m2"
"new",1875,"RF_OC",-0.0258294000579951,"W/m2"
"new",1876,"RF_OC",-0.027426313437366,"W/m2"
"new",1877,"RF_OC",-0.0280071707638665,"W/m2"
"new",1878,"RF_OC",-0.0289195275133424,"W/m2"
"new",1879,"RF_OC",-0.030645917930503,"W/m2"
"new",1880,"RF_OC",-0.0296688312429754,"W/m2"
"new",1881,"RF_OC",-0.0296512798957712,"W/m2"
"new",1882,"RF_OC",-0.0285869237929372,"W/m2"
"new",1883,"RF_OC",-0.0257208038663937,"W/m2"
"new",1884,"RF_OC",-0.0276466846059634,"W/m2"
"new",1885,"RF_OC",-0.028890502588229,"W/m2"
"new",1886,"RF_OC",-0.0279712668389162,"W/m2"
"new",1887,"RF_OC",-0.0296193557618537,"W/m2"
"new",1888,"RF_OC",-0.0325885150041446,"W/m2"
"new",1889,"RF_OC",-0.0310229273996487,"W/m2"
"new",1890,"RF_OC",-0.0325062107717006,"W/m2"
"new",1891,"RF_OC",-0.0288116315038539,"W/m2"
"new",1892,"RF_OC",-0.0272077619511192,"W/m2"
"new",1893,"RF_OC",-0.0286797629000482,"W/m2"
"new",1894,"RF_OC",-0.032842385404142,"W/m2"
"new",1895,"RF_OC",-0.0308947563032689,"W/m2"
"new",1896,"RF_OC",-0.0286164480402751,"W/m2"
"new",1897,"RF_OC",-0.0311740292629986,"W/m2"
"new",1898,"RF_OC",-0.0306417709046028,"W/m2"
"new",1899,"RF_OC",-0.0329978891012285,"W/m2"
"new",1900,"RF_OC",-0.0322341520916016,"W/m2"
"new",1901,"RF_OC",-0.0305223087751467,"W/m2"
"new",1902,"RF_OC",-0.0296048913802332,"W/m2"
"new",1903,"RF_OC",-0.0275410653153878,"W/m2"
"new",1904,"RF_OC",-0.0314747707107405,"W/m2"
"new",1905,"RF_OC",-0.0320634808193517,"W/m2"
"new",1906,"RF_OC",-0.0312559411372268,"W/m2"
"new",1907,"RF_OC",-0.0347514618415575,"W/m2"
"new",1908,"RF_OC",-0.0359063975847775,"W/m2"
"new",1909,"RF_OC",-0.0344334511208462,"W/m2"
"new",1910,"RF_OC",-0.0376273402087443,"W/m2"
"new",1911,"RF_OC",-0.0339010210247213,"W/m2"
"new",1912,"RF_OC",-0.032024533933876,"W/m2"
"new",1913,"RF_OC",-0.0341995638779797,"W/m2"
"new",1914,"RF_OC",-0.0377440394067403,"W/m2"
"new",1915,"RF_OC",-0.0342957428557338,"W/m2"
"new",1916,"RF_OC",-0.0333841979698129,"W/m2"
"new",1917,"RF_OC",-0.0351194474945926,"W/m2"
"new",1918,"RF_OC",-0.0362495145294357,"W/m2"
"new",1919,"RF_OC",-0.0356541511918037,"W/m2"
"new",1920,"RF_OC",-0.0362252016565411,"W/m2"
"new",1921,"RF_OC",-0.0326885222042975,"W/m2"
"new",1922,"RF_OC",-0.0303997354335983,"W/m2"
"new",1923,"RF_OC",-0.0371031451900723,"W/m2"
"new",1924,"RF_OC",-0.0331104351728519,"W/m2"
"new",1925,"RF_OC",-0.0331821922489383,"W/m2"
"new",1926,"RF_OC",-0.0321823259936899,"W/m2"
"new",1927,"RF_OC",-0.0337473289010083,"W/m2"
"new",1928,"RF_OC",-0.0337452638647966,"W/m2"
"new",1929,"RF_OC",-0.0359555140669562,"W/m2"
"new",1930,"RF_OC",-0.0395580991068156,"W/m2"
"new",1931,"RF_OC",-0.0317674565898183,"W/m2"
"new",1932,"RF_OC",-0.0339219966256189,"W/m2"
"new",1933,"RF_OC",-0.0330828649756761,"W/m2"
"new",1934,"RF_OC",-0.0375166786108923,"W/m2"
"new",1935,"RF_OC",-0.0365610738056043,"W/m2"
"new",1936,"RF_OC",-0.0405660231568092,"W/m2"
"new",1937,"RF_OC",-0.0385099742212229,"W/m2"
"new",1938,"RF_OC",-0.0344491597262891,"W/m2"
"new",1939,"RF_OC",-0.0390946967840323,"W/m2"
"new",1940,"RF_OC",-0.0361135025060046,"W/m2"
"new",1941,"RF_OC",-0.0352942277113073,"W/m2"
"new",1942,"RF_OC",-0.0389007851900382,"W/m2"
"new",1943,"RF_OC",-0.0375574251040985,"W/m2"
"new",1944,"RF_OC",-0.0385265810358735,"W/m2"
"new",1945,"RF_OC",-0.0358435209265476,"W/m2"
"new",1946,"RF_OC",-0.0335135620772739,"W/m2"
"new",1947,"RF_OC",-0.0328698642903997,"W/m2"
"new",1948,"RF_OC",-0.035876353736684,"W/m2"
"new",1949,"RF_OC",-0.0385029770585657,"W/m2"
"new",1950,"RF_OC",-0.044959959953129,"W/m2"
"new",1951,"RF_OC",-0.0335048921430416,"W/m2"
"new",1952,"RF_OC",-0.0367190833078437,"W/m2"
"new",1953,"RF_OC",-0.0402112606891292,"W/m2"
"new",1954,"RF_OC",-0.0401269314494517,"W/m2"
"new",1955,"RF_OC",-0.0393540733135324,"W/m2"
"new",1956,"RF_OC",-0.045464139114013,"W/m2"
"new",1957,"RF_OC",-0.0512514152112539,"W/m2"
"new",1958,"RF_OC",-0.0402074705688751,"W/m2"
"new",1959,"RF_OC",-0.0382620850614181,"W/m2"
"new",1960,"RF_OC",-0.0372709166434932,"W/m2"
"new",1961,"RF_OC",-0.0458825523858431,"W/m2"
"new",1962,"RF_OC",-0.0407093925350957,"W/m2"
"new",1963,"RF_OC",-0.0539612529870962,"W/m2"
"new",1964,"RF_OC",-0.0396370005791096,"W/m2"
"new",1965,"RF_OC",-0.0413618041657953,"W/m2"
"new",1966,"RF_OC",-0.0394587620580681,"W/m2"
"new",1967,"RF_OC",-0.046266319430204,"W/m2"
"new",1968,"RF_OC",-0.0409394956985962,"W/m2"
"new",1969,"RF_OC",-0.0358912677198124,"W/m2"
"new",1970,"RF_OC",-0.0396415939587835,"W/m2"
"new",1971,"RF_OC",-0.0416560039159384,"W/m2"
"new",1972,"RF_OC",-0.0564495558900959,"W/m2"
"new",1973,"RF_OC",-0.0429532279338289,"W/m2"
"new",1974,"RF_OC",-0.043446861226581,"W/m2"
"new",1975,"RF_OC",-0.0400071701435168,"W/m2"
"new",1976,"RF_OC",-0.0480094791047167,"W/m2"
"new",1977,"RF_OC",-0.0477165538565403,"W/m2"
"new",1978,"RF_OC",-0.0513641998815928,"W/m2"
"new",1979,"RF_OC",-0.0522285934896716,"W/m2"
"new",1980,"RF_OC",-0.051738483681497,"W/m2"
"new",1981,"RF_OC",-0.0487226082879385,"W/m2"
"new",1982,"RF_OC",-0.0698331325635104,"W/m2"
"new",1983,"RF_OC",-0.0449216757778027,"W/m2"
"new",1984,"RF_OC",-0.0501541623555034,"W/m2"
"new",1985,"RF_OC",-0.0530820138102236,"W/m2"
"new",1986,"RF_OC",-0.0535699616960087,"W/m2"
"new",1987,"RF_OC",-0.0621488209763019,"W/m2"
"new",1988,"RF_OC",-0.061190822931967,"W/m2"
"new",1989,"RF_OC",-0.0557303942420772,"W/m2"
"new",1990,"RF_OC",-0.0613337720677212,"W/m2"
"new",1991,"RF_OC",-0.106362288654293,"W/m2"
"new",1992,"RF_OC",-0.0559896395890958,"W/m2"
"new",1993,"RF_OC",-0.0640773844091971,"W/m2"
"new",1994,"RF_OC",-0.0955161945926891,"W/m2"
"new",1995,"RF_OC",-0.0726861218212408,"W/m2"
"new",1996,"RF_OC",-0.0659109466525245,"W/m2"
"new",1997,"RF_OC",-0.127279401992984,"W/m2"
"new",1998,"RF_OC",-0.12329451416296,"W/m2"
"new",1999,"RF_OC",-0.0756774571384931,"W/m2"
"new",2000,"RF_OC",-0.0589207065562444,"W/m2"
"new",2001,"RF_OC",-0.0568320201837548,"W/m2"
"new",2002,"RF_OC",-0.0935297836245863,"W/m2"
"new",2003,"RF_OC",-0.0953063663870441,"W/m2"
"new",2004,"RF_OC",-0.0805413215844702,"W/m2"
"new",2005,"RF_OC",-0.0815311444311737,"W/m2"
"new",2006,"RF_OC",-0.0901982537256905,"W/m2"
"new",2007,"RF_OC",-0.0809995060209597,"W/m2"
"new",2008,"RF_OC",-0.0698481604742118,"W/m2"
"new",2009,"RF_OC",-0.0681342746936765,"W/m2"
"new",2010,"RF_OC",-0.0848858195721697,"W/m2"
"new",2011,"RF_OC",-0.0683367426651047,"W/m2"
"new",2012,"RF_OC",-0.087952279551089,"W/m2"
"new",2013,"RF_OC",-0.0698080896306584,"W/m2"
"new",2014,"RF_OC",-0.0880261200212915,"W/m2"
"new",2015,"RF_OC",-0.102496826181652,"W/m2"
"new",2016,"RF_OC",-0.0724807600682624,"W/m2"
"new",2017,"RF_OC",-0.0836462650802652,"W/m2"
"new",2018,"RF_OC",-0.0775188806943137,"W/m2"
"new",2019,"RF_OC",-0.115381527529025,"W/m2"
"new",2020,"RF_OC",-0.0859263746025442,"W/m2"
"new",2021,"RF_OC",-0.133236247588296,"W/m2"
"new",2022,"RF_OC",-0.0614076364718628,"W/m2"
"new",2023,"RF_OC",-0.0883313194016421,"W/m2"
"new",1745,"RF_NH3",0,"W/m2"
"new",1746,"RF_NH3",0,"W/m2"
"new",1747,"RF_NH3",0,"W/m2"
"new",1748,"RF_NH3",0,"W/m2"
"new",1749,"RF_NH3",0,"W/m2"
"new",1750,"RF_NH3",0,"W/m2"
"new",1751,"RF_NH3",0.000147002679711747,"W/m2"
"new",1752,"RF_NH3",0.000236211568176272,"W/m2"
"new",1753,"RF_NH3",0.000104865006495598,"W/m2"
"new",1754,"RF_NH3",-0.000180795961485646,"W/m2"
"new",1755,"RF_NH3",-2.59506160981745e-05,"W/m2"
"new",1756,"RF_NH3",2.16044727927162e-05,"W/m2"
"new",1757,"RF_NH3",-0.000245167493013421,"W/m2"
"new",1758,"RF_NH3",-0.000131130516073235,"W/m2"
"new",1759,"RF_NH3",-0.000237859699539666,"W/m2"
"new",1760,"RF_NH3",-0.000412489334634916,"W/m2"
"new",1761,"RF_NH3",-0.000309283136496035,"W/m2"
"new",1762,"RF_NH3",-0.000289174068012876,"W/m2"
"new",1763,"RF_NH3",-0.000277358311746525,"W/m2"
"new",1764,"RF_NH3",8.83897510463739e-05,"W/m2"
"new",1765,"RF_NH3",-0.000368782777913659,"W/m2"
"new",1766,"RF_NH3",-0.000203233929686858,"W/m2"
"new",1767,"RF_NH3",-0.000220762872658273,"W/m2"
"new",1768,"RF_NH3",-0.000601852027794766,"W/m2"
"new",1769,"RF_NH3",-0.00045852624800983,"W/m2"
"new",1770,"RF_NH3",-0.000452480881295167,"W/m2"
"new",1771,"RF_NH3",-0.000266292913910284,"W/m2"
"new",1772,"RF_NH3",-0.00021074305058579,"W/m2"
"new",1773,"RF_NH3",-0.000342743788186684,"W/m2"
"new",1774,"RF_NH3",-0.000865763497754342,"W/m2"
"new",1775,"RF_NH3",-0.00069830103022097,"W/m2"
"new",1776,"RF_NH3",-0.00068101600974207,"W/m2"
"new",1777,"RF_NH3",-0.000884439181983757,"W/m2"
"new",1778,"RF_NH3",-0.0010537504929558,"W/m2"
"new",1779,"RF_NH3",-0.00102002608377589,"W/m2"
"new",1780,"RF_NH3",-0.00134413882115984,"W/m2"
"new",1781,"RF_NH3",-0.00120552015223866,"W/m2"
"new",1782,"RF_NH3",-0.00123347233653526,"W/m2"
"new",1783,"RF_NH3",-0.00118139398266715,"W/m2"
"new",1784,"RF_NH3",-0.000932261850107842,"W/m2"
"new",1785,"RF_NH3",-0.00126790074672703,"W/m2"
"new",1786,"RF_NH3",-0.00116491326900478,"W/m2"
"new",1787,"RF_NH3",-0.00130086459940783,"W/m2"
"new",1788,"RF_NH3",-0.00167684484893435,"W/m2"
"new",1789,"RF_NH3",-0.00153014684235498,"W/m2"
"new",1790,"RF_NH3",-0.00156433472807778,"W/m2"
"new",1791,"RF_NH3",-0.00129629396716055,"W/m2"
"new",1792,"RF_NH3",-0.0011691086186619,"W/m2"
"new",1793,"RF_NH3",-0.00120690038266474,"W/m2"
"new",1794,"RF_NH3",-0.00166263539445853,"W/m2"
"new",1795,"RF_NH3",-0.00143320406031174,"W/m2"
"new",1796,"RF_NH3",-0.00133499761411425,"W/m2"
"new",1797,"RF_NH3",-0.00144902930220551,"W/m2"
"new",1798,"RF_NH3",-0.00152067245688561,"W/m2"
"new",1799,"RF_NH3",-0.00152510474426463,"W/m2"
"new",1800,"RF_NH3",-0.00166438634852882,"W/m2"
"new",1801,"RF_NH3",-0.0015762893676211,"W/m2"
"new",1802,"RF_NH3",-0.00170594034799122,"W/m2"
"new",1803,"RF_NH3",-0.00161187550685112,"W/m2"
"new",1804,"RF_NH3",-0.00153590149665843,"W/m2"
"new",1805,"RF_NH3",-0.00185075932984608,"W/m2"
"new",1806,"RF_NH3",-0.00186534428424274,"W/m2"
"new",1807,"RF_NH3",-0.00199661617995412,"W/m2"
"new",1808,"RF_NH3",-0.00239961579807294,"W/m2"
"new",1809,"RF_NH3",-0.00232620604944464,"W/m2"
"new",1810,"RF_NH3",-0.00241795998173576,"W/m2"
"new",1811,"RF_NH3",-0.00223993998972228,"W/m2"
"new",1812,"RF_NH3",-0.00210135987032913,"W/m2"
"new",1813,"RF_NH3",-0.00224133894204982,"W/m2"
"new",1814,"RF_NH3",-0.00271347251010945,"W/m2"
"new",1815,"RF_NH3",-0.0025432755942582,"W/m2"
"new",1816,"RF_NH3",-0.00255748905450724,"W/m2"
"new",1817,"RF_NH3",-0.00262161693046111,"W/m2"
"new",1818,"RF_NH3",-0.00280057113201349,"W/m2"
"new",1819,"RF_NH3",-0.0027862236114063,"W/m2"
"new",1820,"RF_NH3",-0.00302362370808109,"W/m2"
"new",1821,"RF_NH3",-0.00297438200036824,"W/m2"
"new",1822,"RF_NH3",-0.00307841457599248,"W/m2"
"new",1823,"RF_NH3",-0.00295857323834106,"W/m2"
"new",1824,"RF_NH3",-0.00295301056177785,"W/m2"
"new",1825,"RF_NH3",-0.00320493302035452,"W/m2"
"new",1826,"RF_NH3",-0.00321398998253552,"W/m2"
"new",1827,"RF_NH3",-0.0033408455000686,"W/m2"
"new",1828,"RF_NH3",-0.00379744124152677,"W/m2"
"new",1829,"RF_NH3",-0.003716892134284,"W/m2"
"new",1830,"RF_NH3",-0.00382057763546032,"W/m2"
"new",1831,"RF_NH3",-0.00362428336711684,"W/m2"
"new",1832,"RF_NH3",-0.00357462092652579,"W/m2"
"new",1833,"RF_NH3",-0.00373458276448746,"W/m2"
"new",1834,"RF_NH3",-0.0041782831682859,"W/m2"
"new",1835,"RF_NH3",-0.0040064408723688,"W/m2"
"new",1836,"RF_NH3",-0.00414257229391948,"W/m2"
"new",1837,"RF_NH3",-0.00420697411554335,"W/m2"
"new",1838,"RF_NH3",-0.00440334362955313,"W/m2"
"new",1839,"RF_NH3",-0.00443118462500565,"W/m2"
"new",1840,"RF_NH3",-0.0045763898780346,"W/m2"
"new",1841,"RF_NH3",-0.00465052453864716,"W/m2"
"new",1842,"RF_NH3",-0.00466827215670525,"W/m2"
"new",1843,"RF_NH3",-0.00449809611897375,"W/m2"
"new",1844,"RF_NH3",-0.00447529510566294,"W/m2"
"new",1845,"RF_NH3",-0.00474462864800429,"W/m2"
"new",1846,"RF_NH3",-0.00472528942753707,"W/m2"
"new",1847,"RF_NH3",-0.00493118479873448,"W/m2"
"new",1848,"RF_NH3",-0.00529148055064771,"W/m2"
"new",1849,"RF_NH3",-0.00521937339301095,"W/m2"
"new",1850,"RF_NH3",-0.00534212353418647,"W/m2"
"new",1851,"RF_NH3",-0.00506636357338345,"W/m2"
"new",1852,"RF_NH3",-0.00494439004075758,"W/m2"
"new",1853,"RF_NH3",-0.00508531527051007,"W/m2"
"new",1854,"RF_NH3",-0.00554210950272506,"W/m2"
"new",1855,"RF_NH3",-0.00531913376735657,"W/m2"
"new",1856,"RF_NH3",-0.00539895052748965,"W/m2"
"new",1857,"RF_NH3",-0.00553999736596533,"W/m2"
"new",1858,"RF_NH3",-0.00565272298186639,"W/m2"
"new",1859,"RF_NH3",-0.00573440067947126,"W/m2"
"new",1860,"RF_NH3",-0.00584039604440311,"W/m2"
"new",1861,"RF_NH3",-0.00579360738761646,"W/m2"
"new",1862,"RF_NH3",-0.00590360322797936,"W/m2"
"new",1863,"RF_NH3",-0.00574470048015693,"W/m2"
"new",1864,"RF_NH3",-0.00576102946743064,"W/m2"
"new",1865,"RF_NH3",-0.0061384895126707,"W/m2"
"new",1866,"RF_NH3",-0.00609401474102541,"W/m2"
"new",1867,"RF_NH3",-0.00634140842528641,"W/m2"
"new",1868,"RF_NH3",-0.00670813386402477,"W/m2"
"new",1869,"RF_NH3",-0.00655793426395584,"W/m2"
"new",1870,"RF_NH3",-0.00680422230605919,"W/m2"
"new",1871,"RF_NH3",-0.00662855951824924,"W/m2"
"new",1872,"RF_NH3",-0.00655230396125994,"W/m2"
"new",1873,"RF_NH3",-0.00703184966854677,"W/m2"
"new",1874,"RF_NH3",-0.00741043177867958,"W/m2"
"new",1875,"RF_NH3",-0.00719571970823712,"W/m2"
"new",1876,"RF_NH3",-0.00753286434800419,"W/m2"
"new",1877,"RF_NH3",-0.0076483265741847,"W/m2"
"new",1878,"RF_NH3",-0.00784357977229453,"W/m2"
"new",1879,"RF_NH3",-0.00821089042532579,"W/m2"
"new",1880,"RF_NH3",-0.00824922118076541,"W/m2"
"new",1881,"RF_NH3",-0.00836033051525583,"W/m2"
"new",1882,"RF_NH3",-0.00847950108069617,"W/m2"
"new",1883,"RF_NH3",-0.00836167425829082,"W/m2"
"new",1884,"RF_NH3",-0.00868413256083235,"W/m2"
"new",1885,"RF_NH3",-0.00895746960913516,"W/m2"
"new",1886,"RF_NH3",-0.00908711003549913,"W/m2"
"new",1887,"RF_NH3",-0.00938194739174834,"W/m2"
"new",1888,"RF_NH3",-0.00982037113095197,"W/m2"
"new",1889,"RF_NH3",-0.00986627976320711,"W/m2"
"new",1890,"RF_NH3",-0.0101554421274092,"W/m2"
"new",1891,"RF_NH3",-0.00999503255329281,"W/m2"
"new",1892,"RF_NH3",-0.010053315089362,"W/m2"
"new",1893,"RF_NH3",-0.0104123064985021,"W/m2"
"new",1894,"RF_NH3",-0.0109944877743777,"W/m2"
"new",1895,"RF_NH3",-0.0109907977049582,"W/m2"
"new",1896,"RF_NH3",-0.0110662034652527,"W/m2"
"new",1897,"RF_NH3",-0.0114025871331756,"W/m2"
"new",1898,"RF_NH3",-0.0115225312648433,"W/m2"
"new",1899,"RF_NH3",-0.0120270716927491,"W/m2"
"new",1900,"RF_NH3",-0.0121498984800858,"W/m2"
"new",1901,"RF_NH3",-0.0121687801584638,"W/m2"
"new",1902,"RF_NH3",-0.0123742066419153,"W/m2"
"new",1903,"RF_NH3",-0.0123940537569659,"W/m2"
"new",1904,"RF_NH3",-0.012993010600272,"W/m2"
"new",1905,"RF_NH3",-0.0132244292445641,"W/m2"
"new",1906,"RF_NH3",-0.0134188281669674,"W/m2"
"new",1907,"RF_NH3",-0.013941723744195,"W/m2"
"new",1908,"RF_NH3",-0.0143221025560848,"W/m2"
"new",1909,"RF_NH3",-0.0144140933245265,"W/m2"
"new",1910,"RF_NH3",-0.0149498224851542,"W/m2"
"new",1911,"RF_NH3",-0.0148276275303638,"W/m2"
"new",1912,"RF_NH3",-0.0148889631106422,"W/m2"
"new",1913,"RF_NH3",-0.0153211418300713,"W/m2"
"new",1914,"RF_NH3",-0.0159933532871054,"W/m2"
"new",1915,"RF_NH3",-0.0159589652239113,"W/m2"
"new",1916,"RF_NH3",-0.0161829439077927,"W/m2"
"new",1917,"RF_NH3",-0.0165065706704426,"W/m2"
"new",1918,"RF_NH3",-0.0169314216143173,"W/m2"
"new",1919,"RF_NH3",-0.0173726369385584,"W/m2"
"new",1920,"RF_NH3",-0.0176176348529239,"W/m2"
"new",1921,"RF_NH3",-0.017529645997194,"W/m2"
"new",1922,"RF_NH3",-0.0176380797628565,"W/m2"
"new",1923,"RF_NH3",-0.0184859779399727,"W/m2"
"new",1924,"RF_NH3",-0.0183447599680683,"W/m2"
"new",1925,"RF_NH3",-0.0192040414072853,"W/m2"
"new",1926,"RF_NH3",-0.0198037292246997,"W/m2"
"new",1927,"RF_NH3",-0.020378840583543,"W/m2"
"new",1928,"RF_NH3",-0.0207656516766417,"W/m2"
"new",1929,"RF_NH3",-0.0212853967103367,"W/m2"
"new",1930,"RF_NH3",-0.0217647302839274,"W/m2"
"new",1931,"RF_NH3",-0.021390536657678,"W/m2"
"new",1932,"RF_NH3",-0.0216382097784797,"W/m2"
"new",1933,"RF_NH3",-0.0217004705970866,"W/m2"
"new",1934,"RF_NH3",-0.0220690740186416,"W/m2"
"new",1935,"RF_NH3",-0.0220301828069115,"W/m2"
"new",1936,"RF_NH3",-0.0227391136046147,"W/m2"
"new",1937,"RF_NH3",-0.0229143894753832,"W/m2"
"new",1938,"RF_NH3",-0.0228691003704441,"W/m2"
"new",1939,"RF_NH3",-0.0234372979173675,"W/m2"
"new",1940,"RF_NH3",-0.0233274608939461,"W/m2"
"new",1941,"RF_NH3",-0.0235407722515864,"W/m2"
"new",1942,"RF_NH3",-0.0239015363900511,"W/m2"
"new",1943,"RF_NH3",-0.0239360578394365,"W/m2"
"new",1944,"RF_NH3",-0.0244199557086212,"W/m2"
"new",1945,"RF_NH3",-0.0245553143021093,"W/m2"
"new",1946,"RF_NH3",-0.0248563876373761,"W/m2"
"new",1947,"RF_NH3",-0.0253567328699212,"W/m2"
"new",1948,"RF_NH3",-0.0262372270220869,"W/m2"
"new",1949,"RF_NH3",-0.0273740440104179,"W/m2"
"new",1950,"RF_NH3",-0.0287961547912709,"W/m2"
"new",1951,"RF_NH3",-0.0290261674724386,"W/m2"
"new",1952,"RF_NH3",-0.0304939436177146,"W/m2"
"new",1953,"RF_NH3",-0.0319829171246853,"W/m2"
"new",1954,"RF_NH3",-0.0329328821115535,"W/m2"
"new",1955,"RF_NH3",-0.0335606399205745,"W/m2"
"new",1956,"RF_NH3",-0.0348837288732723,"W/m2"
"new",1957,"RF_NH3",-0.0364293074922916,"W/m2"
"new",1958,"RF_NH3",-0.0367667771834747,"W/m2"
"new",1959,"RF_NH3",-0.0378567258695031,"W/m2"
"new",1960,"RF_NH3",-0.0386122746427678,"W/m2"
"new",1961,"RF_NH3",-0.0404323804634562,"W/m2"
"new",1962,"RF_NH3",-0.0415725334549823,"W/m2"
"new",1963,"RF_NH3",-0.0444961848148794,"W/m2"
"new",1964,"RF_NH3",-0.0444938178111896,"W/m2"
"new",1965,"RF_NH3",-0.0475905979704876,"W/m2"
"new",1966,"RF_NH3",-0.0510915748334717,"W/m2"
"new",1967,"RF_NH3",-0.0546500958949283,"W/m2"
"new",1968,"RF_NH3",-0.0574846834003992,"W/m2"
"new",1969,"RF_NH3",-0.0585047414235843,"W/m2"
"new",1970,"RF_NH3",-0.0647132519198344,"W/m2"
"new",1971,"RF_NH3",-0.0664754448458012,"W/m2"
"new",1972,"RF_NH3",-0.0690538648807039,"W/m2"
"new",1973,"RF_NH3",-0.0693705747594361,"W/m2"
"new",1974,"RF_NH3",-0.0707204575254131,"W/m2"
"new",1975,"RF_NH3",-0.0722493343165103,"W/m2"
"new",1976,"RF_NH3",-0.0742739743211965,"W/m2"
"new",1977,"RF_NH3",-0.0757266167052811,"W/m2"
"new",1978,"RF_NH3",-0.0778164463125387,"W/m2"
"new",1979,"RF_NH3",-0.0796844829594499,"W/m2"
"new",1980,"RF_NH3",-0.0811441736495929,"W/m2"
"new",1981,"RF_NH3",-0.0818846219347522,"W/m2"
"new",1982,"RF_NH3",-0.0841766605762233,"W/m2"
"new",1983,"RF_NH3",-0.0834521756119237,"W/m2"
"new",1984,"RF_NH3",-0.0855076772885426,"W/m2"
"new",1985,"RF_NH3",-0.086964873587542,"W/m2"
"new",1986,"RF_NH3",-0.0884895226452912,"W/m2"
"new",1987,"RF_NH3",-0.0905554172453707,"W/m2"
"new",1988,"RF_NH3",-0.0914295107899679,"W/m2"
"new",1989,"RF_NH3",-0.0924044590187511,"W/m2"
"new",1990,"RF_NH3",-0.0932339869577481,"W/m2"
"new",1991,"RF_NH3",-0.0970991485033747,"W/m2"
"new",1992,"RF_NH3",-0.0931725288203793,"W/m2"
"new",1993,"RF_NH3",-0.094280867810237,"W/m2"
"new",1994,"RF_NH3",-0.0979312859195082,"W/m2"
"new",1995,"RF_NH3",-0.0963008328011905,"W/m2"
"new",1996,"RF_NH3",-0.0966188848932006,"W/m2"
"new",1997,"RF_NH3",-0.102657391819429,"W/m2"
"new",1998,"RF_NH3",-0.103970018365786,"W/m2"
"new",1999,"RF_NH3",-0.100005885920514,"W/m2"
"new",2000,"RF_NH3",-0.0997605461357577,"W/m2"
"new",2001,"RF_NH3",-0.0992576208088344,"W/m2"
"new",2002,"RF_NH3",-0.103065786712475,"W/m2"
"new",2003,"RF_NH3",-0.10420743591965,"W/m2"
"new",2004,"RF_NH3",-0.104778091096342,"W/m2"
"new",2005,"RF_NH3",-0.106466273328954,"W/m2"
"new",2006,"RF_NH3",-0.109525782170755,"W/m2"
"new",2007,"RF_NH3",-0.111027801393021,"W/m2"
"new",2008,"RF_NH3",-0.111034327393233,"W/m2"
"new",2009,"RF_NH3",-0.111350447471362,"W/m2"
"new",2010,"RF_NH3",-0.114322888708773,"W/m2"
"new",2011,"RF_NH3",-0.114791617243643,"W/m2"
"new",2012,"RF_NH3",-0.118601711571288,"W/m2"
"new",2013,"RF_NH3",-0.118087995998117,"W/m2"
"new",2014,"RF_NH3",-0.120697702248531,"W/m2"
"new",2015,"RF_NH3",-0.122622570043139,"W/m2"
"new",2016,"RF_NH3",-0.121895766644192,"W/m2"
"new",2017,"RF_NH3",-0.122831027660293,"W/m2"
"new",2018,"RF_NH3",-0.124198047005883,"W/m2"
"new",2019,"RF_NH3",-0.127764676266697,"W/m2"
"new",2020,"RF_NH3",-0.127631493131487,"W/m2"
"new",2021,"RF_NH3",-0.13198235213351,"W/m2"
"new",2022,"RF_NH3",-0.128915327912567,"W/m2"
"new",2023,"RF_NH3",-0.132013440189723,"W/m2"
"new",1745,"RF_SO2",0,"W/m2"
"new",1746,"RF_SO2",0,"W/m2"
"new",1747,"RF_SO2",0,"W/m2"
"new",1748,"RF_SO2",0,"W/m2"
"new",1749,"RF_SO2",0,"W/m2"
"new",1750,"RF_SO2",0,"W/m2"
"new",1751,"RF_SO2",0.000127884297928376,"W/m2"
"new",1752,"RF_SO2",0.000176485129093375,"W/m2"
"new",1753,"RF_SO2",0.000131006593689703,"W/m2"
"new",1754,"RF_SO2",-5.55748230049065e-05,"W/m2"
"new",1755,"RF_SO2",1.97338296477976e-05,"W/m2"
"new",1756,"RF_SO2",0.000117355443731268,"W/m2"
"new",1757,"RF_SO2",-0.000207526132221409,"W/m2"
"new",1758,"RF_SO2",-0.000114804183629389,"W/m2"
"new",1759,"RF_SO2",-8.13394352996745e-05,"W/m2"
"new",1760,"RF_SO2",-0.000176566318732248,"W/m2"
"new",1761,"RF_SO2",-0.000212502606836746,"W/m2"
"new",1762,"RF_SO2",-5.70867399791678e-05,"W/m2"
"new",1763,"RF_SO2",-0.000101258799125682,"W/m2"
"new",1764,"RF_SO2",0.000140328830109341,"W/m2"
"new",1765,"RF_SO2",-0.000168620198651355,"W/m2"
"new",1766,"RF_SO2",-9.43492611941918e-05,"W/m2"
"new",1767,"RF_SO2",-0.000103110081323092,"W/m2"
"new",1768,"RF_SO2",-0.000458183479200423,"W/m2"
"new",1769,"RF_SO2",-0.000281795218063525,"W/m2"
"new",1770,"RF_SO2",-0.000289336613277534,"W/m2"
"new",1771,"RF_SO2",-0.000114786852064609,"W/m2"
"new",1772,"RF_SO2",-2.2486030063917e-05,"W/m2"
"new",1773,"RF_SO2",-4.42567627984593e-05,"W/m2"
"new",1774,"RF_SO2",-0.000387482635092381,"W/m2"
"new",1775,"RF_SO2",-0.000270951382897761,"W/m2"
"new",1776,"RF_SO2",-0.000160835297206901,"W/m2"
"new",1777,"RF_SO2",-0.000368452046509472,"W/m2"
"new",1778,"RF_SO2",-0.000517362026744791,"W/m2"
"new",1779,"RF_SO2",-0.00030983956232352,"W/m2"
"new",1780,"RF_SO2",-0.000471122369171552,"W/m2"
"new",1781,"RF_SO2",-0.000488688746858281,"W/m2"
"new",1782,"RF_SO2",-0.000366982328278505,"W/m2"
"new",1783,"RF_SO2",-0.000352589572638616,"W/m2"
"new",1784,"RF_SO2",-0.000221538662137543,"W/m2"
"new",1785,"RF_SO2",-0.000413368981643911,"W/m2"
"new",1786,"RF_SO2",-0.000394169934278444,"W/m2"
"new",1787,"RF_SO2",-0.000522240009744785,"W/m2"
"new",1788,"RF_SO2",-0.000850660761400664,"W/m2"
"new",1789,"RF_SO2",-0.000663294743311863,"W/m2"
"new",1790,"RF_SO2",-0.000698227802714224,"W/m2"
"new",1791,"RF_SO2",-0.000544200905105121,"W/m2"
"new",1792,"RF_SO2",-0.000514390526986139,"W/m2"
"new",1793,"RF_SO2",-0.000490088217907378,"W/m2"
"new",1794,"RF_SO2",-0.000838733164892559,"W/m2"
"new",1795,"RF_SO2",-0.000715565953029599,"W/m2"
"new",1796,"RF_SO2",-0.000558544847412799,"W/m2"
"new",1797,"RF_SO2",-0.000825754575105189,"W/m2"
"new",1798,"RF_SO2",-0.000990461964514555,"W/m2"
"new",1799,"RF_SO2",-0.000897470488667099,"W/m2"
"new",1800,"RF_SO2",-0.00103421687798737,"W/m2"
"new",1801,"RF_SO2",-0.00100142707441274,"W/m2"
"new",1802,"RF_SO2",-0.00108294978881632,"W/m2"
"new",1803,"RF_SO2",-0.000957991734558643,"W/m2"
"new",1804,"RF_SO2",-0.000994017431196021,"W/m2"
"new",1805,"RF_SO2",-0.00116063240109198,"W/m2"
"new",1806,"RF_SO2",-0.00118859118246956,"W/m2"
"new",1807,"RF_SO2",-0.0013114512867758,"W/m2"
"new",1808,"RF_SO2",-0.00160438187441547,"W/m2"
"new",1809,"RF_SO2",-0.00143605158816007,"W/m2"
"new",1810,"RF_SO2",-0.00149748643871794,"W/m2"
"new",1811,"RF_SO2",-0.00142015068630783,"W/m2"
"new",1812,"RF_SO2",-0.00135278567316257,"W/m2"
"new",1813,"RF_SO2",-0.00139429924435678,"W/m2"
"new",1814,"RF_SO2",-0.00175692718937133,"W/m2"
"new",1815,"RF_SO2",-0.00170515818614514,"W/m2"
"new",1816,"RF_SO2",-0.00173952876479659,"W/m2"
"new",1817,"RF_SO2",-0.00188999509376008,"W/m2"
"new",1818,"RF_SO2",-0.00212600956145587,"W/m2"
"new",1819,"RF_SO2",-0.00195067300001204,"W/m2"
"new",1820,"RF_SO2",-0.00209429412852487,"W/m2"
"new",1821,"RF_SO2",-0.00213684157046069,"W/m2"
"new",1822,"RF_SO2",-0.00208781019055507,"W/m2"
"new",1823,"RF_SO2",-0.00208372580237505,"W/m2"
"new",1824,"RF_SO2",-0.0021952760973575,"W/m2"
"new",1825,"RF_SO2",-0.00236535592098715,"W/m2"
"new",1826,"RF_SO2",-0.00232411180659405,"W/m2"
"new",1827,"RF_SO2",-0.00256559523921687,"W/m2"
"new",1828,"RF_SO2",-0.00294937296605732,"W/m2"
"new",1829,"RF_SO2",-0.00281398979394738,"W/m2"
"new",1830,"RF_SO2",-0.0035701976165543,"W/m2"
"new",1831,"RF_SO2",-0.00325514208108493,"W/m2"
"new",1832,"RF_SO2",-0.00326480997605161,"W/m2"
"new",1833,"RF_SO2",-0.00335735042383653,"W/m2"
"new",1834,"RF_SO2",-0.00369203561780899,"W/m2"
"new",1835,"RF_SO2",-0.00366580320350169,"W/m2"
"new",1836,"RF_SO2",-0.00413991260157388,"W/m2"
"new",1837,"RF_SO2",-0.00424697393922001,"W/m2"
"new",1838,"RF_SO2",-0.00456053405743017,"W/m2"
"new",1839,"RF_SO2",-0.00458511657830006,"W/m2"
"new",1840,"RF_SO2",-0.0047761029615731,"W/m2"
"new",1841,"RF_SO2",-0.00507497915181641,"W/m2"
"new",1842,"RF_SO2",-0.00516774087805964,"W/m2"
"new",1843,"RF_SO2",-0.00518884163595664,"W/m2"
"new",1844,"RF_SO2",-0.00557788051039144,"W/m2"
"new",1845,"RF_SO2",-0.00621046207880984,"W/m2"
"new",1846,"RF_SO2",-0.0061561567369635,"W/m2"
"new",1847,"RF_SO2",-0.00687032748127553,"W/m2"
"new",1848,"RF_SO2",-0.00741135832989217,"W/m2"
"new",1849,"RF_SO2",-0.00766358850523569,"W/m2"
"new",1850,"RF_SO2",-0.00777013591332346,"W/m2"
"new",1851,"RF_SO2",-0.00760632022649358,"W/m2"
"new",1852,"RF_SO2",-0.00774214037920385,"W/m2"
"new",1853,"RF_SO2",-0.00807889318506528,"W/m2"
"new",1854,"RF_SO2",-0.00954061888657451,"W/m2"
"new",1855,"RF_SO2",-0.0095239438860295,"W/m2"
"new",1856,"RF_SO2",-0.0100731401515418,"W/m2"
"new",1857,"RF_SO2",-0.0105012675499844,"W/m2"
"new",1858,"RF_SO2",-0.0108532974501001,"W/m2"
"new",1859,"RF_SO2",-0.0115621982976698,"W/m2"
"new",1860,"RF_SO2",-0.0125588908535661,"W/m2"
"new",1861,"RF_SO2",-0.0130949793273432,"W/m2"
"new",1862,"RF_SO2",-0.0131826096368519,"W/m2"
"new",1863,"RF_SO2",-0.0140038070264332,"W/m2"
"new",1864,"RF_SO2",-0.0151157515426759,"W/m2"
"new",1865,"RF_SO2",-0.0162307810594898,"W/m2"
"new",1866,"RF_SO2",-0.0166457612787482,"W/m2"
"new",1867,"RF_SO2",-0.018123003580399,"W/m2"
"new",1868,"RF_SO2",-0.0190274739443041,"W/m2"
"new",1869,"RF_SO2",-0.0200544333262131,"W/m2"
"new",1870,"RF_SO2",-0.0208335267009099,"W/m2"
"new",1871,"RF_SO2",-0.0222293130575286,"W/m2"
"new",1872,"RF_SO2",-0.0243727853350566,"W/m2"
"new",1873,"RF_SO2",-0.0263286546945052,"W/m2"
"new",1874,"RF_SO2",-0.0259355771747493,"W/m2"
"new",1875,"RF_SO2",-0.0274024606696271,"W/m2"
"new",1876,"RF_SO2",-0.0282174511896337,"W/m2"
"new",1877,"RF_SO2",-0.0292648211706869,"W/m2"
"new",1878,"RF_SO2",-0.0297398940605817,"W/m2"
"new",1879,"RF_SO2",-0.031942073143516,"W/m2"
"new",1880,"RF_SO2",-0.0355136910318903,"W/m2"
"new",1881,"RF_SO2",-0.0371022824025891,"W/m2"
"new",1882,"RF_SO2",-0.0390585837046919,"W/m2"
"new",1883,"RF_SO2",-0.041365866814265,"W/m2"
"new",1884,"RF_SO2",-0.0422624449610508,"W/m2"
"new",1885,"RF_SO2",-0.0426765557544624,"W/m2"
"new",1886,"RF_SO2",-0.0431310076423075,"W/m2"
"new",1887,"RF_SO2",-0.0451199672555591,"W/m2"
"new",1888,"RF_SO2",-0.0500198109561469,"W/m2"
"new",1889,"RF_SO2",-0.0500907723192669,"W/m2"
"new",1890,"RF_SO2",-0.054469937652581,"W/m2"
"new",1891,"RF_SO2",-0.0570331293585908,"W/m2"
"new",1892,"RF_SO2",-0.0581101659646407,"W/m2"
"new",1893,"RF_SO2",-0.0577027087170828,"W/m2"
"new",1894,"RF_SO2",-0.0602837320502126,"W/m2"
"new",1895,"RF_SO2",-0.0639083297409165,"W/m2"
"new",1896,"RF_SO2",-0.0661211257258066,"W/m2"
"new",1897,"RF_SO2",-0.0697653505282904,"W/m2"
"new",1898,"RF_SO2",-0.0739747940038875,"W/m2"
"new",1899,"RF_SO2",-0.0809828100390713,"W/m2"
"new",1900,"RF_SO2",-0.0852228140976571,"W/m2"
"new",1901,"RF_SO2",-0.0888048306128635,"W/m2"
"new",1902,"RF_SO2",-0.0915151860979692,"W/m2"
"new",1903,"RF_SO2",-0.0994213738121897,"W/m2"
"new",1904,"RF_SO2",-0.101432353366977,"W/m2"
"new",1905,"RF_SO2",-0.108202636146761,"W/m2"
"new",1906,"RF_SO2",-0.115196574815059,"W/m2"
"new",1907,"RF_SO2",-0.12762002475853,"W/m2"
"new",1908,"RF_SO2",-0.122349445691021,"W/m2"
"new",1909,"RF_SO2",-0.128645524830878,"W/m2"
"new",1910,"RF_SO2",-0.134970613871671,"W/m2"
"new",1911,"RF_SO2",-0.136118204635528,"W/m2"
"new",1912,"RF_SO2",-0.14102145405089,"W/m2"
"new",1913,"RF_SO2",-0.147309664372389,"W/m2"
"new",1914,"RF_SO2",-0.134340713023635,"W/m2"
"new",1915,"RF_SO2",-0.13372340416607,"W/m2"
"new",1916,"RF_SO2",-0.146081637950407,"W/m2"
"new",1917,"RF_SO2",-0.152669443863118,"W/m2"
"new",1918,"RF_SO2",-0.151004606227478,"W/m2"
"new",1919,"RF_SO2",-0.127838208543498,"W/m2"
"new",1920,"RF_SO2",-0.142743732784153,"W/m2"
"new",1921,"RF_SO2",-0.120674421500797,"W/m2"
"new",1922,"RF_SO2",-0.126679334103067,"W/m2"
"new",1923,"RF_SO2",-0.140118093318736,"W/m2"
"new",1924,"RF_SO2",-0.140191211826434,"W/m2"
"new",1925,"RF_SO2",-0.141467107708174,"W/m2"
"new",1926,"RF_SO2",-0.145442788273341,"W/m2"
"new",1927,"RF_SO2",-0.154422366076986,"W/m2"
"new",1928,"RF_SO2",-0.155250694811194,"W/m2"
"new",1929,"RF_SO2",-0.166436760017476,"W/m2"
"new",1930,"RF_SO2",-0.153388214207744,"W/m2"
"new",1931,"RF_SO2",-0.134478658204822,"W/m2"
"new",1932,"RF_SO2",-0.118443266282335,"W/m2"
"new",1933,"RF_SO2",-0.125591019139262,"W/m2"
"new",1934,"RF_SO2",-0.139420995780589,"W/m2"
"new",1935,"RF_SO2",-0.150885508395619,"W/m2"
"new",1936,"RF_SO2",-0.162454442266372,"W/m2"
"new",1937,"RF_SO2",-0.175426423542282,"W/m2"
"new",1938,"RF_SO2",-0.162505353119025,"W/m2"
"new",1939,"RF_SO2",-0.174149082648534,"W/m2"
"new",1940,"RF_SO2",-0.192713552458074,"W/m2"
"new",1941,"RF_SO2",-0.200502555802232,"W/m2"
"new",1942,"RF_SO2",-0.205187972674291,"W/m2"
"new",1943,"RF_SO2",-0.208319417402938,"W/m2"
"new",1944,"RF_SO2",-0.202337903331018,"W/m2"
"new",1945,"RF_SO2",-0.174004177211582,"W/m2"
"new",1946,"RF_SO2",-0.169607908802649,"W/m2"
"new",1947,"RF_SO2",-0.188043163006786,"W/m2"
"new",1948,"RF_SO2",-0.195815045811626,"W/m2"
"new",1949,"RF_SO2",-0.190663944250006,"W/m2"
"new",1950,"RF_SO2",-0.204546343354429,"W/m2"
"new",1951,"RF_SO2",-0.217198193022893,"W/m2"
"new",1952,"RF_SO2",-0.222180356497626,"W/m2"
"new",1953,"RF_SO2",-0.227609398919258,"W/m2"
"new",1954,"RF_SO2",-0.23367633502508,"W/m2"
"new",1955,"RF_SO2",-0.254343164396893,"W/m2"
"new",1956,"RF_SO2",-0.272787273157956,"W/m2"
"new",1957,"RF_SO2",-0.280583416182212,"W/m2"
"new",1958,"RF_SO2",-0.28657634893014,"W/m2"
"new",1959,"RF_SO2",-0.300748256804688,"W/m2"
"new",1960,"RF_SO2",-0.319138778437736,"W/m2"
"new",1961,"RF_SO2",-0.324501978850233,"W/m2"
"new",1962,"RF_SO2",-0.3349957546208,"W/m2"
"new",1963,"RF_SO2",-0.350111808693647,"W/m2"
"new",1964,"RF_SO2",-0.367906227172022,"W/m2"
"new",1965,"RF_SO2",-0.377699167121352,"W/m2"
"new",1966,"RF_SO2",-0.387418891860623,"W/m2"
"new",1967,"RF_SO2",-0.389634407134191,"W/m2"
"new",1968,"RF_SO2",-0.407204542557389,"W/m2"
"new",1969,"RF_SO2",-0.423892927018528,"W/m2"
"new",1970,"RF_SO2",-0.4519825922613,"W/m2"
"new",1971,"RF_SO2",-0.452395373084873,"W/m2"
"new",1972,"RF_SO2",-0.464973249489832,"W/m2"
"new",1973,"RF_SO2",-0.487252248126323,"W/m2"
"new",1974,"RF_SO2",-0.480963351868875,"W/m2"
"new",1975,"RF_SO2",-0.474755024942083,"W/m2"
"new",1976,"RF_SO2",-0.497287669272636,"W/m2"
"new",1977,"RF_SO2",-0.500974349701573,"W/m2"
"new",1978,"RF_SO2",-0.503717384619813,"W/m2"
"new",1979,"RF_SO2",-0.513912356274982,"W/m2"
"new",1980,"RF_SO2",-0.512337640387907,"W/m2"
"new",1981,"RF_SO2",-0.495134524130394,"W/m2"
"new",1982,"RF_SO2",-0.484377509801204,"W/m2"
"new",1983,"RF_SO2",-0.475671192785052,"W/m2"
"new",1984,"RF_SO2",-0.481256802374442,"W/m2"
"new",1985,"RF_SO2",-0.483212766972565,"W/m2"
"new",1986,"RF_SO2",-0.482096330475141,"W/m2"
"new",1987,"RF_SO2",-0.490923827882486,"W/m2"
"new",1988,"RF_SO2",-0.495030759645425,"W/m2"
"new",1989,"RF_SO2",-0.493510642137205,"W/m2"
"new",1990,"RF_SO2",-0.492974231554376,"W/m2"
"new",1991,"RF_SO2",-0.484419103910354,"W/m2"
"new",1992,"RF_SO2",-0.465097131307716,"W/m2"
"new",1993,"RF_SO2",-0.457226196774448,"W/m2"
"new",1994,"RF_SO2",-0.447700866522322,"W/m2"
"new",1995,"RF_SO2",-0.438031273723513,"W/m2"
"new",1996,"RF_SO2",-0.427001107077652,"W/m2"
"new",1997,"RF_SO2",-0.429314492099219,"W/m2"
"new",1998,"RF_SO2",-0.422640154960387,"W/m2"
"new",1999,"RF_SO2",-0.402863644045867,"W/m2"
"new",2000,"RF_SO2",-0.399982304565136,"W/m2"
"new",2001,"RF_SO2",-0.403111706846048,"W/m2"
"new",2002,"RF_SO2",-0.401196375025102,"W/m2"
"new",2003,"RF_SO2",-0.419345983787345,"W/m2"
"new",2004,"RF_SO2",-0.436982282877096,"W/m2"
"new",2005,"RF_SO2",-0.458338166816133,"W/m2"
"new",2006,"RF_SO2",-0.460495336211803,"W/m2"
"new",2007,"RF_SO2",-0.456877199126248,"W/m2"
"new",2008,"RF_SO2",-0.441222489598276,"W/m2"
"new",2009,"RF_SO2",-0.404275485141356,"W/m2"
"new",2010,"RF_SO2",-0.392669741617477,"W/m2"
"new",2011,"RF_SO2",-0.405093890219482,"W/m2"
"new",2012,"RF_SO2",-0.393043474780211,"W/m2"
"new",2013,"RF_SO2",-0.374318912383705,"W/m2"
"new",2014,"RF_SO2",-0.357757902590028,"W/m2"
"new",2015,"RF_SO2",-0.336391996770079,"W/m2"
"new",2016,"RF_SO2",-0.32158880008301,"W/m2"
"new",2017,"RF_SO2",-0.308557015390101,"W/m2"
"new",2018,"RF_SO2",-0.299493702922808,"W/m2"
"new",2019,"RF_SO2",-0.293721584160096,"W/m2"
"new",2020,"RF_SO2",-0.246143227314537,"W/m2"
"new",2021,"RF_SO2",-0.257185398292622,"W/m2"
"new",2022,"RF_SO2",-0.255062435206456,"W/m2"
"new",2023,"RF_SO2",-0.257939123912271,"W/m2"
"new",1745,"RF_aci",0,"W/m2"
"new",1746,"RF_aci",0,"W/m2"
"new",1747,"RF_aci",0,"W/m2"
"new",1748,"RF_aci",0,"W/m2"
"new",1749,"RF_aci",0,"W/m2"
"new",1750,"RF_aci",0,"W/m2"
"new",1751,"RF_aci",0.00520149552180227,"W/m2"
"new",1752,"RF_aci",0.00812632940533892,"W/m2"
"new",1753,"RF_aci",0.00525969707021012,"W/m2"
"new",1754,"RF_aci",-0.0022331474464693,"W/m2"
"new",1755,"RF_aci",0.00140115215294789,"W/m2"
"new",1756,"RF_aci",0.00494492232077576,"W/m2"
"new",1757,"RF_aci",-0.00605035908952539,"W/m2"
"new",1758,"RF_aci",-0.00209338804698272,"W/m2"
"new",1759,"RF_aci",-0.00304436475642017,"W/m2"
"new",1760,"RF_aci",-0.0077414514314495,"W/m2"
"new",1761,"RF_aci",-0.00580254675899206,"W/m2"
"new",1762,"RF_aci",-0.00199664109857489,"W/m2"
"new",1763,"RF_aci",-0.00223209374694289,"W/m2"
"new",1764,"RF_aci",0.00881089166746379,"W/m2"
"new",1765,"RF_aci",-0.00541807859527871,"W/m2"
"new",1766,"RF_aci",0.000548042153818984,"W/m2"
"new",1767,"RF_aci",-0.000276145868998434,"W/m2"
"new",1768,"RF_aci",-0.0138524343816412,"W/m2"
"new",1769,"RF_aci",-0.00700942162531609,"W/m2"
"new",1770,"RF_aci",-0.00722702709436301,"W/m2"
"new",1771,"RF_aci",0.00111801407447082,"W/m2"
"new",1772,"RF_aci",0.00514680060674749,"W/m2"
"new",1773,"RF_aci",0.00336593931316886,"W/m2"
"new",1774,"RF_aci",-0.0102031230480103,"W/m2"
"new",1775,"RF_aci",-0.00490801145409459,"W/m2"
"new",1776,"RF_aci",-0.000249746536169604,"W/m2"
"new",1777,"RF_aci",-0.00704004469990399,"W/m2"
"new",1778,"RF_aci",-0.0118147356218539,"W/m2"
"new",1779,"RF_aci",-0.00602614828699399,"W/m2"
"new",1780,"RF_aci",-0.0136111306220543,"W/m2"
"new",1781,"RF_aci",-0.0100181721850569,"W/m2"
"new",1782,"RF_aci",-0.00767934233865541,"W/m2"
"new",1783,"RF_aci",-0.00568637236364683,"W/m2"
"new",1784,"RF_aci",0.0013363730375674,"W/m2"
"new",1785,"RF_aci",-0.00837229363128694,"W/m2"
"new",1786,"RF_aci",-0.0036085029239678,"W/m2"
"new",1787,"RF_aci",-0.00863345508006069,"W/m2"
"new",1788,"RF_aci",-0.0215875456098833,"W/m2"
"new",1789,"RF_aci",-0.0144787068020756,"W/m2"
"new",1790,"RF_aci",-0.0157312560124072,"W/m2"
"new",1791,"RF_aci",-0.00704612895225537,"W/m2"
"new",1792,"RF_aci",-0.00392989637350044,"W/m2"
"new",1793,"RF_aci",-0.00435161504021164,"W/m2"
"new",1794,"RF_aci",-0.0181827503828285,"W/m2"
"new",1795,"RF_aci",-0.0129068819133537,"W/m2"
"new",1796,"RF_aci",-0.00737643746697153,"W/m2"
"new",1797,"RF_aci",-0.014448159973127,"W/m2"
"new",1798,"RF_aci",-0.0184776565049139,"W/m2"
"new",1799,"RF_aci",-0.0163337842515512,"W/m2"
"new",1800,"RF_aci",-0.0203848527937259,"W/m2"
"new",1801,"RF_aci",-0.0173967295599911,"W/m2"
"new",1802,"RF_aci",-0.0176206742364623,"W/m2"
"new",1803,"RF_aci",-0.0128256721813276,"W/m2"
"new",1804,"RF_aci",-0.0106275890319044,"W/m2"
"new",1805,"RF_aci",-0.0186645533639199,"W/m2"
"new",1806,"RF_aci",-0.016493577055493,"W/m2"
"new",1807,"RF_aci",-0.0200228138926368,"W/m2"
"new",1808,"RF_aci",-0.032635860939844,"W/m2"
"new",1809,"RF_aci",-0.0266060663058096,"W/m2"
"new",1810,"RF_aci",-0.028548792818897,"W/m2"
"new",1811,"RF_aci",-0.0222645086218251,"W/m2"
"new",1812,"RF_aci",-0.0173775790238941,"W/m2"
"new",1813,"RF_aci",-0.0200731388992223,"W/m2"
"new",1814,"RF_aci",-0.0333589341669906,"W/m2"
"new",1815,"RF_aci",-0.0293344198519473,"W/m2"
"new",1816,"RF_aci",-0.0275112428420874,"W/m2"
"new",1817,"RF_aci",-0.0306912277482144,"W/m2"
"new",1818,"RF_aci",-0.0377547536700856,"W/m2"
"new",1819,"RF_aci",-0.0338560468794873,"W/m2"
"new",1820,"RF_aci",-0.0397510104569305,"W/m2"
"new",1821,"RF_aci",-0.0384549397070605,"W/m2"
"new",1822,"RF_aci",-0.0369449603964663,"W/m2"
"new",1823,"RF_aci",-0.0322496069521625,"W/m2"
"new",1824,"RF_aci",-0.0321268150240064,"W/m2"
"new",1825,"RF_aci",-0.0386792990176139,"W/m2"
"new",1826,"RF_aci",-0.0355412339958654,"W/m2"
"new",1827,"RF_aci",-0.0397305888187939,"W/m2"
"new",1828,"RF_aci",-0.053673790479654,"W/m2"
"new",1829,"RF_aci",-0.0479945976188512,"W/m2"
"new",1830,"RF_aci",-0.0521023503019064,"W/m2"
"new",1831,"RF_aci",-0.0435326972870423,"W/m2"
"new",1832,"RF_aci",-0.041340568851571,"W/m2"
"new",1833,"RF_aci",-0.0440256888459327,"W/m2"
"new",1834,"RF_aci",-0.0560161680327033,"W/m2"
"new",1835,"RF_aci",-0.0512291577784522,"W/m2"
"new",1836,"RF_aci",-0.0534913432605107,"W/m2"
"new",1837,"RF_aci",-0.0566104207160557,"W/m2"
"new",1838,"RF_aci",-0.0630430624949565,"W/m2"
"new",1839,"RF_aci",-0.0605958308729599,"W/m2"
"new",1840,"RF_aci",-0.0622340570688006,"W/m2"
"new",1841,"RF_aci",-0.06684739893631,"W/m2"
"new",1842,"RF_aci",-0.0639669071301907,"W/m2"
"new",1843,"RF_aci",-0.0573008629595319,"W/m2"
"new",1844,"RF_aci",-0.05825829833401,"W/m2"
"new",1845,"RF_aci",-0.0673836716011433,"W/m2"
"new",1846,"RF_aci",-0.0641616592912153,"W/m2"
"new",1847,"RF_aci",-0.0728939988248289,"W/m2"
"new",1848,"RF_aci",-0.084328236103292,"W/m2"
"new",1849,"RF_aci",-0.0808889229638389,"W/m2"
"new",1850,"RF_aci",-0.0842728641536493,"W/m2"
"new",1851,"RF_aci",-0.0748909148221481,"W/m2"
"new",1852,"RF_aci",-0.0708935269443814,"W/m2"
"new",1853,"RF_aci",-0.0752594631065421,"W/m2"
"new",1854,"RF_aci",-0.0912614169287178,"W/m2"
"new",1855,"RF_aci",-0.0853695739948806,"W/m2"
"new",1856,"RF_aci",-0.0858275095293113,"W/m2"
"new",1857,"RF_aci",-0.0937933375184046,"W/m2"
"new",1858,"RF_aci",-0.0984168119298777,"W/m2"
"new",1859,"RF_aci",-0.0994883528072463,"W/m2"
"new",1860,"RF_aci",-0.102977314814267,"W/m2"
"new",1861,"RF_aci",-0.10296720690402,"W/m2"
"new",1862,"RF_aci",-0.102605128924509,"W/m2"
"new",1863,"RF_aci",-0.097875141327817,"W/m2"
"new",1864,"RF_aci",-0.1008749647638,"W/m2"
"new",1865,"RF_aci",-0.113666567244078,"W/m2"
"new",1866,"RF_aci",-0.110425369514873,"W/m2"
"new",1867,"RF_aci",-0.119992319237396,"W/m2"
"new",1868,"RF_aci",-0.131748462934826,"W/m2"
"new",1869,"RF_aci",-0.126491687402533,"W/m2"
"new",1870,"RF_aci",-0.135069566537664,"W/m2"
"new",1871,"RF_aci",-0.128968856643257,"W/m2"
"new",1872,"RF_aci",-0.126974054003385,"W/m2"
"new",1873,"RF_aci",-0.141465076593761,"W/m2"
"new",1874,"RF_aci",-0.147412870808002,"W/m2"
"new",1875,"RF_aci",-0.140447054175516,"W/m2"
"new",1876,"RF_aci",-0.146234046218835,"W/m2"
"new",1877,"RF_aci",-0.15034081357468,"W/m2"
"new",1878,"RF_aci",-0.153967763938141,"W/m2"
"new",1879,"RF_aci",-0.162977180045335,"W/m2"
"new",1880,"RF_aci",-0.167085557955566,"W/m2"
"new",1881,"RF_aci",-0.170646032503338,"W/m2"
"new",1882,"RF_aci",-0.171306705026351,"W/m2"
"new",1883,"RF_aci",-0.167895999383913,"W/m2"
"new",1884,"RF_aci",-0.175391029541173,"W/m2"
"new",1885,"RF_aci",-0.179396980866017,"W/m2"
"new",1886,"RF_aci",-0.178058430283994,"W/m2"
"new",1887,"RF_aci",-0.186578766998607,"W/m2"
"new",1888,"RF_aci",-0.204394423592564,"W/m2"
"new",1889,"RF_aci",-0.200170787861465,"W/m2"
"new",1890,"RF_aci",-0.212839535837608,"W/m2"
"new",1891,"RF_aci",-0.207803205024988,"W/m2"
"new",1892,"RF_aci",-0.205519806927619,"W/m2"
"new",1893,"RF_aci",-0.208680753499879,"W/m2"
"new",1894,"RF_aci",-0.224879126278424,"W/m2"
"new",1895,"RF_aci",-0.226921037746786,"W/m2"
"new",1896,"RF_aci",-0.224434799403353,"W/m2"
"new",1897,"RF_aci",-0.238787449754534,"W/m2"
"new",1898,"RF_aci",-0.245451626349686,"W/m2"
"new",1899,"RF_aci",-0.264689384674754,"W/m2"
"new",1900,"RF_aci",-0.270411761625558,"W/m2"
"new",1901,"RF_aci",-0.272942169194273,"W/m2"
"new",1902,"RF_aci",-0.275427793068055,"W/m2"
"new",1903,"RF_aci",-0.284728974506376,"W/m2"
"new",1904,"RF_aci",-0.298725126847447,"W/m2"
"new",1905,"RF_aci",-0.31295990081259,"W/m2"
"new",1906,"RF_aci",-0.323730093271953,"W/m2"
"new",1907,"RF_aci",-0.35552913725822,"W/m2"
"new",1908,"RF_aci",-0.348906888336325,"W/m2"
"new",1909,"RF_aci",-0.356566342319341,"W/m2"
"new",1910,"RF_aci",-0.376031366914466,"W/m2"
"new",1911,"RF_aci",-0.368867580343837,"W/m2"
"new",1912,"RF_aci",-0.37294286134438,"W/m2"
"new",1913,"RF_aci",-0.389946512715945,"W/m2"
"new",1914,"RF_aci",-0.375436843558977,"W/m2"
"new",1915,"RF_aci",-0.365897697653586,"W/m2"
"new",1916,"RF_aci",-0.385465860385779,"W/m2"
"new",1917,"RF_aci",-0.40208651794401,"W/m2"
"new",1918,"RF_aci",-0.401920719328413,"W/m2"
"new",1919,"RF_aci",-0.358549614567415,"W/m2"
"new",1920,"RF_aci",-0.387189723383205,"W/m2"
"new",1921,"RF_aci",-0.338740192338813,"W/m2"
"new",1922,"RF_aci",-0.343665659450912,"W/m2"
"new",1923,"RF_aci",-0.387136172244193,"W/m2"
"new",1924,"RF_aci",-0.376405301083494,"W/m2"
"new",1925,"RF_aci",-0.37922126469667,"W/m2"
"new",1926,"RF_aci",-0.383001734437655,"W/m2"
"new",1927,"RF_aci",-0.402912446118177,"W/m2"
"new",1928,"RF_aci",-0.403472266502846,"W/m2"
"new",1929,"RF_aci",-0.42801452132909,"W/m2"
"new",1930,"RF_aci",-0.41368466872986,"W/m2"
"new",1931,"RF_aci",-0.360161284634074,"W/m2"
"new",1932,"RF_aci",-0.337234184339354,"W/m2"
"new",1933,"RF_aci",-0.347393678671027,"W/m2"
"new",1934,"RF_aci",-0.383606786851217,"W/m2"
"new",1935,"RF_aci",-0.401039345135866,"W/m2"
"new",1936,"RF_aci",-0.431796672257751,"W/m2"
"new",1937,"RF_aci",-0.448625702943142,"W/m2"
"new",1938,"RF_aci",-0.415927002303019,"W/m2"
"new",1939,"RF_aci",-0.447644459047011,"W/m2"
"new",1940,"RF_aci",-0.471644959628707,"W/m2"
"new",1941,"RF_aci",-0.483080440083891,"W/m2"
"new",1942,"RF_aci",-0.499843745333743,"W/m2"
"new",1943,"RF_aci",-0.502307163049388,"W/m2"
"new",1944,"RF_aci",-0.494978188733175,"W/m2"
"new",1945,"RF_aci",-0.439728993121708,"W/m2"
"new",1946,"RF_aci",-0.426857589545205,"W/m2"
"new",1947,"RF_aci",-0.456262543307281,"W/m2"
"new",1948,"RF_aci",-0.477240678177789,"W/m2"
"new",1949,"RF_aci",-0.473478386636514,"W/m2"
"new",1950,"RF_aci",-0.512600133327684,"W/m2"
"new",1951,"RF_aci",-0.505393727492063,"W/m2"
"new",1952,"RF_aci",-0.520877825456467,"W/m2"
"new",1953,"RF_aci",-0.5379092450468,"W/m2"
"new",1954,"RF_aci",-0.547920566299622,"W/m2"
"new",1955,"RF_aci",-0.579528719654331,"W/m2"
"new",1956,"RF_aci",-0.62358586949338,"W/m2"
"new",1957,"RF_aci",-0.649545849872006,"W/m2"
"new",1958,"RF_aci",-0.63526847860717,"W/m2"
"new",1959,"RF_aci",-0.653595367643435,"W/m2"
"new",1960,"RF_aci",-0.680435000986215,"W/m2"
"new",1961,"RF_aci",-0.705744783504575,"W/m2"
"new",1962,"RF_aci",-0.71078268804259,"W/m2"
"new",1963,"RF_aci",-0.76118676569291,"W/m2"
"new",1964,"RF_aci",-0.756561503666863,"W/m2"
"new",1965,"RF_aci",-0.774045481896331,"W/m2"
"new",1966,"RF_aci",-0.784303230362599,"W/m2"
"new",1967,"RF_aci",-0.801830703831365,"W/m2"
"new",1968,"RF_aci",-0.816340130747189,"W/m2"
"new",1969,"RF_aci",-0.830420267296563,"W/m2"
"new",1970,"RF_aci",-0.877774877122809,"W/m2"
"new",1971,"RF_aci",-0.883693114333595,"W/m2"
"new",1972,"RF_aci",-0.93140223489796,"W/m2"
"new",1973,"RF_aci",-0.935812419725456,"W/m2"
"new",1974,"RF_aci",-0.929209330110996,"W/m2"
"new",1975,"RF_aci",-0.914861218702071,"W/m2"
"new",1976,"RF_aci",-0.962594697780446,"W/m2"
"new",1977,"RF_aci",-0.968647440853826,"W/m2"
"new",1978,"RF_aci",-0.981494890576937,"W/m2"
"new",1979,"RF_aci",-0.997050565817741,"W/m2"
"new",1980,"RF_aci",-0.992701362359243,"W/m2"
"new",1981,"RF_aci",-0.963583983059795,"W/m2"
"new",1982,"RF_aci",-0.990450289147422,"W/m2"
"new",1983,"RF_aci",-0.930856541618906,"W/m2"
"new",1984,"RF_aci",-0.950090357861853,"W/m2"
"new",1985,"RF_aci",-0.958935311462313,"W/m2"
"new",1986,"RF_aci",-0.959922785873792,"W/m2"
"new",1987,"RF_aci",-0.988871702580311,"W/m2"
"new",1988,"RF_aci",-0.994642370094806,"W/m2"
"new",1989,"RF_aci",-0.982493997991022,"W/m2"
"new",1990,"RF_aci",-0.992970413086169,"W/m2"
"new",1991,"RF_aci",-1.06633704215273,"W/m2"
"new",1992,"RF_aci",-0.945646974879506,"W/m2"
"new",1993,"RF_aci",-0.952144342957977,"W/m2"
"new",1994,"RF_aci",-1.00065385281728,"W/m2"
"new",1995,"RF_aci",-0.9473016469746,"W/m2"
"new",1996,"RF_aci",-0.917994293203086,"W/m2"
"new",1997,"RF_aci",-1.03713728798295,"W/m2"
"new",1998,"RF_aci",-1.02198188755326,"W/m2"
"new",1999,"RF_aci",-0.901689656694587,"W/m2"
"new",2000,"RF_aci",-0.862166447441284,"W/m2"
"new",2001,"RF_aci",-0.863087039774716,"W/m2"
"new",2002,"RF_aci",-0.932491689497453,"W/m2"
"new",2003,"RF_aci",-0.960521611585025,"W/m2"
"new",2004,"RF_aci",-0.959222530813894,"W/m2"
"new",2005,"RF_aci",-0.990935817949241,"W/m2"
"new",2006,"RF_aci",-1.00833200245973,"W/m2"
"new",2007,"RF_aci",-0.989188923520795,"W/m2"
"new",2008,"RF_aci",-0.946184424102633,"W/m2"
"new",2009,"RF_aci",-0.891369003567127,"W/m2"
"new",2010,"RF_aci",-0.911444535976133,"W/m2"
"new",2011,"RF_aci",-0.893286831585268,"W/m2"
"new",2012,"RF_aci",-0.915496844304284,"W/m2"
"new",2013,"RF_aci",-0.852641355665233,"W/m2"
"new",2014,"RF_aci",-0.865146688660813,"W/m2"
"new",2015,"RF_aci",-0.862710573743973,"W/m2"
"new",2016,"RF_aci",-0.779992745371746,"W/m2"
"new",2017,"RF_aci",-0.783948741216024,"W/m2"
"new",2018,"RF_aci",-0.756581794143641,"W/m2"
"new",2019,"RF_aci",-0.825316926245269,"W/m2"
"new",2020,"RF_aci",-0.694213794858365,"W/m2"
"new",2021,"RF_aci",-0.807732161164364,"W/m2"
"new",2022,"RF_aci",-0.654084367498457,"W/m2"
"new",2023,"RF_aci",-0.71686113918003,"W/m2"
"new",1745,"global_tas",0,"degC"
"new",1746,"global_tas",0,"degC"
"new",1747,"global_tas",0,"degC"
"new",1748,"global_tas",0,"degC"
"new",1749,"global_tas",0,"degC"
"new",1750,"global_tas",0,"degC"
"new",1751,"global_tas",0.0188756385549347,"degC"
"new",1752,"global_tas",0.0372696205105662,"degC"
"new",1753,"global_tas",0.0505011828567523,"degC"
"new",1754,"global_tas",0.0598076627465309,"degC"
"new",1755,"global_tas",0.0652450867411918,"degC"
"new",1756,"global_tas",0.04752458888316,"degC"
"new",1757,"global_tas",0.0425142998656776,"degC"
"new",1758,"global_tas",0.0502074882638337,"degC"
"new",1759,"global_tas",0.0602046887382288,"degC"
"new",1760,"global_tas",0.068587728111353,"degC"
"new",1761,"global_tas",0.0758787342566482,"degC"
"new",1762,"global_tas",-0.00676304436994267,"degC"
"new",1763,"global_tas",-0.0583946628237688,"degC"
"new",1764,"global_tas",-0.0487003554775545,"degC"
"new",1765,"global_tas",-0.0211690566418041,"degC"
"new",1766,"global_tas",-0.0275392936033743,"degC"
"new",1767,"global_tas",-0.0441428669447433,"degC"
"new",1768,"global_tas",-0.0329695688120058,"degC"
"new",1769,"global_tas",-0.00917423125144729,"degC"
"new",1770,"global_tas",0.000486701134842458,"degC"
"new",1771,"global_tas",0.0113290053433055,"degC"
"new",1772,"global_tas",0.0275082090342328,"degC"
"new",1773,"global_tas",0.0431739449944136,"degC"
"new",1774,"global_tas",0.0549971314071218,"degC"
"new",1775,"global_tas",0.0651011716546994,"degC"
"new",1776,"global_tas",0.0737515203856547,"degC"
"new",1777,"global_tas",0.080586334885915,"degC"
"new",1778,"global_tas",0.0859137868812129,"degC"
"new",1779,"global_tas",0.0908819555771373,"degC"
"new",1780,"global_tas",0.0945518431077406,"degC"
"new",1781,"global_tas",0.0983266425551592,"degC"
"new",1782,"global_tas",0.101885013577156,"degC"
"new",1783,"global_tas",-0.0706964111494353,"degC"
"new",1784,"global_tas",-0.418219365089076,"degC"
"new",1785,"global_tas",-0.499545281523404,"degC"
"new",1786,"global_tas",-0.433044435953399,"degC"
"new",1787,"global_tas",-0.338244396197419,"degC"
"new",1788,"global_tas",-0.250470795466736,"degC"
"new",1789,"global_tas",-0.179147654073408,"degC"
"new",1790,"global_tas",-0.124363266216046,"degC"
"new",1791,"global_tas",-0.0817798819830965,"degC"
"new",1792,"global_tas",-0.0483404257174782,"degC"
"new",1793,"global_tas",-0.0221131433307022,"degC"
"new",1794,"global_tas",-0.0023575134155016,"degC"
"new",1795,"global_tas",0.0143487862641168,"degC"
"new",1796,"global_tas",0.0160514221540254,"degC"
"new",1797,"global_tas",0.00624778984916529,"degC"
"new",1798,"global_tas",0.00808834920946726,"degC"
"new",1799,"global_tas",0.0208761450069767,"degC"
"new",1800,"global_tas",0.0352316113124182,"degC"
"new",1801,"global_tas",0.0485466905053937,"degC"
"new",1802,"global_tas",0.0596944337915138,"degC"
"new",1803,"global_tas",0.0695223588546581,"degC"
"new",1804,"global_tas",0.0785677917310555,"degC"
"new",1805,"global_tas",0.0855370536217337,"degC"
"new",1806,"global_tas",0.0919944977257316,"degC"
"new",1807,"global_tas",0.0976473772772999,"degC"
"new",1808,"global_tas",0.101808745238203,"degC"
"new",1809,"global_tas",-0.242584916287982,"degC"
"new",1810,"global_tas",-0.465844358312196,"degC"
"new",1811,"global_tas",-0.446480249073132,"degC"
"new",1812,"global_tas",-0.346320964158554,"degC"
"new",1813,"global_tas",-0.24907684167727,"degC"
"new",1814,"global_tas",-0.17268748741528,"degC"
"new",1815,"global_tas",-0.459225578645117,"degC"
"new",1816,"global_tas",-0.839296252888562,"degC"
"new",1817,"global_tas",-0.859477138592659,"degC"
"new",1818,"global_tas",-0.709600685186429,"degC"
"new",1819,"global_tas",-0.549845310447056,"degC"
"new",1820,"global_tas",-0.419568919368812,"degC"
"new",1821,"global_tas",-0.329137791819633,"degC"
"new",1822,"global_tas",-0.262777277331109,"degC"
"new",1823,"global_tas",-0.243986424539993,"degC"
"new",1824,"global_tas",-0.210275450776197,"degC"
"new",1825,"global_tas",-0.164191986768444,"degC"
"new",1826,"global_tas",-0.120082258483106,"degC"
"new",1827,"global_tas",-0.0829321982906438,"degC"
"new",1828,"global_tas",-0.0534060961825851,"degC"
"new",1829,"global_tas",-0.0285349005559311,"degC"
"new",1830,"global_tas",-0.00766707168003304,"degC"
"new",1831,"global_tas",-0.227515665423376,"degC"
"new",1832,"global_tas",-0.363738872877574,"degC"
"new",1833,"global_tas",-0.338314403418788,"degC"
"new",1834,"global_tas",-0.261675459366984,"degC"
"new",1835,"global_tas",-0.362026866347917,"degC"
"new",1836,"global_tas",-0.413587495921391,"degC"
"new",1837,"global_tas",-0.358489235028503,"degC"
"new",1838,"global_tas",-0.274579344433416,"degC"
"new",1839,"global_tas",-0.199208999020988,"degC"
"new",1840,"global_tas",-0.139081098072953,"degC"
"new",1841,"global_tas",-0.0919325542012574,"degC"
"new",1842,"global_tas",-0.0544470696964526,"degC"
"new",1843,"global_tas",-0.0234237436044668,"degC"
"new",1844,"global_tas",0.00267738980635576,"degC"
"new",1845,"global_tas",0.0238373274209994,"degC"
"new",1846,"global_tas",0.0245725020405042,"degC"
"new",1847,"global_tas",0.0289406969467316,"degC"
"new",1848,"global_tas",0.0427926060662365,"degC"
"new",1849,"global_tas",0.05972263208384,"degC"
"new",1850,"global_tas",0.0754442730284444,"degC"
"new",1851,"global_tas",0.0902990004658844,"degC"
"new",1852,"global_tas",0.103418032312694,"degC"
"new",1853,"global_tas",0.0986253017532271,"degC"
"new",1854,"global_tas",0.0892349478258576,"degC"
"new",1855,"global_tas",0.096731420035084,"degC"
"new",1856,"global_tas",0.107373721280308,"degC"
"new",1857,"global_tas",0.0998221446150079,"degC"
"new",1858,"global_tas",0.10471794870767,"degC"
"new",1859,"global_tas",0.118972807523047,"degC"
"new",1860,"global_tas",0.133761459531146,"degC"
"new",1861,"global_tas",0.140594947934382,"degC"
"new",1862,"global_tas",0.072990548447511,"degC"
"new",1863,"global_tas",0.0456131543407246,"degC"
"new",1864,"global_tas",0.0643849529899587,"degC"
"new",1865,"global_tas",0.0931931129582522,"degC"
"new",1866,"global_tas",0.119530494023014,"degC"
"new",1867,"global_tas",0.140362665217553,"degC"
"new",1868,"global_tas",0.156133236323906,"degC"
"new",1869,"global_tas",0.169332638265304,"degC"
"new",1870,"global_tas",0.179842900138463,"degC"
"new",1871,"global_tas",0.18945394978534,"degC"
"new",1872,"global_tas",0.198015933618616,"degC"
"new",1873,"global_tas",0.184323526701051,"degC"
"new",1874,"global_tas",0.182087563288751,"degC"
"new",1875,"global_tas",0.186659794144586,"degC"
"new",1876,"global_tas",0.191702962297399,"degC"
"new",1877,"global_tas",0.200062323078799,"degC"
"new",1878,"global_tas",0.209106130771789,"degC"
"new",1879,"global_tas",0.216206711457525,"degC"
"new",1880,"global_tas",0.218002598158825,"degC"
"new",1881,"global_tas",0.219022522699669,"degC"
"new",1882,"global_tas",0.224316158164445,"degC"
"new",1883,"global_tas",0.179921229565444,"degC"
"new",1884,"global_tas",-0.00919077060425792,"degC"
"new",1885,"global_tas",-0.0633695857676872,"degC"
"new",1886,"global_tas",-0.0225171183970322,"degC"
"new",1887,"global_tas",0.0203055978806188,"degC"
"new",1888,"global_tas",0.0638382042867002,"degC"
"new",1889,"global_tas",0.103446323794243,"degC"
"new",1890,"global_tas",0.121161146733941,"degC"
"new",1891,"global_tas",0.115840637656462,"degC"
"new",1892,"global_tas",0.127842884470346,"degC"
"new",1893,"global_tas",0.152509968076001,"degC"
"new",1894,"global_tas",0.172984782248713,"degC"
"new",1895,"global_tas",0.18894772970319,"degC"
"new",1896,"global_tas",0.202080201363076,"degC"
"new",1897,"global_tas",0.212263532247153,"degC"
"new",1898,"global_tas",0.220441302666101,"degC"
"new",1899,"global_tas",0.225559589307931,"degC"
"new",1900,"global_tas",0.229607391870424,"degC"
"new",1901,"global_tas",0.233814045853226,"degC"
"new",1902,"global_tas",0.227942124629907,"degC"
"new",1903,"global_tas",0.143179044928797,"degC"
"new",1904,"global_tas",0.107991024416616,"degC"
"new",1905,"global_tas",0.125329862649723,"degC"
"new",1906,"global_tas",0.152740632726895,"degC"
"new",1907,"global_tas",0.15967831919416,"degC"
"new",1908,"global_tas",0.169557413422984,"degC"
"new",1909,"global_tas",0.18523683700606,"degC"
"new",1910,"global_tas",0.197107523931752,"degC"
"new",1911,"global_tas",0.207608886708965,"degC"
"new",1912,"global_tas",0.173452350823698,"degC"
"new",1913,"global_tas",0.133076398873366,"degC"
"new",1914,"global_tas",0.13822477559064,"degC"
"new",1915,"global_tas",0.165382519247604,"degC"
"new",1916,"global_tas",0.188282136852845,"degC"
"new",1917,"global_tas",0.20430551176319,"degC"
"new",1918,"global_tas",0.217285182436194,"degC"
"new",1919,"global_tas",0.233601182513799,"degC"
"new",1920,"global_tas",0.245020968122695,"degC"
"new",1921,"global_tas",0.260478768624014,"degC"
"new",1922,"global_tas",0.264102892250764,"degC"
"new",1923,"global_tas",0.265868550397588,"degC"
"new",1924,"global_tas",0.276355872893957,"degC"
"new",1925,"global_tas",0.28722047127877,"degC"
"new",1926,"global_tas",0.295850726752187,"degC"
"new",1927,"global_tas",0.30149835431295,"degC"
"new",1928,"global_tas",0.304070935548113,"degC"
"new",1929,"global_tas",0.288771928577838,"degC"
"new",1930,"global_tas",0.294236190312472,"degC"
"new",1931,"global_tas",0.310412711687649,"degC"
"new",1932,"global_tas",0.313920860891059,"degC"
"new",1933,"global_tas",0.32420116195633,"degC"
"new",1934,"global_tas",0.334799929680461,"degC"
"new",1935,"global_tas",0.341418154950249,"degC"
"new",1936,"global_tas",0.344301524270525,"degC"
"new",1937,"global_tas",0.344933810708028,"degC"
"new",1938,"global_tas",0.350224669993645,"degC"
"new",1939,"global_tas",0.353011941858182,"degC"
"new",1940,"global_tas",0.352228703758676,"degC"
"new",1941,"global_tas",0.351297338773318,"degC"
"new",1942,"global_tas",0.350381335678275,"degC"
"new",1943,"global_tas",0.351004024507392,"degC"
"new",1944,"global_tas",0.354814593051084,"degC"
"new",1945,"global_tas",0.36669739743955,"degC"
"new",1946,"global_tas",0.380189016884096,"degC"
"new",1947,"global_tas",0.388128634061449,"degC"
"new",1948,"global_tas",0.393129722980123,"degC"
"new",1949,"global_tas",0.398272622187813,"degC"
"new",1950,"global_tas",0.399953198869299,"degC"
"new",1951,"global_tas",0.401466220691224,"degC"
"new",1952,"global_tas",0.402687627147019,"degC"
"new",1953,"global_tas",0.40358335049714,"degC"
"new",1954,"global_tas",0.405110343175045,"degC"
"new",1955,"global_tas",0.404516836063823,"degC"
"new",1956,"global_tas",0.401310596345904,"degC"
"new",1957,"global_tas",0.39838687661395,"degC"
"new",1958,"global_tas",0.39945995072941,"degC"
"new",1959,"global_tas",0.400391610091102,"degC"
"new",1960,"global_tas",0.400070239661769,"degC"
"new",1961,"global_tas",0.398505013916542,"degC"
"new",1962,"global_tas",0.383578772887764,"degC"
"new",1963,"global_tas",0.294635939467337,"degC"
"new",1964,"global_tas",0.224428887308704,"degC"
"new",1965,"global_tas",0.2080600951021,"degC"
"new",1966,"global_tas",0.242545652621906,"degC"
"new",1967,"global_tas",0.256743136826349,"degC"
"new",1968,"global_tas",0.269574683165276,"degC"
"new",1969,"global_tas",0.288900673180215,"degC"
"new",1970,"global_tas",0.302147838735136,"degC"
"new",1971,"global_tas",0.304508615618227,"degC"
"new",1972,"global_tas",0.312643020062572,"degC"
"new",1973,"global_tas",0.333246056230156,"degC"
"new",1974,"global_tas",0.351680857850998,"degC"
"new",1975,"global_tas",0.341261695896562,"degC"
"new",1976,"global_tas",0.352224539302454,"degC"
"new",1977,"global_tas",0.378838995459158,"degC"
"new",1978,"global_tas",0.407521418809095,"degC"
"new",1979,"global_tas",0.432039749064056,"degC"
"new",1980,"global_tas",0.450929836431844,"degC"
"new",1981,"global_tas",0.469907807999748,"degC"
"new",1982,"global_tas",0.465668119743019,"degC"
"new",1983,"global_tas",0.417583310206336,"degC"
"new",1984,"global_tas",0.421256097443958,"degC"
"new",1985,"global_tas",0.459704116004986,"degC"
"new",1986,"global_tas",0.499035205758833,"degC"
"new",1987,"global_tas",0.536760329235321,"degC"
"new",1988,"global_tas",0.576398865565684,"degC"
"new",1989,"global_tas",0.617091604682045,"degC"
"new",1990,"global_tas",0.653002639997848,"degC"
"new",1991,"global_tas",0.625125802036875,"degC"
"new",1992,"global_tas",0.485677963571812,"degC"
"new",1993,"global_tas",0.451080902498361,"degC"
"new",1994,"global_tas",0.518033560842245,"degC"
"new",1995,"global_tas",0.607081896107086,"degC"
"new",1996,"global_tas",0.687848753463674,"degC"
"new",1997,"global_tas",0.743343515831881,"degC"
"new",1998,"global_tas",0.790028942896773,"degC"
"new",1999,"global_tas",0.843439225325144,"degC"
"new",2000,"global_tas",0.894534410946553,"degC"
"new",2001,"global_tas",0.938661204928102,"degC"
"new",2002,"global_tas",0.970663149706803,"degC"
"new",2003,"global_tas",0.994314607415347,"degC"
"new",2004,"global_tas",1.02016737387446,"degC"
"new",2005,"global_tas",1.04069772463715,"degC"
"new",2006,"global_tas",1.0558016492559,"degC"
"new",2007,"global_tas",1.07705044231464,"degC"
"new",2008,"global_tas",1.1067216300345,"degC"
"new",2009,"global_tas",1.14060605725597,"degC"
"new",2010,"global_tas",1.17673741200603,"degC"
"new",2011,"global_tas",1.20835819103524,"degC"
"new",2012,"global_tas",1.2395764506094,"degC"
"new",2013,"global_tas",1.27926735253837,"degC"
"new",2014,"global_tas",1.31584921116669,"degC"
"new",2015,"global_tas",1.35001911703794,"degC"
"new",2016,"global_tas",1.3902950467819,"degC"
"new",2017,"global_tas",1.42795619443207,"degC"
"new",2018,"global_tas",1.46440546836287,"degC"
"new",2019,"global_tas",1.49049218531196,"degC"
"new",2020,"global_tas",1.52997772742492,"degC"
"new",2021,"global_tas",1.55491810792154,"degC"
"new",2022,"global_tas",1.5941632315821,"degC"
"new",2023,"global_tas",1.62873086114002,"degC"
"new",1745,"RF_O3_trop",0,"W/m2"
"new",1746,"RF_O3_trop",0,"W/m2"
"new",1747,"RF_O3_trop",0,"W/m2"
"new",1748,"RF_O3_trop",0,"W/m2"
"new",1749,"RF_O3_trop",0,"W/m2"
"new",1750,"RF_O3_trop",0,"W/m2"
"new",1751,"RF_O3_trop",-0.000336759652892482,"W/m2"
"new",1752,"RF_O3_trop",-0.000129846648766474,"W/m2"
"new",1753,"RF_O3_trop",2.51609637822447e-05,"W/m2"
"new",1754,"RF_O3_trop",0.000780664939203257,"W/m2"
"new",1755,"RF_O3_trop",0.00101382267313199,"W/m2"
"new",1756,"RF_O3_trop",-0.000161999690786452,"W/m2"
"new",1757,"RF_O3_trop",0.00257334496817019,"W/m2"
"new",1758,"RF_O3_trop",0.00214934619969642,"W/m2"
"new",1759,"RF_O3_trop",0.00181837395338236,"W/m2"
"new",1760,"RF_O3_trop",0.00221222423735168,"W/m2"
"new",1761,"RF_O3_trop",0.00307691464176219,"W/m2"
"new",1762,"RF_O3_trop",0.00176939868125214,"W/m2"
"new",1763,"RF_O3_trop",0.00226642851852588,"W/m2"
"new",1764,"RF_O3_trop",0.00165246935736674,"W/m2"
"new",1765,"RF_O3_trop",0.00295772188358723,"W/m2"
"new",1766,"RF_O3_trop",0.00282667456916608,"W/m2"
"new",1767,"RF_O3_trop",0.00288721874561015,"W/m2"
"new",1768,"RF_O3_trop",0.00527282663789874,"W/m2"
"new",1769,"RF_O3_trop",0.00390107104825743,"W/m2"
"new",1770,"RF_O3_trop",0.00420421894596279,"W/m2"
"new",1771,"RF_O3_trop",0.00315706851527753,"W/m2"
"new",1772,"RF_O3_trop",0.00286594497372361,"W/m2"
"new",1773,"RF_O3_trop",0.00304115586166231,"W/m2"
"new",1774,"RF_O3_trop",0.00482326905757557,"W/m2"
"new",1775,"RF_O3_trop",0.00486707623155436,"W/m2"
"new",1776,"RF_O3_trop",0.00339196918528417,"W/m2"
"new",1777,"RF_O3_trop",0.00540093057903657,"W/m2"
"new",1778,"RF_O3_trop",0.00652796615914775,"W/m2"
"new",1779,"RF_O3_trop",0.00504115205292566,"W/m2"
"new",1780,"RF_O3_trop",0.00578628746709753,"W/m2"
"new",1781,"RF_O3_trop",0.00634978429696464,"W/m2"
"new",1782,"RF_O3_trop",0.00527140028022499,"W/m2"
"new",1783,"RF_O3_trop",0.00533830708774286,"W/m2"
"new",1784,"RF_O3_trop",0.00549842577272952,"W/m2"
"new",1785,"RF_O3_trop",0.00592853676096894,"W/m2"
"new",1786,"RF_O3_trop",0.00584036438657742,"W/m2"
"new",1787,"RF_O3_trop",0.00672648315585778,"W/m2"
"new",1788,"RF_O3_trop",0.00894383562427548,"W/m2"
"new",1789,"RF_O3_trop",0.00743705049177046,"W/m2"
"new",1790,"RF_O3_trop",0.00784112912776758,"W/m2"
"new",1791,"RF_O3_trop",0.006606059285581,"W/m2"
"new",1792,"RF_O3_trop",0.00656458041990082,"W/m2"
"new",1793,"RF_O3_trop",0.00618109059060723,"W/m2"
"new",1794,"RF_O3_trop",0.00813890923563143,"W/m2"
"new",1795,"RF_O3_trop",0.00816540394710863,"W/m2"
"new",1796,"RF_O3_trop",0.00645201902073289,"W/m2"
"new",1797,"RF_O3_trop",0.00883372198047505,"W/m2"
"new",1798,"RF_O3_trop",0.00989926268971209,"W/m2"
"new",1799,"RF_O3_trop",0.00866473701540493,"W/m2"
"new",1800,"RF_O3_trop",0.00890436135171302,"W/m2"
"new",1801,"RF_O3_trop",0.00945608962494493,"W/m2"
"new",1802,"RF_O3_trop",0.0086505093012732,"W/m2"
"new",1803,"RF_O3_trop",0.00816964578371704,"W/m2"
"new",1804,"RF_O3_trop",0.00925249699159836,"W/m2"
"new",1805,"RF_O3_trop",0.00964832877268429,"W/m2"
"new",1806,"RF_O3_trop",0.0101782944643574,"W/m2"
"new",1807,"RF_O3_trop",0.010889170121676,"W/m2"
"new",1808,"RF_O3_trop",0.0134344872601131,"W/m2"
"new",1809,"RF_O3_trop",0.0121849817103643,"W/m2"
"new",1810,"RF_O3_trop",0.0127963079834421,"W/m2"
"new",1811,"RF_O3_trop",0.0123112138617651,"W/m2"
"new",1812,"RF_O3_trop",0.0118904673163382,"W/m2"
"new",1813,"RF_O3_trop",0.0120708020965203,"W/m2"
"new",1814,"RF_O3_trop",0.0141972259162368,"W/m2"
"new",1815,"RF_O3_trop",0.0146609040406089,"W/m2"
"new",1816,"RF_O3_trop",0.0138921434199748,"W/m2"
"new",1817,"RF_O3_trop",0.0155774857359401,"W/m2"
"new",1818,"RF_O3_trop",0.0175391300366297,"W/m2"
"new",1819,"RF_O3_trop",0.016371511220322,"W/m2"
"new",1820,"RF_O3_trop",0.0170644550394587,"W/m2"
"new",1821,"RF_O3_trop",0.0180926558102696,"W/m2"
"new",1822,"RF_O3_trop",0.0168814744210648,"W/m2"
"new",1823,"RF_O3_trop",0.0166697667500111,"W/m2"
"new",1824,"RF_O3_trop",0.0180214095846505,"W/m2"
"new",1825,"RF_O3_trop",0.0182197742046952,"W/m2"
"new",1826,"RF_O3_trop",0.0183016567047916,"W/m2"
"new",1827,"RF_O3_trop",0.0191870972753185,"W/m2"
"new",1828,"RF_O3_trop",0.0216144065468429,"W/m2"
"new",1829,"RF_O3_trop",0.0204151972289144,"W/m2"
"new",1830,"RF_O3_trop",0.0210863463555511,"W/m2"
"new",1831,"RF_O3_trop",0.0199675574840994,"W/m2"
"new",1832,"RF_O3_trop",0.0200153030057055,"W/m2"
"new",1833,"RF_O3_trop",0.0199909961048761,"W/m2"
"new",1834,"RF_O3_trop",0.0217129422876909,"W/m2"
"new",1835,"RF_O3_trop",0.0217831873643586,"W/m2"
"new",1836,"RF_O3_trop",0.0213694225778607,"W/m2"
"new",1837,"RF_O3_trop",0.0228743986048283,"W/m2"
"new",1838,"RF_O3_trop",0.0243132104555945,"W/m2"
"new",1839,"RF_O3_trop",0.023113938586615,"W/m2"
"new",1840,"RF_O3_trop",0.0223260623145554,"W/m2"
"new",1841,"RF_O3_trop",0.0241877091657374,"W/m2"
"new",1842,"RF_O3_trop",0.0227220704867808,"W/m2"
"new",1843,"RF_O3_trop",0.0216804243583615,"W/m2"
"new",1844,"RF_O3_trop",0.0231174750370584,"W/m2"
"new",1845,"RF_O3_trop",0.0238424238309183,"W/m2"
"new",1846,"RF_O3_trop",0.0239173424497761,"W/m2"
"new",1847,"RF_O3_trop",0.0253874573789228,"W/m2"
"new",1848,"RF_O3_trop",0.0272455784518126,"W/m2"
"new",1849,"RF_O3_trop",0.0265473598862507,"W/m2"
"new",1850,"RF_O3_trop",0.0269325765585575,"W/m2"
"new",1851,"RF_O3_trop",0.0256320266279673,"W/m2"
"new",1852,"RF_O3_trop",0.024987228972984,"W/m2"
"new",1853,"RF_O3_trop",0.0254492052924438,"W/m2"
"new",1854,"RF_O3_trop",0.0275312687334059,"W/m2"
"new",1855,"RF_O3_trop",0.0273579284817418,"W/m2"
"new",1856,"RF_O3_trop",0.0264716242802328,"W/m2"
"new",1857,"RF_O3_trop",0.0293124941707563,"W/m2"
"new",1858,"RF_O3_trop",0.0307663635824162,"W/m2"
"new",1859,"RF_O3_trop",0.0301107770376905,"W/m2"
"new",1860,"RF_O3_trop",0.030143609664987,"W/m2"
"new",1861,"RF_O3_trop",0.0316566445350659,"W/m2"
"new",1862,"RF_O3_trop",0.0310777160994014,"W/m2"
"new",1863,"RF_O3_trop",0.0306835723879466,"W/m2"
"new",1864,"RF_O3_trop",0.0325578821077852,"W/m2"
"new",1865,"RF_O3_trop",0.0345329534302135,"W/m2"
"new",1866,"RF_O3_trop",0.034912160091753,"W/m2"
"new",1867,"RF_O3_trop",0.0369623744841938,"W/m2"
"new",1868,"RF_O3_trop",0.0393875854878969,"W/m2"
"new",1869,"RF_O3_trop",0.038228613887624,"W/m2"
"new",1870,"RF_O3_trop",0.0397869137959939,"W/m2"
"new",1871,"RF_O3_trop",0.0392281133539119,"W/m2"
"new",1872,"RF_O3_trop",0.0383670615847924,"W/m2"
"new",1873,"RF_O3_trop",0.0406859096505503,"W/m2"
"new",1874,"RF_O3_trop",0.0422074421373588,"W/m2"
"new",1875,"RF_O3_trop",0.0413232327009003,"W/m2"
"new",1876,"RF_O3_trop",0.0416008274476243,"W/m2"
"new",1877,"RF_O3_trop",0.0433697296480331,"W/m2"
"new",1878,"RF_O3_trop",0.0446793008325579,"W/m2"
"new",1879,"RF_O3_trop",0.0447043334430541,"W/m2"
"new",1880,"RF_O3_trop",0.0442501754093634,"W/m2"
"new",1881,"RF_O3_trop",0.0460577810321539,"W/m2"
"new",1882,"RF_O3_trop",0.0450861246895331,"W/m2"
"new",1883,"RF_O3_trop",0.0443646927890753,"W/m2"
"new",1884,"RF_O3_trop",0.0467935947905429,"W/m2"
"new",1885,"RF_O3_trop",0.0473906071512953,"W/m2"
"new",1886,"RF_O3_trop",0.048288018913718,"W/m2"
"new",1887,"RF_O3_trop",0.0498998802267767,"W/m2"
"new",1888,"RF_O3_trop",0.0521815102687913,"W/m2"
"new",1889,"RF_O3_trop",0.0528356018488803,"W/m2"
"new",1890,"RF_O3_trop",0.0543910411240691,"W/m2"
"new",1891,"RF_O3_trop",0.0537103541409107,"W/m2"
"new",1892,"RF_O3_trop",0.0536089022644739,"W/m2"
"new",1893,"RF_O3_trop",0.0547725918938284,"W/m2"
"new",1894,"RF_O3_trop",0.0579215836588571,"W/m2"
"new",1895,"RF_O3_trop",0.0586695163041147,"W/m2"
"new",1896,"RF_O3_trop",0.0572818152236401,"W/m2"
"new",1897,"RF_O3_trop",0.0609819638136473,"W/m2"
"new",1898,"RF_O3_trop",0.0618557457283033,"W/m2"
"new",1899,"RF_O3_trop",0.0623859823858404,"W/m2"
"new",1900,"RF_O3_trop",0.0625226171376305,"W/m2"
"new",1901,"RF_O3_trop",0.0636141048470036,"W/m2"
"new",1902,"RF_O3_trop",0.0638477153268746,"W/m2"
"new",1903,"RF_O3_trop",0.0641162331410714,"W/m2"
"new",1904,"RF_O3_trop",0.0678639572507018,"W/m2"
"new",1905,"RF_O3_trop",0.0704480438602133,"W/m2"
"new",1906,"RF_O3_trop",0.0718059662477986,"W/m2"
"new",1907,"RF_O3_trop",0.0755368116200841,"W/m2"
"new",1908,"RF_O3_trop",0.077333977657349,"W/m2"
"new",1909,"RF_O3_trop",0.0784585686672739,"W/m2"
"new",1910,"RF_O3_trop",0.0815718840755404,"W/m2"
"new",1911,"RF_O3_trop",0.0819815234847123,"W/m2"
"new",1912,"RF_O3_trop",0.0828653467956788,"W/m2"
"new",1913,"RF_O3_trop",0.0862328281889855,"W/m2"
"new",1914,"RF_O3_trop",0.0881812320165456,"W/m2"
"new",1915,"RF_O3_trop",0.0881514993720667,"W/m2"
"new",1916,"RF_O3_trop",0.0894020887603617,"W/m2"
"new",1917,"RF_O3_trop",0.0939377264848873,"W/m2"
"new",1918,"RF_O3_trop",0.0960893684242687,"W/m2"
"new",1919,"RF_O3_trop",0.0957532419375202,"W/m2"
"new",1920,"RF_O3_trop",0.0997155778342187,"W/m2"
"new",1921,"RF_O3_trop",0.0996351810058664,"W/m2"
"new",1922,"RF_O3_trop",0.100928144922392,"W/m2"
"new",1923,"RF_O3_trop",0.10843914637517,"W/m2"
"new",1924,"RF_O3_trop",0.107054817345209,"W/m2"
"new",1925,"RF_O3_trop",0.109672600172606,"W/m2"
"new",1926,"RF_O3_trop",0.111204512738619,"W/m2"
"new",1927,"RF_O3_trop",0.11585783813061,"W/m2"
"new",1928,"RF_O3_trop",0.117353031449064,"W/m2"
"new",1929,"RF_O3_trop",0.120908867358001,"W/m2"
"new",1930,"RF_O3_trop",0.122483743380913,"W/m2"
"new",1931,"RF_O3_trop",0.116960301141583,"W/m2"
"new",1932,"RF_O3_trop",0.118473808224713,"W/m2"
"new",1933,"RF_O3_trop",0.118697952100918,"W/m2"
"new",1934,"RF_O3_trop",0.124303003805004,"W/m2"
"new",1935,"RF_O3_trop",0.126308255167481,"W/m2"
"new",1936,"RF_O3_trop",0.132445636034649,"W/m2"
"new",1937,"RF_O3_trop",0.134613923709779,"W/m2"
"new",1938,"RF_O3_trop",0.131843735110377,"W/m2"
"new",1939,"RF_O3_trop",0.137236656365075,"W/m2"
"new",1940,"RF_O3_trop",0.139357084160615,"W/m2"
"new",1941,"RF_O3_trop",0.141653062139014,"W/m2"
"new",1942,"RF_O3_trop",0.143699228581042,"W/m2"
"new",1943,"RF_O3_trop",0.146397569568878,"W/m2"
"new",1944,"RF_O3_trop",0.150279808952414,"W/m2"
"new",1945,"RF_O3_trop",0.149994122545942,"W/m2"
"new",1946,"RF_O3_trop",0.15013346443754,"W/m2"
"new",1947,"RF_O3_trop",0.155898505619563,"W/m2"
"new",1948,"RF_O3_trop",0.163123839053533,"W/m2"
"new",1949,"RF_O3_trop",0.162311098223552,"W/m2"
"new",1950,"RF_O3_trop",0.172078129849156,"W/m2"
"new",1951,"RF_O3_trop",0.170132338234792,"W/m2"
"new",1952,"RF_O3_trop",0.174408399490231,"W/m2"
"new",1953,"RF_O3_trop",0.180468742049621,"W/m2"
"new",1954,"RF_O3_trop",0.184565593746466,"W/m2"
"new",1955,"RF_O3_trop",0.192660441262979,"W/m2"
"new",1956,"RF_O3_trop",0.202651293756315,"W/m2"
"new",1957,"RF_O3_trop",0.210340202890734,"W/m2"
"new",1958,"RF_O3_trop",0.20649173235212,"W/m2"
"new",1959,"RF_O3_trop",0.209051602505727,"W/m2"
"new",1960,"RF_O3_trop",0.215119087246512,"W/m2"
"new",1961,"RF_O3_trop",0.223791965576796,"W/m2"
"new",1962,"RF_O3_trop",0.22766452871569,"W/m2"
"new",1963,"RF_O3_trop",0.242006851161004,"W/m2"
"new",1964,"RF_O3_trop",0.242853815676578,"W/m2"
"new",1965,"RF_O3_trop",0.251236609349711,"W/m2"
"new",1966,"RF_O3_trop",0.256952680384428,"W/m2"
"new",1967,"RF_O3_trop",0.269181799466749,"W/m2"
"new",1968,"RF_O3_trop",0.275567981794506,"W/m2"
"new",1969,"RF_O3_trop",0.281466999386015,"W/m2"
"new",1970,"RF_O3_trop",0.295091587508239,"W/m2"
"new",1971,"RF_O3_trop",0.302669151964142,"W/m2"
"new",1972,"RF_O3_trop",0.31982357161077,"W/m2"
"new",1973,"RF_O3_trop",0.321986680474078,"W/m2"
"new",1974,"RF_O3_trop",0.323767265546595,"W/m2"
"new",1975,"RF_O3_trop",0.32261427697974,"W/m2"
"new",1976,"RF_O3_trop",0.335771260781091,"W/m2"
"new",1977,"RF_O3_trop",0.342785955431698,"W/m2"
"new",1978,"RF_O3_trop",0.351631879070653,"W/m2"
"new",1979,"RF_O3_trop",0.357124439713313,"W/m2"
"new",1980,"RF_O3_trop",0.357016968052748,"W/m2"
"new",1981,"RF_O3_trop",0.353617560535936,"W/m2"
"new",1982,"RF_O3_trop",0.365177530334845,"W/m2"
"new",1983,"RF_O3_trop",0.350805545006437,"W/m2"
"new",1984,"RF_O3_trop",0.359807599014713,"W/m2"
"new",1985,"RF_O3_trop",0.365134813955342,"W/m2"
"new",1986,"RF_O3_trop",0.372110707510658,"W/m2"
"new",1987,"RF_O3_trop",0.382297357594369,"W/m2"
"new",1988,"RF_O3_trop",0.390686064214238,"W/m2"
"new",1989,"RF_O3_trop",0.392545930792457,"W/m2"
"new",1990,"RF_O3_trop",0.396640195426657,"W/m2"
"new",1991,"RF_O3_trop",0.422572295865102,"W/m2"
"new",1992,"RF_O3_trop",0.399272318630404,"W/m2"
"new",1993,"RF_O3_trop",0.405207222419261,"W/m2"
"new",1994,"RF_O3_trop",0.420801519386768,"W/m2"
"new",1995,"RF_O3_trop",0.413488077756358,"W/m2"
"new",1996,"RF_O3_trop",0.411402846400202,"W/m2"
"new",1997,"RF_O3_trop",0.446078648969228,"W/m2"
"new",1998,"RF_O3_trop",0.438676513811741,"W/m2"
"new",1999,"RF_O3_trop",0.418812566796006,"W/m2"
"new",2000,"RF_O3_trop",0.413261540312095,"W/m2"
"new",2001,"RF_O3_trop",0.414278078158798,"W/m2"
"new",2002,"RF_O3_trop",0.424644640062884,"W/m2"
"new",2003,"RF_O3_trop",0.426703118735164,"W/m2"
"new",2004,"RF_O3_trop",0.435206213154137,"W/m2"
"new",2005,"RF_O3_trop",0.440728120658971,"W/m2"
"new",2006,"RF_O3_trop",0.444543359501891,"W/m2"
"new",2007,"RF_O3_trop",0.4491534731916,"W/m2"
"new",2008,"RF_O3_trop",0.440870562602258,"W/m2"
"new",2009,"RF_O3_trop",0.427258594706182,"W/m2"
"new",2010,"RF_O3_trop",0.434465963605763,"W/m2"
"new",2011,"RF_O3_trop",0.435144418927636,"W/m2"
"new",2012,"RF_O3_trop",0.437009756594072,"W/m2"
"new",2013,"RF_O3_trop",0.426323747899154,"W/m2"
"new",2014,"RF_O3_trop",0.430480397797089,"W/m2"
"new",2015,"RF_O3_trop",0.435881984193564,"W/m2"
"new",2016,"RF_O3_trop",0.420544638676555,"W/m2"
"new",2017,"RF_O3_trop",0.420776637337628,"W/m2"
"new",2018,"RF_O3_trop",0.417623101243158,"W/m2"
"new",2019,"RF_O3_trop",0.425917513642447,"W/m2"
"new",2020,"RF_O3_trop",0.40182325307799,"W/m2"
"new",2021,"RF_O3_trop",0.41388641650673,"W/m2"
"new",2022,"RF_O3_trop",0.402538721129922,"W/m2"
"new",2023,"RF_O3_trop",0.419138904718934,"W/m2"
"new",1745,"RF_H2O_strat",0,"W/m2"
"new",1746,"RF_H2O_strat",0,"W/m2"
"new",1747,"RF_H2O_strat",0,"W/m2"
"new",1748,"RF_H2O_strat",0,"W/m2"
"new",1749,"RF_H2O_strat",0,"W/m2"
"new",1750,"RF_H2O_strat",0,"W/m2"
"new",1751,"RF_H2O_strat",5.40464991496864e-05,"W/m2"
"new",1752,"RF_H2O_strat",0.000109223028583383,"W/m2"
"new",1753,"RF_H2O_strat",0.000131669258586166,"W/m2"
"new",1754,"RF_H2O_strat",0.000140905337983656,"W/m2"
"new",1755,"RF_H2O_strat",0.000149322344843046,"W/m2"
"new",1756,"RF_H2O_strat",0.000153687651678923,"W/m2"
"new",1757,"RF_H2O_strat",0.000164343990387028,"W/m2"
"new",1758,"RF_H2O_strat",0.000203718620514832,"W/m2"
"new",1759,"RF_H2O_strat",0.000240270380695538,"W/m2"
"new",1760,"RF_H2O_strat",0.000281932861108772,"W/m2"
"new",1761,"RF_H2O_strat",0.00031832275169214,"W/m2"
"new",1762,"RF_H2O_strat",0.000352647098179437,"W/m2"
"new",1763,"RF_H2O_strat",0.00037085903389044,"W/m2"
"new",1764,"RF_H2O_strat",0.000390724981183725,"W/m2"
"new",1765,"RF_H2O_strat",0.000406228711891338,"W/m2"
"new",1766,"RF_H2O_strat",0.000419690272548593,"W/m2"
"new",1767,"RF_H2O_strat",0.000432053560410168,"W/m2"
"new",1768,"RF_H2O_strat",0.000456738677498788,"W/m2"
"new",1769,"RF_H2O_strat",0.000484497194836698,"W/m2"
"new",1770,"RF_H2O_strat",0.000512911147532308,"W/m2"
"new",1771,"RF_H2O_strat",0.000542514234496335,"W/m2"
"new",1772,"RF_H2O_strat",0.000573357620242066,"W/m2"
"new",1773,"RF_H2O_strat",0.000609464336205325,"W/m2"
"new",1774,"RF_H2O_strat",0.000625277704341025,"W/m2"
"new",1775,"RF_H2O_strat",0.000638127505619084,"W/m2"
"new",1776,"RF_H2O_strat",0.000654502813398395,"W/m2"
"new",1777,"RF_H2O_strat",0.000670775800306644,"W/m2"
"new",1778,"RF_H2O_strat",0.000685128361391479,"W/m2"
"new",1779,"RF_H2O_strat",0.000725482211198188,"W/m2"
"new",1780,"RF_H2O_strat",0.000769332014454562,"W/m2"
"new",1781,"RF_H2O_strat",0.000815183416325899,"W/m2"
"new",1782,"RF_H2O_strat",0.000850943060357929,"W/m2"
"new",1783,"RF_H2O_strat",0.000888734737587766,"W/m2"
"new",1784,"RF_H2O_strat",0.000901172193732667,"W/m2"
"new",1785,"RF_H2O_strat",0.000912753427198007,"W/m2"
"new",1786,"RF_H2O_strat",0.000924847631950862,"W/m2"
"new",1787,"RF_H2O_strat",0.000937881325844631,"W/m2"
"new",1788,"RF_H2O_strat",0.000948833155257506,"W/m2"
"new",1789,"RF_H2O_strat",0.000963520879299206,"W/m2"
"new",1790,"RF_H2O_strat",0.00097873789351233,"W/m2"
"new",1791,"RF_H2O_strat",0.000993112459155828,"W/m2"
"new",1792,"RF_H2O_strat",0.00101022344638807,"W/m2"
"new",1793,"RF_H2O_strat",0.00102737766034938,"W/m2"
"new",1794,"RF_H2O_strat",0.00105999503016973,"W/m2"
"new",1795,"RF_H2O_strat",0.00108540261396178,"W/m2"
"new",1796,"RF_H2O_strat",0.00111717312546124,"W/m2"
"new",1797,"RF_H2O_strat",0.00114813647635628,"W/m2"
"new",1798,"RF_H2O_strat",0.00117539745493245,"W/m2"
"new",1799,"RF_H2O_strat",0.00119547511075667,"W/m2"
"new",1800,"RF_H2O_strat",0.00122479502143993,"W/m2"
"new",1801,"RF_H2O_strat",0.00125676578790996,"W/m2"
"new",1802,"RF_H2O_strat",0.00128900650199482,"W/m2"
"new",1803,"RF_H2O_strat",0.00131611490212501,"W/m2"
"new",1804,"RF_H2O_strat",0.00135790842128056,"W/m2"
"new",1805,"RF_H2O_strat",0.00140013641912991,"W/m2"
"new",1806,"RF_H2O_strat",0.00144325011658371,"W/m2"
"new",1807,"RF_H2O_strat",0.00148805446374529,"W/m2"
"new",1808,"RF_H2O_strat",0.00153434348516615,"W/m2"
"new",1809,"RF_H2O_strat",0.00158591878892028,"W/m2"
"new",1810,"RF_H2O_strat",0.00163643861125913,"W/m2"
"new",1811,"RF_H2O_strat",0.00168008943680357,"W/m2"
"new",1812,"RF_H2O_strat",0.0017244261323746,"W/m2"
"new",1813,"RF_H2O_strat",0.00177841219347393,"W/m2"
"new",1814,"RF_H2O_strat",0.00184461863747231,"W/m2"
"new",1815,"RF_H2O_strat",0.00191085904467655,"W/m2"
"new",1816,"RF_H2O_strat",0.00198014462384987,"W/m2"
"new",1817,"RF_H2O_strat",0.00204972219416864,"W/m2"
"new",1818,"RF_H2O_strat",0.0021143703276314,"W/m2"
"new",1819,"RF_H2O_strat",0.00218011673454297,"W/m2"
"new",1820,"RF_H2O_strat",0.00225009480097527,"W/m2"
"new",1821,"RF_H2O_strat",0.00232264653153943,"W/m2"
"new",1822,"RF_H2O_strat",0.00238316754194586,"W/m2"
"new",1823,"RF_H2O_strat",0.00243673502902113,"W/m2"
"new",1824,"RF_H2O_strat",0.00248467794716767,"W/m2"
"new",1825,"RF_H2O_strat",0.0025292087211021,"W/m2"
"new",1826,"RF_H2O_strat",0.00257237393171673,"W/m2"
"new",1827,"RF_H2O_strat",0.00261015892810381,"W/m2"
"new",1828,"RF_H2O_strat",0.00264576061096095,"W/m2"
"new",1829,"RF_H2O_strat",0.00268364352606946,"W/m2"
"new",1830,"RF_H2O_strat",0.00271841599108244,"W/m2"
"new",1831,"RF_H2O_strat",0.00275123405956905,"W/m2"
"new",1832,"RF_H2O_strat",0.00278466522242994,"W/m2"
"new",1833,"RF_H2O_strat",0.00282314270495233,"W/m2"
"new",1834,"RF_H2O_strat",0.00286818688981152,"W/m2"
"new",1835,"RF_H2O_strat",0.00291568608978964,"W/m2"
"new",1836,"RF_H2O_strat",0.00296613607157714,"W/m2"
"new",1837,"RF_H2O_strat",0.00299843323285005,"W/m2"
"new",1838,"RF_H2O_strat",0.00302573656015917,"W/m2"
"new",1839,"RF_H2O_strat",0.0030503325784855,"W/m2"
"new",1840,"RF_H2O_strat",0.00305706335624428,"W/m2"
"new",1841,"RF_H2O_strat",0.00307247137282172,"W/m2"
"new",1842,"RF_H2O_strat",0.00310174409360355,"W/m2"
"new",1843,"RF_H2O_strat",0.00313977918038633,"W/m2"
"new",1844,"RF_H2O_strat",0.00319046866564867,"W/m2"
"new",1845,"RF_H2O_strat",0.00326459062188028,"W/m2"
"new",1846,"RF_H2O_strat",0.00331268749427867,"W/m2"
"new",1847,"RF_H2O_strat",0.00335430283604093,"W/m2"
"new",1848,"RF_H2O_strat",0.00338099220058108,"W/m2"
"new",1849,"RF_H2O_strat",0.00341436384535913,"W/m2"
"new",1850,"RF_H2O_strat",0.00343792432845645,"W/m2"
"new",1851,"RF_H2O_strat",0.00345270228361965,"W/m2"
"new",1852,"RF_H2O_strat",0.00347697051400153,"W/m2"
"new",1853,"RF_H2O_strat",0.00350990159277589,"W/m2"
"new",1854,"RF_H2O_strat",0.00355232471881581,"W/m2"
"new",1855,"RF_H2O_strat",0.00361346443292331,"W/m2"
"new",1856,"RF_H2O_strat",0.00368477512201918,"W/m2"
"new",1857,"RF_H2O_strat",0.0037529434212362,"W/m2"
"new",1858,"RF_H2O_strat",0.00383699934162984,"W/m2"
"new",1859,"RF_H2O_strat",0.00392800177602458,"W/m2"
"new",1860,"RF_H2O_strat",0.00402527917437603,"W/m2"
"new",1861,"RF_H2O_strat",0.00413901690971583,"W/m2"
"new",1862,"RF_H2O_strat",0.00424111458703762,"W/m2"
"new",1863,"RF_H2O_strat",0.00436553935816263,"W/m2"
"new",1864,"RF_H2O_strat",0.00449998891806738,"W/m2"
"new",1865,"RF_H2O_strat",0.00463406491540915,"W/m2"
"new",1866,"RF_H2O_strat",0.0047819339903592,"W/m2"
"new",1867,"RF_H2O_strat",0.00492102051078711,"W/m2"
"new",1868,"RF_H2O_strat",0.00502792470456139,"W/m2"
"new",1869,"RF_H2O_strat",0.0051095999642995,"W/m2"
"new",1870,"RF_H2O_strat",0.005192594364002,"W/m2"
"new",1871,"RF_H2O_strat",0.0052820022709201,"W/m2"
"new",1872,"RF_H2O_strat",0.00536058949876314,"W/m2"
"new",1873,"RF_H2O_strat",0.00543977194402027,"W/m2"
"new",1874,"RF_H2O_strat",0.00551595876725844,"W/m2"
"new",1875,"RF_H2O_strat",0.00558382759371025,"W/m2"
"new",1876,"RF_H2O_strat",0.00565026541358735,"W/m2"
"new",1877,"RF_H2O_strat",0.00571283786380149,"W/m2"
"new",1878,"RF_H2O_strat",0.00576736525543766,"W/m2"
"new",1879,"RF_H2O_strat",0.00582148550312385,"W/m2"
"new",1880,"RF_H2O_strat",0.00589813521023165,"W/m2"
"new",1881,"RF_H2O_strat",0.00597937484221064,"W/m2"
"new",1882,"RF_H2O_strat",0.00605695767233143,"W/m2"
"new",1883,"RF_H2O_strat",0.00614291856866687,"W/m2"
"new",1884,"RF_H2O_strat",0.006238749231195,"W/m2"
"new",1885,"RF_H2O_strat",0.00634811972347827,"W/m2"
"new",1886,"RF_H2O_strat",0.00645965314668722,"W/m2"
"new",1887,"RF_H2O_strat",0.00657444374256227,"W/m2"
"new",1888,"RF_H2O_strat",0.00672058610600057,"W/m2"
"new",1889,"RF_H2O_strat",0.0069049212902338,"W/m2"
"new",1890,"RF_H2O_strat",0.00702916364221321,"W/m2"
"new",1891,"RF_H2O_strat",0.00714120629865751,"W/m2"
"new",1892,"RF_H2O_strat",0.00726267751473788,"W/m2"
"new",1893,"RF_H2O_strat",0.0073949208503891,"W/m2"
"new",1894,"RF_H2O_strat",0.00755106791824119,"W/m2"
"new",1895,"RF_H2O_strat",0.0077115231508833,"W/m2"
"new",1896,"RF_H2O_strat",0.00786950660523466,"W/m2"
"new",1897,"RF_H2O_strat",0.00797947373402936,"W/m2"
"new",1898,"RF_H2O_strat",0.00806426317182753,"W/m2"
"new",1899,"RF_H2O_strat",0.00814617006739488,"W/m2"
"new",1900,"RF_H2O_strat",0.00823964211595046,"W/m2"
"new",1901,"RF_H2O_strat",0.0083298664380277,"W/m2"
"new",1902,"RF_H2O_strat",0.0084805733655609,"W/m2"
"new",1903,"RF_H2O_strat",0.00865971942220839,"W/m2"
"new",1904,"RF_H2O_strat",0.00889025802233993,"W/m2"
"new",1905,"RF_H2O_strat",0.00912608115195603,"W/m2"
"new",1906,"RF_H2O_strat",0.00937233258621085,"W/m2"
"new",1907,"RF_H2O_strat",0.00953524465153921,"W/m2"
"new",1908,"RF_H2O_strat",0.00971882737943719,"W/m2"
"new",1909,"RF_H2O_strat",0.00994566569855647,"W/m2"
"new",1910,"RF_H2O_strat",0.0101846504402294,"W/m2"
"new",1911,"RF_H2O_strat",0.0104555274611042,"W/m2"
"new",1912,"RF_H2O_strat",0.0107376038861299,"W/m2"
"new",1913,"RF_H2O_strat",0.011011967506874,"W/m2"
"new",1914,"RF_H2O_strat",0.0111855967968232,"W/m2"
"new",1915,"RF_H2O_strat",0.0113730822379877,"W/m2"
"new",1916,"RF_H2O_strat",0.0115817837059878,"W/m2"
"new",1917,"RF_H2O_strat",0.011817770722895,"W/m2"
"new",1918,"RF_H2O_strat",0.0120590611285674,"W/m2"
"new",1919,"RF_H2O_strat",0.0122384575983271,"W/m2"
"new",1920,"RF_H2O_strat",0.0124794993939129,"W/m2"
"new",1921,"RF_H2O_strat",0.0127470395029077,"W/m2"
"new",1922,"RF_H2O_strat",0.0129693240582604,"W/m2"
"new",1923,"RF_H2O_strat",0.0132234846130299,"W/m2"
"new",1924,"RF_H2O_strat",0.0134934606946235,"W/m2"
"new",1925,"RF_H2O_strat",0.0137086507616504,"W/m2"
"new",1926,"RF_H2O_strat",0.0139670853039968,"W/m2"
"new",1927,"RF_H2O_strat",0.0141678061179367,"W/m2"
"new",1928,"RF_H2O_strat",0.0143532000348307,"W/m2"
"new",1929,"RF_H2O_strat",0.0145337640544128,"W/m2"
"new",1930,"RF_H2O_strat",0.0147568999442684,"W/m2"
"new",1931,"RF_H2O_strat",0.0149426854789435,"W/m2"
"new",1932,"RF_H2O_strat",0.0151329730284452,"W/m2"
"new",1933,"RF_H2O_strat",0.0153268844554743,"W/m2"
"new",1934,"RF_H2O_strat",0.0155280499914234,"W/m2"
"new",1935,"RF_H2O_strat",0.0157310834136172,"W/m2"
"new",1936,"RF_H2O_strat",0.015961367162644,"W/m2"
"new",1937,"RF_H2O_strat",0.0161636205984468,"W/m2"
"new",1938,"RF_H2O_strat",0.0163697945564738,"W/m2"
"new",1939,"RF_H2O_strat",0.0165438796030004,"W/m2"
"new",1940,"RF_H2O_strat",0.0167240125956224,"W/m2"
"new",1941,"RF_H2O_strat",0.0169550448226504,"W/m2"
"new",1942,"RF_H2O_strat",0.0171771221538664,"W/m2"
"new",1943,"RF_H2O_strat",0.0173872633383809,"W/m2"
"new",1944,"RF_H2O_strat",0.0177191445607681,"W/m2"
"new",1945,"RF_H2O_strat",0.0180658061017729,"W/m2"
"new",1946,"RF_H2O_strat",0.0184215148407291,"W/m2"
"new",1947,"RF_H2O_strat",0.0187986317781484,"W/m2"
"new",1948,"RF_H2O_strat",0.0190958018606804,"W/m2"
"new",1949,"RF_H2O_strat",0.0193809926475948,"W/m2"
"new",1950,"RF_H2O_strat",0.0195911611655784,"W/m2"
"new",1951,"RF_H2O_strat",0.0198137681940305,"W/m2"
"new",1952,"RF_H2O_strat",0.0201315402918596,"W/m2"
"new",1953,"RF_H2O_strat",0.0205256662956495,"W/m2"
"new",1954,"RF_H2O_strat",0.0209998996187048,"W/m2"
"new",1955,"RF_H2O_strat",0.0215246618418755,"W/m2"
"new",1956,"RF_H2O_strat",0.0221354643571404,"W/m2"
"new",1957,"RF_H2O_strat",0.0226849657159226,"W/m2"
"new",1958,"RF_H2O_strat",0.023104693114823,"W/m2"
"new",1959,"RF_H2O_strat",0.0234434608344872,"W/m2"
"new",1960,"RF_H2O_strat",0.0239120107466739,"W/m2"
"new",1961,"RF_H2O_strat",0.0244177036016521,"W/m2"
"new",1962,"RF_H2O_strat",0.0250287109565831,"W/m2"
"new",1963,"RF_H2O_strat",0.0256681010659216,"W/m2"
"new",1964,"RF_H2O_strat",0.0262639197200316,"W/m2"
"new",1965,"RF_H2O_strat",0.0269337210249305,"W/m2"
"new",1966,"RF_H2O_strat",0.0276042445715517,"W/m2"
"new",1967,"RF_H2O_strat",0.0282191597862878,"W/m2"
"new",1968,"RF_H2O_strat",0.0288841638101532,"W/m2"
"new",1969,"RF_H2O_strat",0.0297568217812079,"W/m2"
"new",1970,"RF_H2O_strat",0.030520293881574,"W/m2"
"new",1971,"RF_H2O_strat",0.0313053114525322,"W/m2"
"new",1972,"RF_H2O_strat",0.0320634622117702,"W/m2"
"new",1973,"RF_H2O_strat",0.0327060770042598,"W/m2"
"new",1974,"RF_H2O_strat",0.0334507741182461,"W/m2"
"new",1975,"RF_H2O_strat",0.0342021275035116,"W/m2"
"new",1976,"RF_H2O_strat",0.0349379288977796,"W/m2"
"new",1977,"RF_H2O_strat",0.0356771996551653,"W/m2"
"new",1978,"RF_H2O_strat",0.0364588851628705,"W/m2"
"new",1979,"RF_H2O_strat",0.0372432544603416,"W/m2"
"new",1980,"RF_H2O_strat",0.0380690671713474,"W/m2"
"new",1981,"RF_H2O_strat",0.0388225761109659,"W/m2"
"new",1982,"RF_H2O_strat",0.039526137367984,"W/m2"
"new",1983,"RF_H2O_strat",0.0402419554710453,"W/m2"
"new",1984,"RF_H2O_strat",0.0408426474209271,"W/m2"
"new",1985,"RF_H2O_strat",0.0414235528146595,"W/m2"
"new",1986,"RF_H2O_strat",0.0419951688743165,"W/m2"
"new",1987,"RF_H2O_strat",0.042574356032538,"W/m2"
"new",1988,"RF_H2O_strat",0.0431382975963331,"W/m2"
"new",1989,"RF_H2O_strat",0.0435804993513009,"W/m2"
"new",1990,"RF_H2O_strat",0.0440699633642879,"W/m2"
"new",1991,"RF_H2O_strat",0.0446013266948003,"W/m2"
"new",1992,"RF_H2O_strat",0.0451331194554284,"W/m2"
"new",1993,"RF_H2O_strat",0.0452289482327643,"W/m2"
"new",1994,"RF_H2O_strat",0.0453795158478147,"W/m2"
"new",1995,"RF_H2O_strat",0.0457143029597405,"W/m2"
"new",1996,"RF_H2O_strat",0.0457755739779711,"W/m2"
"new",1997,"RF_H2O_strat",0.045944786072863,"W/m2"
"new",1998,"RF_H2O_strat",0.046377276047487,"W/m2"
"new",1999,"RF_H2O_strat",0.046699636362042,"W/m2"
"new",2000,"RF_H2O_strat",0.0466700800395144,"W/m2"
"new",2001,"RF_H2O_strat",0.04668173410215,"W/m2"
"new",2002,"RF_H2O_strat",0.0467808565169561,"W/m2"
"new",2003,"RF_H2O_strat",0.0470426308878335,"W/m2"
"new",2004,"RF_H2O_strat",0.0471232724934934,"W/m2"
"new",2005,"RF_H2O_strat",0.0470043315799558,"W/m2"
"new",2006,"RF_H2O_strat",0.0469940292377922,"W/m2"
"new",2007,"RF_H2O_strat",0.0472007081340108,"W/m2"
"new",2008,"RF_H2O_strat",0.0476197626650986,"W/m2"
"new",2009,"RF_H2O_strat",0.0477908077789816,"W/m2"
"new",2010,"RF_H2O_strat",0.0480277745449186,"W/m2"
"new",2011,"RF_H2O_strat",0.0482009931452573,"W/m2"
"new",2012,"RF_H2O_strat",0.0484064376079376,"W/m2"
"new",2013,"RF_H2O_strat",0.048687108549307,"W/m2"
"new",2014,"RF_H2O_strat",0.0491250848424358,"W/m2"
"new",2015,"RF_H2O_strat",0.0496284689084424,"W/m2"
"new",2016,"RF_H2O_strat",0.0499125174220136,"W/m2"
"new",2017,"RF_H2O_strat",0.05022080064013,"W/m2"
"new",2018,"RF_H2O_strat",0.0506679591038145,"W/m2"
"new",2019,"RF_H2O_strat",0.0510095479320238,"W/m2"
"new",2020,"RF_H2O_strat",0.0515483348596983,"W/m2"
"new",2021,"RF_H2O_strat",0.052285109790427,"W/m2"
"new",2022,"RF_H2O_strat",0.0529867104199814,"W/m2"
"new",2023,"RF_H2O_strat",0.0549517789921654,"W/m2"
"new",1745,"RF_vol",0,"W/m2"
"new",1746,"RF_vol",0,"W/m2"
"new",1747,"RF_vol",0,"W/m2"
"new",1748,"RF_vol",0,"W/m2"
"new",1749,"RF_vol",0,"W/m2"
"new",1750,"RF_vol",0,"W/m2"
"new",1751,"RF_vol",0.185756746051751,"W/m2"
"new",1752,"RF_vol",0.185760471582431,"W/m2"
"new",1753,"RF_vol",0.18576171690695,"W/m2"
"new",1754,"RF_vol",0.185762135640938,"W/m2"
"new",1755,"RF_vol",0.161490510042689,"W/m2"
"new",1756,"RF_vol",-0.064139903755506,"W/m2"
"new",1757,"RF_vol",0.0654814896339626,"W/m2"
"new",1758,"RF_vol",0.143706674085902,"W/m2"
"new",1759,"RF_vol",0.171560263737479,"W/m2"
"new",1760,"RF_vol",0.180988300871404,"W/m2"
"new",1761,"RF_vol",0.184158544358859,"W/m2"
"new",1762,"RF_vol",-0.719878886481706,"W/m2"
"new",1763,"RF_vol",-0.439960121291351,"W/m2"
"new",1764,"RF_vol",-0.0390473245778304,"W/m2"
"new",1765,"RF_vol",0.109581666097217,"W/m2"
"new",1766,"RF_vol",-0.178487526704193,"W/m2"
"new",1767,"RF_vol",-0.230039677074036,"W/m2"
"new",1768,"RF_vol",0.0295441238874522,"W/m2"
"new",1769,"RF_vol",0.132534615874976,"W/m2"
"new",1770,"RF_vol",0.0363623484609721,"W/m2"
"new",1771,"RF_vol",0.0888930362775059,"W/m2"
"new",1772,"RF_vol",0.151100521690917,"W/m2"
"new",1773,"RF_vol",0.174022556957829,"W/m2"
"new",1774,"RF_vol",0.181814435676583,"W/m2"
"new",1775,"RF_vol",0.184436007695887,"W/m2"
"new",1776,"RF_vol",0.185316815581564,"W/m2"
"new",1777,"RF_vol",0.185612685670437,"W/m2"
"new",1778,"RF_vol",0.18571207513321,"W/m2"
"new",1779,"RF_vol",0.18574546502203,"W/m2"
"new",1780,"RF_vol",0.185756681470787,"W/m2"
"new",1781,"RF_vol",0.185760450572144,"W/m2"
"new",1782,"RF_vol",0.185761713038878,"W/m2"
"new",1783,"RF_vol",-1.60711130912752,"W/m2"
"new",1784,"RF_vol",-3.48754964258802,"W/m2"
"new",1785,"RF_vol",-1.32272119659233,"W/m2"
"new",1786,"RF_vol",-0.487257523800518,"W/m2"
"new",1787,"RF_vol",-0.096137761480135,"W/m2"
"new",1788,"RF_vol",0.0885310651741068,"W/m2"
"new",1789,"RF_vol",0.15298589260177,"W/m2"
"new",1790,"RF_vol",0.174747138229616,"W/m2"
"new",1791,"RF_vol",0.182061991113412,"W/m2"
"new",1792,"RF_vol",0.184519353267332,"W/m2"
"new",1793,"RF_vol",0.185344816477048,"W/m2"
"new",1794,"RF_vol",0.18562210038834,"W/m2"
"new",1795,"RF_vol",0.185715242773011,"W/m2"
"new",1796,"RF_vol",0.0561389030725385,"W/m2"
"new",1797,"RF_vol",-0.0427948529802566,"W/m2"
"new",1798,"RF_vol",0.057545267787991,"W/m2"
"new",1799,"RF_vol",0.140354145461673,"W/m2"
"new",1800,"RF_vol",0.170402886976369,"W/m2"
"new",1801,"RF_vol",0.180598096281997,"W/m2"
"new",1802,"RF_vol",0.184027398245396,"W/m2"
"new",1803,"RF_vol",0.185179556473926,"W/m2"
"new",1804,"RF_vol",0.185566583434488,"W/m2"
"new",1805,"RF_vol",0.185696592716987,"W/m2"
"new",1806,"RF_vol",0.185740258720453,"W/m2"
"new",1807,"RF_vol",0.185754929142678,"W/m2"
"new",1808,"RF_vol",0.185759857157093,"W/m2"
"new",1809,"RF_vol",-3.36568813418635,"W/m2"
"new",1810,"RF_vol",-2.3138300284354,"W/m2"
"new",1811,"RF_vol",-0.712301621430286,"W/m2"
"new",1812,"RF_vol",-0.118562996879339,"W/m2"
"new",1813,"RF_vol",0.0834154058417959,"W/m2"
"new",1814,"RF_vol",0.151377417832483,"W/m2"
"new",1815,"RF_vol",-3.34180490131974,"W/m2"
"new",1816,"RF_vol",-4.32881379191978,"W/m2"
"new",1817,"RF_vol",-1.51951975628486,"W/m2"
"new",1818,"RF_vol",-0.395445519562877,"W/m2"
"new",1819,"RF_vol",-0.00985295152602285,"W/m2"
"new",1820,"RF_vol",0.12003571660704,"W/m2"
"new",1821,"RF_vol",0.0603751726292215,"W/m2"
"new",1822,"RF_vol",0.0654325060086605,"W/m2"
"new",1823,"RF_vol",-0.270067719030145,"W/m2"
"new",1824,"RF_vol",-0.0296613843038838,"W/m2"
"new",1825,"RF_vol",0.110565061135486,"W/m2"
"new",1826,"RF_vol",0.160373955190746,"W/m2"
"new",1827,"RF_vol",0.17722825483511,"W/m2"
"new",1828,"RF_vol",0.182895387588404,"W/m2"
"new",1829,"RF_vol",0.184799293647762,"W/m2"
"new",1830,"RF_vol",0.185438847257309,"W/m2"
"new",1831,"RF_vol",-2.24474060135272,"W/m2"
"new",1832,"RF_vol",-1.49876821092136,"W/m2"
"new",1833,"RF_vol",-0.419484543914228,"W/m2"
"new",1834,"RF_vol",-0.0193371817849821,"W/m2"
"new",1835,"RF_vol",-1.6633625299236,"W/m2"
"new",1836,"RF_vol",-1.06772527965898,"W/m2"
"new",1837,"RF_vol",-0.264059120837688,"W/m2"
"new",1838,"RF_vol",0.0333550191991025,"W/m2"
"new",1839,"RF_vol",0.134507634364938,"W/m2"
"new",1840,"RF_vol",0.168542630719707,"W/m2"
"new",1841,"RF_vol",0.179977935615454,"W/m2"
"new",1842,"RF_vol",0.183819296319509,"W/m2"
"new",1843,"RF_vol",0.18510965928097,"W/m2"
"new",1844,"RF_vol",0.185543099930512,"W/m2"
"new",1845,"RF_vol",0.185688705335297,"W/m2"
"new",1846,"RF_vol",0.00353556211316785,"W/m2"
"new",1847,"RF_vol",0.0598615081906203,"W/m2"
"new",1848,"RF_vol",0.140529989070926,"W/m2"
"new",1849,"RF_vol",0.170434577456348,"W/m2"
"new",1850,"RF_vol",0.180745975102511,"W/m2"
"new",1851,"RF_vol",0.184312798701751,"W/m2"
"new",1852,"RF_vol",0.179540339543076,"W/m2"
"new",1853,"RF_vol",0.0158872542411766,"W/m2"
"new",1854,"RF_vol",-0.0141126119562986,"W/m2"
"new",1855,"RF_vol",0.112948594612603,"W/m2"
"new",1856,"RF_vol",0.122255611484775,"W/m2"
"new",1857,"RF_vol",-0.0448233313901344,"W/m2"
"new",1858,"RF_vol",0.0862878258264031,"W/m2"
"new",1859,"RF_vol",0.153503429326944,"W/m2"
"new",1860,"RF_vol",0.176769373739714,"W/m2"
"new",1861,"RF_vol",0.116236223386729,"W/m2"
"new",1862,"RF_vol",-0.623799831180519,"W/m2"
"new",1863,"RF_vol",-0.258572908735476,"W/m2"
"new",1864,"RF_vol",0.0379998464610089,"W/m2"
"new",1865,"RF_vol",0.142928868141985,"W/m2"
"new",1866,"RF_vol",0.17441047396718,"W/m2"
"new",1867,"RF_vol",0.184669175213072,"W/m2"
"new",1868,"RF_vol",0.188148666241629,"W/m2"
"new",1869,"RF_vol",0.189412365034656,"W/m2"
"new",1870,"RF_vol",0.189950840385198,"W/m2"
"new",1871,"RF_vol",0.190250396871541,"W/m2"
"new",1872,"RF_vol",0.188834315740248,"W/m2"
"new",1873,"RF_vol",-0.0158300305583035,"W/m2"
"new",1874,"RF_vol",0.101375665456665,"W/m2"
"new",1875,"RF_vol",0.118986331634054,"W/m2"
"new",1876,"RF_vol",0.130107323587028,"W/m2"
"new",1877,"RF_vol",0.169607246854543,"W/m2"
"new",1878,"RF_vol",0.184410742676387,"W/m2"
"new",1879,"RF_vol",0.188659304128988,"W/m2"
"new",1880,"RF_vol",0.152387029780733,"W/m2"
"new",1881,"RF_vol",0.148042518644242,"W/m2"
"new",1882,"RF_vol",0.187436201656493,"W/m2"
"new",1883,"RF_vol",-0.324594053579537,"W/m2"
"new",1884,"RF_vol",-1.81506186075955,"W/m2"
"new",1885,"RF_vol",-0.64201971369061,"W/m2"
"new",1886,"RF_vol",-0.0852453820278208,"W/m2"
"new",1887,"RF_vol",-0.0250194748857913,"W/m2"
"new",1888,"RF_vol",0.135007302531539,"W/m2"
"new",1889,"RF_vol",0.185818909242261,"W/m2"
"new",1890,"RF_vol",0.0703015871889916,"W/m2"
"new",1891,"RF_vol",-0.102313757483324,"W/m2"
"new",1892,"RF_vol",0.0776308559536417,"W/m2"
"new",1893,"RF_vol",0.18641560242769,"W/m2"
"new",1894,"RF_vol",0.192842999074782,"W/m2"
"new",1895,"RF_vol",0.193091044767606,"W/m2"
"new",1896,"RF_vol",0.1931834614193,"W/m2"
"new",1897,"RF_vol",0.193224411903677,"W/m2"
"new",1898,"RF_vol",0.1932443819356,"W/m2"
"new",1899,"RF_vol",0.193252039603314,"W/m2"
"new",1900,"RF_vol",0.193249677138489,"W/m2"
"new",1901,"RF_vol",0.193161684495445,"W/m2"
"new",1902,"RF_vol",0.0905974399643505,"W/m2"
"new",1903,"RF_vol",-0.708727474033784,"W/m2"
"new",1904,"RF_vol",-0.264308839745771,"W/m2"
"new",1905,"RF_vol",0.0775831246860811,"W/m2"
"new",1906,"RF_vol",0.174940428637948,"W/m2"
"new",1907,"RF_vol",0.0620316195413956,"W/m2"
"new",1908,"RF_vol",0.125774210609544,"W/m2"
"new",1909,"RF_vol",0.191777551488068,"W/m2"
"new",1910,"RF_vol",0.191590191155721,"W/m2"
"new",1911,"RF_vol",0.191399621951442,"W/m2"
"new",1912,"RF_vol",-0.248308446666177,"W/m2"
"new",1913,"RF_vol",-0.309431692294728,"W/m2"
"new",1914,"RF_vol",0.0203984452523777,"W/m2"
"new",1915,"RF_vol",0.164137539162349,"W/m2"
"new",1916,"RF_vol",0.189221757638317,"W/m2"
"new",1917,"RF_vol",0.190183188474786,"W/m2"
"new",1918,"RF_vol",0.189976312277887,"W/m2"
"new",1919,"RF_vol",0.189760101784069,"W/m2"
"new",1920,"RF_vol",0.189540706865538,"W/m2"
"new",1921,"RF_vol",0.189318111806225,"W/m2"
"new",1922,"RF_vol",0.0877045766097048,"W/m2"
"new",1923,"RF_vol",0.12093783396953,"W/m2"
"new",1924,"RF_vol",0.188631210999612,"W/m2"
"new",1925,"RF_vol",0.188395741686274,"W/m2"
"new",1926,"RF_vol",0.188157061754774,"W/m2"
"new",1927,"RF_vol",0.187915087386083,"W/m2"
"new",1928,"RF_vol",0.163268495059621,"W/m2"
"new",1929,"RF_vol",0.00845943629932793,"W/m2"
"new",1930,"RF_vol",0.179911958227914,"W/m2"
"new",1931,"RF_vol",0.186915284196895,"W/m2"
"new",1932,"RF_vol",0.0425426207362229,"W/m2"
"new",1933,"RF_vol",0.150370914896067,"W/m2"
"new",1934,"RF_vol",0.18613128672545,"W/m2"
"new",1935,"RF_vol",0.185863534512047,"W/m2"
"new",1936,"RF_vol",0.185592517547358,"W/m2"
"new",1937,"RF_vol",0.18531825783388,"W/m2"
"new",1938,"RF_vol",0.18504073651233,"W/m2"
"new",1939,"RF_vol",0.184759910625454,"W/m2"
"new",1940,"RF_vol",0.184475833957132,"W/m2"
"new",1941,"RF_vol",0.184188586484689,"W/m2"
"new",1942,"RF_vol",0.183898094167981,"W/m2"
"new",1943,"RF_vol",0.183604376215536,"W/m2"
"new",1944,"RF_vol",0.183307381986689,"W/m2"
"new",1945,"RF_vol",0.183007128943738,"W/m2"
"new",1946,"RF_vol",0.182703594734941,"W/m2"
"new",1947,"RF_vol",0.182396816380371,"W/m2"
"new",1948,"RF_vol",0.182086799118716,"W/m2"
"new",1949,"RF_vol",0.181773501738954,"W/m2"
"new",1950,"RF_vol",0.181456963356633,"W/m2"
"new",1951,"RF_vol",0.181137118662756,"W/m2"
"new",1952,"RF_vol",0.180814010963824,"W/m2"
"new",1953,"RF_vol",0.180487675184433,"W/m2"
"new",1954,"RF_vol",0.180158046364833,"W/m2"
"new",1955,"RF_vol",0.179825169208508,"W/m2"
"new",1956,"RF_vol",0.17948900634614,"W/m2"
"new",1957,"RF_vol",0.179149520757657,"W/m2"
"new",1958,"RF_vol",0.178806754003327,"W/m2"
"new",1959,"RF_vol",0.178460756723818,"W/m2"
"new",1960,"RF_vol",0.178111464308623,"W/m2"
"new",1961,"RF_vol",0.174842591222424,"W/m2"
"new",1962,"RF_vol",0.0188784779161701,"W/m2"
"new",1963,"RF_vol",-0.71581397153246,"W/m2"
"new",1964,"RF_vol",-0.620300396054935,"W/m2"
"new",1965,"RF_vol",-0.292729319713961,"W/m2"
"new",1966,"RF_vol",0.116909652307678,"W/m2"
"new",1967,"RF_vol",-0.076337447099339,"W/m2"
"new",1968,"RF_vol",0.00112099276115389,"W/m2"
"new",1969,"RF_vol",0.0748592184968779,"W/m2"
"new",1970,"RF_vol",0.07891007914399,"W/m2"
"new",1971,"RF_vol",-0.0321334103941431,"W/m2"
"new",1972,"RF_vol",0.0491196539365241,"W/m2"
"new",1973,"RF_vol",0.155228830582511,"W/m2"
"new",1974,"RF_vol",0.102790661213968,"W/m2"
"new",1975,"RF_vol",-0.204969016544472,"W/m2"
"new",1976,"RF_vol",0.0427959312797079,"W/m2"
"new",1977,"RF_vol",0.128454013319735,"W/m2"
"new",1978,"RF_vol",0.15066354843979,"W/m2"
"new",1979,"RF_vol",0.147311430482242,"W/m2"
"new",1980,"RF_vol",0.109190156973947,"W/m2"
"new",1981,"RF_vol",0.0757372745424995,"W/m2"
"new",1982,"RF_vol",-0.15641584008741,"W/m2"
"new",1983,"RF_vol",-0.677594526380252,"W/m2"
"new",1984,"RF_vol",-0.228907835379194,"W/m2"
"new",1985,"RF_vol",-0.0117157005592695,"W/m2"
"new",1986,"RF_vol",-0.000146581500720068,"W/m2"
"new",1987,"RF_vol",0.0621697560996303,"W/m2"
"new",1988,"RF_vol",0.110247933596421,"W/m2"
"new",1989,"RF_vol",0.142615461546976,"W/m2"
"new",1990,"RF_vol",0.140795311715502,"W/m2"
"new",1991,"RF_vol",-0.414818577643435,"W/m2"
"new",1992,"RF_vol",-1.68357674841578,"W/m2"
"new",1993,"RF_vol",-0.817084404349278,"W/m2"
"new",1994,"RF_vol",-0.0813850082344821,"W/m2"
"new",1995,"RF_vol",0.0853077211063841,"W/m2"
"new",1996,"RF_vol",0.145692225603435,"W/m2"
"new",1997,"RF_vol",0.166902488737416,"W/m2"
"new",1998,"RF_vol",0.171092582575094,"W/m2"
"new",1999,"RF_vol",0.17324185027932,"W/m2"
"new",2000,"RF_vol",0.17458241694798,"W/m2"
"new",2001,"RF_vol",0.170843036204625,"W/m2"
"new",2002,"RF_vol",0.176522257562775,"W/m2"
"new",2003,"RF_vol",0.165150043379564,"W/m2"
"new",2004,"RF_vol",0.17190328933024,"W/m2"
"new",2005,"RF_vol",0.149807853216354,"W/m2"
"new",2006,"RF_vol",0.124554112844218,"W/m2"
"new",2007,"RF_vol",0.121419388625819,"W/m2"
"new",2008,"RF_vol",0.133277034444783,"W/m2"
"new",2009,"RF_vol",0.106684212397833,"W/m2"
"new",2010,"RF_vol",0.137987555062447,"W/m2"
"new",2011,"RF_vol",0.109056913351689,"W/m2"
"new",2012,"RF_vol",0.13867518125293,"W/m2"
"new",2013,"RF_vol",0.157671543128837,"W/m2"
"new",2014,"RF_vol",0.139778363343377,"W/m2"
"new",2015,"RF_vol",0.125800527009039,"W/m2"
"new",2016,"RF_vol",0.111822690674701,"W/m2"
"new",2017,"RF_vol",0.0978448543403638,"W/m2"
"new",2018,"RF_vol",0.0838670180060261,"W/m2"
"new",2019,"RF_vol",0.0698891816716884,"W/m2"
"new",2020,"RF_vol",0.0559113453373507,"W/m2"
"new",2021,"RF_vol",0.041933509003013,"W/m2"
"new",2022,"RF_vol",0.0279556726686754,"W/m2"
"new",2023,"RF_vol",0.0139778363343377,"W/m2"
"new",1745,"RF_albedo",0,"W/m2"
"new",1746,"RF_albedo",0,"W/m2"
"new",1747,"RF_albedo",0,"W/m2"
"new",1748,"RF_albedo",0,"W/m2"
"new",1749,"RF_albedo",0,"W/m2"
"new",1750,"RF_albedo",0,"W/m2"
"new",1751,"RF_albedo",-0.000229457254754928,"W/m2"
"new",1752,"RF_albedo",-0.000458914509509855,"W/m2"
"new",1753,"RF_albedo",-0.000688371764264782,"W/m2"
"new",1754,"RF_albedo",-0.00091782901901971,"W/m2"
"new",1755,"RF_albedo",-0.00114728627377464,"W/m2"
"new",1756,"RF_albedo",-0.00137674352852957,"W/m2"
"new",1757,"RF_albedo",-0.00160620078328449,"W/m2"
"new",1758,"RF_albedo",-0.00183565803803942,"W/m2"
"new",1759,"RF_albedo",-0.00206511529279435,"W/m2"
"new",1760,"RF_albedo",-0.00229457254754928,"W/m2"
"new",1761,"RF_albedo",-0.0025240298023042,"W/m2"
"new",1762,"RF_albedo",-0.00275348705705913,"W/m2"
"new",1763,"RF_albedo",-0.00298294431181406,"W/m2"
"new",1764,"RF_albedo",-0.00321240156656899,"W/m2"
"new",1765,"RF_albedo",-0.00344185882132391,"W/m2"
"new",1766,"RF_albedo",-0.00367131607607884,"W/m2"
"new",1767,"RF_albedo",-0.00390077333083377,"W/m2"
"new",1768,"RF_albedo",-0.0041302305855887,"W/m2"
"new",1769,"RF_albedo",-0.00435968784034362,"W/m2"
"new",1770,"RF_albedo",-0.00458914509509855,"W/m2"
"new",1771,"RF_albedo",-0.00481860234985348,"W/m2"
"new",1772,"RF_albedo",-0.00504805960460841,"W/m2"
"new",1773,"RF_albedo",-0.00527751685936334,"W/m2"
"new",1774,"RF_albedo",-0.00550697411411826,"W/m2"
"new",1775,"RF_albedo",-0.00573643136887319,"W/m2"
"new",1776,"RF_albedo",-0.00596588862362812,"W/m2"
"new",1777,"RF_albedo",-0.00619534587838305,"W/m2"
"new",1778,"RF_albedo",-0.00642480313313797,"W/m2"
"new",1779,"RF_albedo",-0.0066542603878929,"W/m2"
"new",1780,"RF_albedo",-0.00688371764264783,"W/m2"
"new",1781,"RF_albedo",-0.00711317489740276,"W/m2"
"new",1782,"RF_albedo",-0.00734263215215768,"W/m2"
"new",1783,"RF_albedo",-0.00757208940691261,"W/m2"
"new",1784,"RF_albedo",-0.00780154666166754,"W/m2"
"new",1785,"RF_albedo",-0.00803100391642247,"W/m2"
"new",1786,"RF_albedo",-0.00826046117117739,"W/m2"
"new",1787,"RF_albedo",-0.00848991842593232,"W/m2"
"new",1788,"RF_albedo",-0.00871937568068725,"W/m2"
"new",1789,"RF_albedo",-0.00894883293544218,"W/m2"
"new",1790,"RF_albedo",-0.0091782901901971,"W/m2"
"new",1791,"RF_albedo",-0.00940774744495203,"W/m2"
"new",1792,"RF_albedo",-0.00963720469970696,"W/m2"
"new",1793,"RF_albedo",-0.00986666195446188,"W/m2"
"new",1794,"RF_albedo",-0.0100961192092168,"W/m2"
"new",1795,"RF_albedo",-0.0103255764639717,"W/m2"
"new",1796,"RF_albedo",-0.0105550337187267,"W/m2"
"new",1797,"RF_albedo",-0.0107844909734816,"W/m2"
"new",1798,"RF_albedo",-0.0110139482282365,"W/m2"
"new",1799,"RF_albedo",-0.0112434054829915,"W/m2"
"new",1800,"RF_albedo",-0.0114776766359763,"W/m2"
"new",1801,"RF_albedo",-0.011716461343221,"W/m2"
"new",1802,"RF_albedo",-0.0119552460504657,"W/m2"
"new",1803,"RF_albedo",-0.0121940307577103,"W/m2"
"new",1804,"RF_albedo",-0.012432815464955,"W/m2"
"new",1805,"RF_albedo",-0.0126716001721997,"W/m2"
"new",1806,"RF_albedo",-0.0129103848794443,"W/m2"
"new",1807,"RF_albedo",-0.013149169586689,"W/m2"
"new",1808,"RF_albedo",-0.0133879542939337,"W/m2"
"new",1809,"RF_albedo",-0.0136267390011783,"W/m2"
"new",1810,"RF_albedo",-0.013865523708423,"W/m2"
"new",1811,"RF_albedo",-0.0141043084156677,"W/m2"
"new",1812,"RF_albedo",-0.0143430931229124,"W/m2"
"new",1813,"RF_albedo",-0.014581877830157,"W/m2"
"new",1814,"RF_albedo",-0.0148206625374017,"W/m2"
"new",1815,"RF_albedo",-0.0150594472446464,"W/m2"
"new",1816,"RF_albedo",-0.0153834223002343,"W/m2"
"new",1817,"RF_albedo",-0.0157542645928816,"W/m2"
"new",1818,"RF_albedo",-0.0161251068855289,"W/m2"
"new",1819,"RF_albedo",-0.0164959491781762,"W/m2"
"new",1820,"RF_albedo",-0.0168667914708235,"W/m2"
"new",1821,"RF_albedo",-0.0172376337634708,"W/m2"
"new",1822,"RF_albedo",-0.0176084760561181,"W/m2"
"new",1823,"RF_albedo",-0.0179793183487654,"W/m2"
"new",1824,"RF_albedo",-0.0183549444979147,"W/m2"
"new",1825,"RF_albedo",-0.0187628709494922,"W/m2"
"new",1826,"RF_albedo",-0.0191707974010697,"W/m2"
"new",1827,"RF_albedo",-0.0195787238526472,"W/m2"
"new",1828,"RF_albedo",-0.0199866503042246,"W/m2"
"new",1829,"RF_albedo",-0.0203945767558021,"W/m2"
"new",1830,"RF_albedo",-0.0208025032073796,"W/m2"
"new",1831,"RF_albedo",-0.021210429658957,"W/m2"
"new",1832,"RF_albedo",-0.0216526839062495,"W/m2"
"new",1833,"RF_albedo",-0.0221492897577625,"W/m2"
"new",1834,"RF_albedo",-0.0226458956092754,"W/m2"
"new",1835,"RF_albedo",-0.0231425014607884,"W/m2"
"new",1836,"RF_albedo",-0.0236391073123013,"W/m2"
"new",1837,"RF_albedo",-0.0241357131638143,"W/m2"
"new",1838,"RF_albedo",-0.0246323190153272,"W/m2"
"new",1839,"RF_albedo",-0.0251289248668402,"W/m2"
"new",1840,"RF_albedo",-0.0256255307183531,"W/m2"
"new",1841,"RF_albedo",-0.0261450232024029,"W/m2"
"new",1842,"RF_albedo",-0.0266889252567197,"W/m2"
"new",1843,"RF_albedo",-0.0272328273110365,"W/m2"
"new",1844,"RF_albedo",-0.0277767293653533,"W/m2"
"new",1845,"RF_albedo",-0.0283206314196701,"W/m2"
"new",1846,"RF_albedo",-0.028864533473987,"W/m2"
"new",1847,"RF_albedo",-0.0294084355283038,"W/m2"
"new",1848,"RF_albedo",-0.0299523375826206,"W/m2"
"new",1849,"RF_albedo",-0.0305530115909365,"W/m2"
"new",1850,"RF_albedo",-0.0312568797032953,"W/m2"
"new",1851,"RF_albedo",-0.0319607478156542,"W/m2"
"new",1852,"RF_albedo",-0.032664615928013,"W/m2"
"new",1853,"RF_albedo",-0.0333684840403718,"W/m2"
"new",1854,"RF_albedo",-0.0340723521527306,"W/m2"
"new",1855,"RF_albedo",-0.0347762202650894,"W/m2"
"new",1856,"RF_albedo",-0.0354800883774483,"W/m2"
"new",1857,"RF_albedo",-0.0361839564898071,"W/m2"
"new",1858,"RF_albedo",-0.0368878246021659,"W/m2"
"new",1859,"RF_albedo",-0.0375916927145247,"W/m2"
"new",1860,"RF_albedo",-0.0382955608268836,"W/m2"
"new",1861,"RF_albedo",-0.0389994289392424,"W/m2"
"new",1862,"RF_albedo",-0.0397032970516012,"W/m2"
"new",1863,"RF_albedo",-0.04040716516396,"W/m2"
"new",1864,"RF_albedo",-0.0411110332763189,"W/m2"
"new",1865,"RF_albedo",-0.0418149013886777,"W/m2"
"new",1866,"RF_albedo",-0.0425187695010365,"W/m2"
"new",1867,"RF_albedo",-0.0432226376133953,"W/m2"
"new",1868,"RF_albedo",-0.0439265057257541,"W/m2"
"new",1869,"RF_albedo",-0.04497175592065,"W/m2"
"new",1870,"RF_albedo",-0.0462326187834362,"W/m2"
"new",1871,"RF_albedo",-0.0474934816462225,"W/m2"
"new",1872,"RF_albedo",-0.0487543445090087,"W/m2"
"new",1873,"RF_albedo",-0.050015207371795,"W/m2"
"new",1874,"RF_albedo",-0.0512760702345812,"W/m2"
"new",1875,"RF_albedo",-0.0525369330973675,"W/m2"
"new",1876,"RF_albedo",-0.0537977959601538,"W/m2"
"new",1877,"RF_albedo",-0.0550442998834931,"W/m2"
"new",1878,"RF_albedo",-0.0561568265949681,"W/m2"
"new",1879,"RF_albedo",-0.0572693533064431,"W/m2"
"new",1880,"RF_albedo",-0.0583818800179182,"W/m2"
"new",1881,"RF_albedo",-0.0594944067293932,"W/m2"
"new",1882,"RF_albedo",-0.0606069334408683,"W/m2"
"new",1883,"RF_albedo",-0.0617194601523433,"W/m2"
"new",1884,"RF_albedo",-0.0628319868638183,"W/m2"
"new",1885,"RF_albedo",-0.0639445135752934,"W/m2"
"new",1886,"RF_albedo",-0.0651937300448315,"W/m2"
"new",1887,"RF_albedo",-0.0665416446641129,"W/m2"
"new",1888,"RF_albedo",-0.0678895592833943,"W/m2"
"new",1889,"RF_albedo",-0.0692374739026757,"W/m2"
"new",1890,"RF_albedo",-0.070585388521957,"W/m2"
"new",1891,"RF_albedo",-0.0719333031412384,"W/m2"
"new",1892,"RF_albedo",-0.0732812177605198,"W/m2"
"new",1893,"RF_albedo",-0.0746291323798011,"W/m2"
"new",1894,"RF_albedo",-0.0759770469990825,"W/m2"
"new",1895,"RF_albedo",-0.0772803374714245,"W/m2"
"new",1896,"RF_albedo",-0.0785623764678251,"W/m2"
"new",1897,"RF_albedo",-0.0798444154642258,"W/m2"
"new",1898,"RF_albedo",-0.0811264544606264,"W/m2"
"new",1899,"RF_albedo",-0.082408493457027,"W/m2"
"new",1900,"RF_albedo",-0.0838596899566387,"W/m2"
"new",1901,"RF_albedo",-0.0857973781902918,"W/m2"
"new",1902,"RF_albedo",-0.0877350664239449,"W/m2"
"new",1903,"RF_albedo",-0.0896727546575979,"W/m2"
"new",1904,"RF_albedo",-0.091610442891251,"W/m2"
"new",1905,"RF_albedo",-0.0935481311249041,"W/m2"
"new",1906,"RF_albedo",-0.0954555110428776,"W/m2"
"new",1907,"RF_albedo",-0.0969240303031622,"W/m2"
"new",1908,"RF_albedo",-0.0983925495634467,"W/m2"
"new",1909,"RF_albedo",-0.0998610688237312,"W/m2"
"new",1910,"RF_albedo",-0.101265035426606,"W/m2"
"new",1911,"RF_albedo",-0.102400121539116,"W/m2"
"new",1912,"RF_albedo",-0.103535207651626,"W/m2"
"new",1913,"RF_albedo",-0.104670293764136,"W/m2"
"new",1914,"RF_albedo",-0.105805379876645,"W/m2"
"new",1915,"RF_albedo",-0.106940465989155,"W/m2"
"new",1916,"RF_albedo",-0.108075552101665,"W/m2"
"new",1917,"RF_albedo",-0.109210638214174,"W/m2"
"new",1918,"RF_albedo",-0.110345724326684,"W/m2"
"new",1919,"RF_albedo",-0.111519714818852,"W/m2"
"new",1920,"RF_albedo",-0.112788815329083,"W/m2"
"new",1921,"RF_albedo",-0.114057915839315,"W/m2"
"new",1922,"RF_albedo",-0.115327016349546,"W/m2"
"new",1923,"RF_albedo",-0.116596116859777,"W/m2"
"new",1924,"RF_albedo",-0.117865217370008,"W/m2"
"new",1925,"RF_albedo",-0.119134317880239,"W/m2"
"new",1926,"RF_albedo",-0.12040341839047,"W/m2"
"new",1927,"RF_albedo",-0.121672518900701,"W/m2"
"new",1928,"RF_albedo",-0.122941619410933,"W/m2"
"new",1929,"RF_albedo",-0.124210719921164,"W/m2"
"new",1930,"RF_albedo",-0.125479821569003,"W/m2"
"new",1931,"RF_albedo",-0.126748923435628,"W/m2"
"new",1932,"RF_albedo",-0.128018025302253,"W/m2"
"new",1933,"RF_albedo",-0.129287127168878,"W/m2"
"new",1934,"RF_albedo",-0.130556229035503,"W/m2"
"new",1935,"RF_albedo",-0.131825330902128,"W/m2"
"new",1936,"RF_albedo",-0.133094432768753,"W/m2"
"new",1937,"RF_albedo",-0.134363534635378,"W/m2"
"new",1938,"RF_albedo",-0.135632636502003,"W/m2"
"new",1939,"RF_albedo",-0.136901738368628,"W/m2"
"new",1940,"RF_albedo",-0.137936900080745,"W/m2"
"new",1941,"RF_albedo",-0.138601661584394,"W/m2"
"new",1942,"RF_albedo",-0.139266423088044,"W/m2"
"new",1943,"RF_albedo",-0.139931184591693,"W/m2"
"new",1944,"RF_albedo",-0.140595946095342,"W/m2"
"new",1945,"RF_albedo",-0.141260707598991,"W/m2"
"new",1946,"RF_albedo",-0.14192546910264,"W/m2"
"new",1947,"RF_albedo",-0.142590230606289,"W/m2"
"new",1948,"RF_albedo",-0.143254992109938,"W/m2"
"new",1949,"RF_albedo",-0.143919753613587,"W/m2"
"new",1950,"RF_albedo",-0.144584515117236,"W/m2"
"new",1951,"RF_albedo",-0.147107688730593,"W/m2"
"new",1952,"RF_albedo",-0.149759206819349,"W/m2"
"new",1953,"RF_albedo",-0.152410724908104,"W/m2"
"new",1954,"RF_albedo",-0.155062242996859,"W/m2"
"new",1955,"RF_albedo",-0.157713761085614,"W/m2"
"new",1956,"RF_albedo",-0.160365279174369,"W/m2"
"new",1957,"RF_albedo",-0.163016797263124,"W/m2"
"new",1958,"RF_albedo",-0.165668315351879,"W/m2"
"new",1959,"RF_albedo",-0.168319833440634,"W/m2"
"new",1960,"RF_albedo",-0.169716988151799,"W/m2"
"new",1961,"RF_albedo",-0.170424058282732,"W/m2"
"new",1962,"RF_albedo",-0.171131128413666,"W/m2"
"new",1963,"RF_albedo",-0.1718381985446,"W/m2"
"new",1964,"RF_albedo",-0.172545268675533,"W/m2"
"new",1965,"RF_albedo",-0.173252338806467,"W/m2"
"new",1966,"RF_albedo",-0.173959408937401,"W/m2"
"new",1967,"RF_albedo",-0.174666479068334,"W/m2"
"new",1968,"RF_albedo",-0.175373549199268,"W/m2"
"new",1969,"RF_albedo",-0.176080619330201,"W/m2"
"new",1970,"RF_albedo",-0.176787689461135,"W/m2"
"new",1971,"RF_albedo",-0.177492633142571,"W/m2"
"new",1972,"RF_albedo",-0.178133664469227,"W/m2"
"new",1973,"RF_albedo",-0.178774695795883,"W/m2"
"new",1974,"RF_albedo",-0.179415727122539,"W/m2"
"new",1975,"RF_albedo",-0.180056758449195,"W/m2"
"new",1976,"RF_albedo",-0.180697789775851,"W/m2"
"new",1977,"RF_albedo",-0.181338821102507,"W/m2"
"new",1978,"RF_albedo",-0.181979852429163,"W/m2"
"new",1979,"RF_albedo",-0.182620883755819,"W/m2"
"new",1980,"RF_albedo",-0.183261915082475,"W/m2"
"new",1981,"RF_albedo",-0.183902946409131,"W/m2"
"new",1982,"RF_albedo",-0.18456346194048,"W/m2"
"new",1983,"RF_albedo",-0.185305134820304,"W/m2"
"new",1984,"RF_albedo",-0.186046807700127,"W/m2"
"new",1985,"RF_albedo",-0.18678848057995,"W/m2"
"new",1986,"RF_albedo",-0.187530153459773,"W/m2"
"new",1987,"RF_albedo",-0.188271826339597,"W/m2"
"new",1988,"RF_albedo",-0.18901349921942,"W/m2"
"new",1989,"RF_albedo",-0.189755172099243,"W/m2"
"new",1990,"RF_albedo",-0.190496844979066,"W/m2"
"new",1991,"RF_albedo",-0.190962840929879,"W/m2"
"new",1992,"RF_albedo",-0.191297550525068,"W/m2"
"new",1993,"RF_albedo",-0.191632260120258,"W/m2"
"new",1994,"RF_albedo",-0.191966969715448,"W/m2"
"new",1995,"RF_albedo",-0.192301679310637,"W/m2"
"new",1996,"RF_albedo",-0.192636388905827,"W/m2"
"new",1997,"RF_albedo",-0.192971098501017,"W/m2"
"new",1998,"RF_albedo",-0.193305808096207,"W/m2"
"new",1999,"RF_albedo",-0.193640517691396,"W/m2"
"new",2000,"RF_albedo",-0.193975227286586,"W/m2"
"new",2001,"RF_albedo",-0.194309936881776,"W/m2"
"new",2002,"RF_albedo",-0.194644646476965,"W/m2"
"new",2003,"RF_albedo",-0.194979356072155,"W/m2"
"new",2004,"RF_albedo",-0.195314065667345,"W/m2"
"new",2005,"RF_albedo",-0.195648775262534,"W/m2"
"new",2006,"RF_albedo",-0.195983484857724,"W/m2"
"new",2007,"RF_albedo",-0.196318194452914,"W/m2"
"new",2008,"RF_albedo",-0.196652904048103,"W/m2"
"new",2009,"RF_albedo",-0.196987613643293,"W/m2"
"new",2010,"RF_albedo",-0.197322323238483,"W/m2"
"new",2011,"RF_albedo",-0.197657032833672,"W/m2"
"new",2012,"RF_albedo",-0.197991742428862,"W/m2"
"new",2013,"RF_albedo",-0.198326452024052,"W/m2"
"new",2014,"RF_albedo",-0.198661161619241,"W/m2"
"new",2015,"RF_albedo",-0.198995871214431,"W/m2"
"new",2016,"RF_albedo",-0.199330580809621,"W/m2"
"new",2017,"RF_albedo",-0.19966529040481,"W/m2"
"new",2018,"RF_albedo",-0.2,"W/m2"
"new",2019,"RF_albedo",-0.200955883263638,"W/m2"
"new",2020,"RF_albedo",-0.201896861616478,"W/m2"
"new",2021,"RF_albedo",-0.202826925933073,"W/m2"
"new",2022,"RF_albedo",-0.203746076213424,"W/m2"
"new",2023,"RF_albedo",-0.204654312457531,"W/m2"
"new",1745,"RF_misc",0,"W/m2"
"new",1746,"RF_misc",0,"W/m2"
"new",1747,"RF_misc",0,"W/m2"
"new",1748,"RF_misc",0,"W/m2"
"new",1749,"RF_misc",0,"W/m2"
"new",1750,"RF_misc",0,"W/m2"
"new",1751,"RF_misc",0,"W/m2"
"new",1752,"RF_misc",0,"W/m2"
"new",1753,"RF_misc",0,"W/m2"
"new",1754,"RF_misc",0,"W/m2"
"new",1755,"RF_misc",0,"W/m2"
"new",1756,"RF_misc",0,"W/m2"
"new",1757,"RF_misc",0,"W/m2"
"new",1758,"RF_misc",0,"W/m2"
"new",1759,"RF_misc",0,"W/m2"
"new",1760,"RF_misc",0,"W/m2"
"new",1761,"RF_misc",0,"W/m2"
"new",1762,"RF_misc",0,"W/m2"
"new",1763,"RF_misc",0,"W/m2"
"new",1764,"RF_misc",0,"W/m2"
"new",1765,"RF_misc",0,"W/m2"
"new",1766,"RF_misc",0,"W/m2"
"new",1767,"RF_misc",0,"W/m2"
"new",1768,"RF_misc",0,"W/m2"
"new",1769,"RF_misc",0,"W/m2"
"new",1770,"RF_misc",0,"W/m2"
"new",1771,"RF_misc",0,"W/m2"
"new",1772,"RF_misc",0,"W/m2"
"new",1773,"RF_misc",0,"W/m2"
"new",1774,"RF_misc",0,"W/m2"
"new",1775,"RF_misc",0,"W/m2"
"new",1776,"RF_misc",0,"W/m2"
"new",1777,"RF_misc",0,"W/m2"
"new",1778,"RF_misc",0,"W/m2"
"new",1779,"RF_misc",0,"W/m2"
"new",1780,"RF_misc",0,"W/m2"
"new",1781,"RF_misc",0,"W/m2"
"new",1782,"RF_misc",0,"W/m2"
"new",1783,"RF_misc",0,"W/m2"
"new",1784,"RF_misc",0,"W/m2"
"new",1785,"RF_misc",0,"W/m2"
"new",1786,"RF_misc",0,"W/m2"
"new",1787,"RF_misc",0,"W/m2"
"new",1788,"RF_misc",0,"W/m2"
"new",1789,"RF_misc",0,"W/m2"
"new",1790,"RF_misc",0,"W/m2"
"new",1791,"RF_misc",0,"W/m2"
"new",1792,"RF_misc",0,"W/m2"
"new",1793,"RF_misc",0,"W/m2"
"new",1794,"RF_misc",0,"W/m2"
"new",1795,"RF_misc",0,"W/m2"
"new",1796,"RF_misc",0,"W/m2"
"new",1797,"RF_misc",0,"W/m2"
"new",1798,"RF_misc",0,"W/m2"
"new",1799,"RF_misc",0,"W/m2"
"new",1800,"RF_misc",0,"W/m2"
"new",1801,"RF_misc",0,"W/m2"
"new",1802,"RF_misc",0,"W/m2"
"new",1803,"RF_misc",0,"W/m2"
"new",1804,"RF_misc",0,"W/m2"
"new",1805,"RF_misc",0,"W/m2"
"new",1806,"RF_misc",0,"W/m2"
"new",1807,"RF_misc",0,"W/m2"
"new",1808,"RF_misc",0,"W/m2"
"new",1809,"RF_misc",0,"W/m2"
"new",1810,"RF_misc",0,"W/m2"
"new",1811,"RF_misc",0,"W/m2"
"new",1812,"RF_misc",0,"W/m2"
"new",1813,"RF_misc",0,"W/m2"
"new",1814,"RF_misc",0,"W/m2"
"new",1815,"RF_misc",0,"W/m2"
"new",1816,"RF_misc",0,"W/m2"
"new",1817,"RF_misc",0,"W/m2"
"new",1818,"RF_misc",0,"W/m2"
"new",1819,"RF_misc",0,"W/m2"
"new",1820,"RF_misc",0,"W/m2"
"new",1821,"RF_misc",0,"W/m2"
"new",1822,"RF_misc",0,"W/m2"
"new",1823,"RF_misc",0,"W/m2"
"new",1824,"RF_misc",0,"W/m2"
"new",1825,"RF_misc",0,"W/m2"
"new",1826,"RF_misc",0,"W/m2"
"new",1827,"RF_misc",0,"W/m2"
"new",1828,"RF_misc",0,"W/m2"
"new",1829,"RF_misc",0,"W/m2"
"new",1830,"RF_misc",0,"W/m2"
"new",1831,"RF_misc",0,"W/m2"
"new",1832,"RF_misc",0,"W/m2"
"new",1833,"RF_misc",0,"W/m2"
"new",1834,"RF_misc",0,"W/m2"
"new",1835,"RF_misc",0,"W/m2"
"new",1836,"RF_misc",0,"W/m2"
"new",1837,"RF_misc",0,"W/m2"
"new",1838,"RF_misc",0,"W/m2"
"new",1839,"RF_misc",0,"W/m2"
"new",1840,"RF_misc",0,"W/m2"
"new",1841,"RF_misc",0,"W/m2"
"new",1842,"RF_misc",0,"W/m2"
"new",1843,"RF_misc",0,"W/m2"
"new",1844,"RF_misc",0,"W/m2"
"new",1845,"RF_misc",0,"W/m2"
"new",1846,"RF_misc",0,"W/m2"
"new",1847,"RF_misc",0,"W/m2"
"new",1848,"RF_misc",0,"W/m2"
"new",1849,"RF_misc",0,"W/m2"
"new",1850,"RF_misc",0,"W/m2"
"new",1851,"RF_misc",0,"W/m2"
"new",1852,"RF_misc",0,"W/m2"
"new",1853,"RF_misc",0,"W/m2"
"new",1854,"RF_misc",0,"W/m2"
"new",1855,"RF_misc",0,"W/m2"
"new",1856,"RF_misc",0,"W/m2"
"new",1857,"RF_misc",0,"W/m2"
"new",1858,"RF_misc",0,"W/m2"
"new",1859,"RF_misc",0,"W/m2"
"new",1860,"RF_misc",0,"W/m2"
"new",1861,"RF_misc",0,"W/m2"
"new",1862,"RF_misc",0,"W/m2"
"new",1863,"RF_misc",0,"W/m2"
"new",1864,"RF_misc",0,"W/m2"
"new",1865,"RF_misc",0,"W/m2"
"new",1866,"RF_misc",0,"W/m2"
"new",1867,"RF_misc",0,"W/m2"
"new",1868,"RF_misc",0,"W/m2"
"new",1869,"RF_misc",0,"W/m2"
"new",1870,"RF_misc",0,"W/m2"
"new",1871,"RF_misc",0,"W/m2"
"new",1872,"RF_misc",0,"W/m2"
"new",1873,"RF_misc",0,"W/m2"
"new",1874,"RF_misc",0,"W/m2"
"new",1875,"RF_misc",0,"W/m2"
"new",1876,"RF_misc",0,"W/m2"
"new",1877,"RF_misc",0,"W/m2"
"new",1878,"RF_misc",0,"W/m2"
"new",1879,"RF_misc",0,"W/m2"
"new",1880,"RF_misc",0,"W/m2"
"new",1881,"RF_misc",0,"W/m2"
"new",1882,"RF_misc",0,"W/m2"
"new",1883,"RF_misc",0,"W/m2"
"new",1884,"RF_misc",0,"W/m2"
"new",1885,"RF_misc",0,"W/m2"
"new",1886,"RF_misc",0,"W/m2"
"new",1887,"RF_misc",0,"W/m2"
"new",1888,"RF_misc",0,"W/m2"
"new",1889,"RF_misc",0,"W/m2"
"new",1890,"RF_misc",0,"W/m2"
"new",1891,"RF_misc",0,"W/m2"
"new",1892,"RF_misc",0,"W/m2"
"new",1893,"RF_misc",0,"W/m2"
"new",1894,"RF_misc",0,"W/m2"
"new",1895,"RF_misc",0,"W/m2"
"new",1896,"RF_misc",0,"W/m2"
"new",1897,"RF_misc",0,"W/m2"
"new",1898,"RF_misc",0,"W/m2"
"new",1899,"RF_misc",0,"W/m2"
"new",1900,"RF_misc",0,"W/m2"
"new",1901,"RF_misc",0,"W/m2"
"new",1902,"RF_misc",0,"W/m2"
"new",1903,"RF_misc",0,"W/m2"
"new",1904,"RF_misc",0,"W/m2"
"new",1905,"RF_misc",0,"W/m2"
"new",1906,"RF_misc",0,"W/m2"
"new",1907,"RF_misc",0,"W/m2"
"new",1908,"RF_misc",0,"W/m2"
"new",1909,"RF_misc",0,"W/m2"
"new",1910,"RF_misc",0,"W/m2"
"new",1911,"RF_misc",0,"W/m2"
"new",1912,"RF_misc",0,"W/m2"
"new",1913,"RF_misc",0,"W/m2"
"new",1914,"RF_misc",0,"W/m2"
"new",1915,"RF_misc",0,"W/m2"
"new",1916,"RF_misc",0,"W/m2"
"new",1917,"RF_misc",0,"W/m2"
"new",1918,"RF_misc",0,"W/m2"
"new",1919,"RF_misc",0,"W/m2"
"new",1920,"RF_misc",0,"W/m2"
"new",1921,"RF_misc",0,"W/m2"
"new",1922,"RF_misc",0,"W/m2"
"new",1923,"RF_misc",0,"W/m2"
"new",1924,"RF_misc",0,"W/m2"
"new",1925,"RF_misc",0,"W/m2"
"new",1926,"RF_misc",0,"W/m2"
"new",1927,"RF_misc",0,"W/m2"
"new",1928,"RF_misc",0,"W/m2"
"new",1929,"RF_misc",0,"W/m2"
"new",1930,"RF_misc",0,"W/m2"
"new",1931,"RF_misc",0,"W/m2"
"new",1932,"RF_misc",0,"W/m2"
"new",1933,"RF_misc",0,"W/m2"
"new",1934,"RF_misc",0,"W/m2"
"new",1935,"RF_misc",0,"W/m2"
"new",1936,"RF_misc",0,"W/m2"
"new",1937,"RF_misc",0,"W/m2"
"new",1938,"RF_misc",0,"W/m2"
"new",1939,"RF_misc",0,"W/m2"
"new",1940,"RF_misc",0,"W/m2"
"new",1941,"RF_misc",0,"W/m2"
"new",1942,"RF_misc",0,"W/m2"
"new",1943,"RF_misc",0,"W/m2"
"new",1944,"RF_misc",0,"W/m2"
"new",1945,"RF_misc",0,"W/m2"
"new",1946,"RF_misc",0,"W/m2"
"new",1947,"RF_misc",0,"W/m2"
"new",1948,"RF_misc",0,"W/m2"
"new",1949,"RF_misc",0,"W/m2"
"new",1950,"RF_misc",0,"W/m2"
"new",1951,"RF_misc",0,"W/m2"
"new",1952,"RF_misc",0,"W/m2"
"new",1953,"RF_misc",0,"W/m2"
"new",1954,"RF_misc",0,"W/m2"
"new",1955,"RF_misc",0,"W/m2"
"new",1956,"RF_misc",0,"W/m2"
"new",1957,"RF_misc",0,"W/m2"
"new",1958,"RF_misc",0,"W/m2"
"new",1959,"RF_misc",0,"W/m2"
"new",1960,"RF_misc",0,"W/m2"
"new",1961,"RF_misc",0,"W/m2"
"new",1962,"RF_misc",0,"W/m2"
"new",1963,"RF_misc",0,"W/m2"
"new",1964,"RF_misc",0,"W/m2"
"new",1965,"RF_misc",0,"W/m2"
"new",1966,"RF_misc",0,"W/m2"
"new",1967,"RF_misc",0,"W/m2"
"new",1968,"RF_misc",0,"W/m2"
"new",1969,"RF_misc",0,"W/m2"
"new",1970,"RF_misc",0,"W/m2"
"new",1971,"RF_misc",0,"W/m2"
"new",1972,"RF_misc",0,"W/m2"
"new",1973,"RF_misc",0,"W/m2"
"new",1974,"RF_misc",0,"W/m2"
"new",1975,"RF_misc",0,"W/m2"
"new",1976,"RF_misc",0,"W/m2"
"new",1977,"RF_misc",0,"W/m2"
"new",1978,"RF_misc",0,"W/m2"
"new",1979,"RF_misc",0,"W/m2"
"new",1980,"RF_misc",0,"W/m2"
"new",1981,"RF_misc",0,"W/m2"
"new",1982,"RF_misc",0,"W/m2"
"new",1983,"RF_misc",0,"W/m2"
"new",1984,"RF_misc",0,"W/m2"
"new",1985,"RF_misc",0,"W/m2"
"new",1986,"RF_misc",0,"W/m2"
"new",1987,"RF_misc",0,"W/m2"
"new",1988,"RF_misc",0,"W/m2"
"new",1989,"RF_misc",0,"W/m2"
"new",1990,"RF_misc",0,"W/m2"
"new",1991,"RF_misc",0,"W/m2"
"new",1992,"RF_misc",0,"W/m2"
"new",1993,"RF_misc",0,"W/m2"
"new",1994,"RF_misc",0,"W/m2"
"new",1995,"RF_misc",0,"W/m2"
"new",1996,"RF_misc",0,"W/m2"
"new",1997,"RF_misc",0,"W/m2"
"new",1998,"RF_misc",0,"W/m2"
"new",1999,"RF_misc",0,"W/m2"
"new",2000,"RF_misc",0,"W/m2"
"new",2001,"RF_misc",0,"W/m2"
"new",2002,"RF_misc",0,"W/m2"
"new",2003,"RF_misc",0,"W/m2"
"new",2004,"RF_misc",0,"W/m2"
"new",2005,"RF_misc",0,"W/m2"
"new",2006,"RF_misc",0,"W/m2"
"new",2007,"RF_misc",0,"W/m2"
"new",2008,"RF_misc",0,"W/m2"
"new",2009,"RF_misc",0,"W/m2"
"new",2010,"RF_misc",0,"W/m2"
"new",2011,"RF_misc",0,"W/m2"
"new",2012,"RF_misc",0,"W/m2"
"new",2013,"RF_misc",0,"W/m2"
"new",2014,"RF_misc",0,"W/m2"
"new",2015,"RF_misc",0,"W/m2"
"new",2016,"RF_misc",0,"W/m2"
"new",2017,"RF_misc",0,"W/m2"
"new",2018,"RF_misc",0,"W/m2"
"new",2019,"RF_misc",0,"W/m2"
"new",2020,"RF_misc",0,"W/m2"
"new",2021,"RF_misc",0,"W/m2"
"new",2022,"RF_misc",0,"W/m2"
"new",2023,"RF_misc",0,"W/m2"
"new",1745,"heatflux",0,"W/m2"
"new",1746,"heatflux",0,"W/m2"
"new",1747,"heatflux",0,"W/m2"
"new",1748,"heatflux",0,"W/m2"
"new",1749,"heatflux",0,"W/m2"
"new",1750,"heatflux",0,"W/m2"
"new",1751,"heatflux",0.116487550715931,"W/m2"
"new",1752,"heatflux",0.22523979199142,"W/m2"
"new",1753,"heatflux",0.207566677287211,"W/m2"
"new",1754,"heatflux",0.1838129097415,"W/m2"
"new",1755,"heatflux",0.15376483919613,"W/m2"
"new",1756,"heatflux",-0.00343520177952449,"W/m2"
"new",1757,"heatflux",-0.0596382898919876,"W/m2"
"new",1758,"heatflux",0.0734655638494505,"W/m2"
"new",1759,"heatflux",0.137670538752237,"W/m2"
"new",1760,"heatflux",0.148432258766995,"W/m2"
"new",1761,"heatflux",0.146712736409671,"W/m2"
"new",1762,"heatflux",-0.403924339572057,"W/m2"
"new",1763,"heatflux",-0.737893896453232,"W/m2"
"new",1764,"heatflux",-0.251201455607524,"W/m2"
"new",1765,"heatflux",0.105651692131951,"W/m2"
"new",1766,"heatflux",0.00708039566704307,"W/m2"
"new",1767,"heatflux",-0.197975731299999,"W/m2"
"new",1768,"heatflux",-0.066205080217468,"W/m2"
"new",1769,"heatflux",0.152187186596902,"W/m2"
"new",1770,"heatflux",0.144069002182214,"W/m2"
"new",1771,"heatflux",0.107723665574227,"W/m2"
"new",1772,"heatflux",0.173053901209727,"W/m2"
"new",1773,"heatflux",0.210683417474622,"W/m2"
"new",1774,"heatflux",0.202510845309201,"W/m2"
"new",1775,"heatflux",0.189032622247467,"W/m2"
"new",1776,"heatflux",0.182954904469639,"W/m2"
"new",1777,"heatflux",0.170879770578841,"W/m2"
"new",1778,"heatflux",0.156627311723123,"W/m2"
"new",1779,"heatflux",0.148768510605393,"W/m2"
"new",1780,"heatflux",0.139673642065081,"W/m2"
"new",1781,"heatflux",0.133005262763935,"W/m2"
"new",1782,"heatflux",0.132022772287611,"W/m2"
"new",1783,"heatflux",-0.957044133677892,"W/m2"
"new",1784,"heatflux",-3.07927066936672,"W/m2"
"new",1785,"heatflux",-2.6309514959708,"W/m2"
"new",1786,"heatflux",-0.594178394459565,"W/m2"
"new",1787,"heatflux",0.194461600326271,"W/m2"
"new",1788,"heatflux",0.488488876647357,"W/m2"
"new",1789,"heatflux",0.559082607875482,"W/m2"
"new",1790,"heatflux",0.534552332992154,"W/m2"
"new",1791,"heatflux",0.486054223201894,"W/m2"
"new",1792,"heatflux",0.439932870690357,"W/m2"
"new",1793,"heatflux",0.394526563314926,"W/m2"
"new",1794,"heatflux",0.346737351765158,"W/m2"
"new",1795,"heatflux",0.311770337281838,"W/m2"
"new",1796,"heatflux",0.213682363351918,"W/m2"
"new",1797,"heatflux",0.0609290372831172,"W/m2"
"new",1798,"heatflux",0.058583650802511,"W/m2"
"new",1799,"heatflux",0.168784193045201,"W/m2"
"new",1800,"heatflux",0.226287183745933,"W/m2"
"new",1801,"heatflux",0.23767976830117,"W/m2"
"new",1802,"heatflux",0.233507374913807,"W/m2"
"new",1803,"heatflux",0.224633863340091,"W/m2"
"new",1804,"heatflux",0.220252201324985,"W/m2"
"new",1805,"heatflux",0.207887732252448,"W/m2"
"new",1806,"heatflux",0.196307938150512,"W/m2"
"new",1807,"heatflux",0.190117655534885,"W/m2"
"new",1808,"heatflux",0.17629328885293,"W/m2"
"new",1809,"heatflux",-1.9834863939507,"W/m2"
"new",1810,"heatflux",-3.30044258662011,"W/m2"
"new",1811,"heatflux",-1.40262322786211,"W/m2"
"new",1812,"heatflux",0.0595565103096892,"W/m2"
"new",1813,"heatflux",0.524179525986009,"W/m2"
"new",1814,"heatflux",0.605834567550109,"W/m2"
"new",1815,"heatflux",-1.55281291618208,"W/m2"
"new",1816,"heatflux",-4.13729804883183,"W/m2"
"new",1817,"heatflux",-2.69104709835312,"W/m2"
"new",1818,"heatflux",-0.100622153697068,"W/m2"
"new",1819,"heatflux",0.792707493172195,"W/m2"
"new",1820,"heatflux",0.983841279179657,"W/m2"
"new",1821,"heatflux",0.888198634626315,"W/m2"
"new",1822,"heatflux",0.737923853514665,"W/m2"
"new",1823,"heatflux",0.445630400907103,"W/m2"
"new",1824,"heatflux",0.336352560381703,"W/m2"
"new",1825,"heatflux",0.52226448365676,"W/m2"
"new",1826,"heatflux",0.584370962204181,"W/m2"
"new",1827,"heatflux",0.572278110194425,"W/m2"
"new",1828,"heatflux",0.527781414335586,"W/m2"
"new",1829,"heatflux",0.485898930557409,"W/m2"
"new",1830,"heatflux",0.452816030038802,"W/m2"
"new",1831,"heatflux",-1.04562899594766,"W/m2"
"new",1832,"heatflux",-1.94792317567179,"W/m2"
"new",1833,"heatflux",-0.666998716271137,"W/m2"
"new",1834,"heatflux",0.288210792360211,"W/m2"
"new",1835,"heatflux",-0.494067306425108,"W/m2"
"new",1836,"heatflux",-1.08778191368115,"W/m2"
"new",1837,"heatflux",-0.162355427763356,"W/m2"
"new",1838,"heatflux",0.507198593544252,"W/m2"
"new",1839,"heatflux",0.690062414223464,"W/m2"
"new",1840,"heatflux",0.695587807615051,"W/m2"
"new",1841,"heatflux",0.648973482248873,"W/m2"
"new",1842,"heatflux",0.596499731812646,"W/m2"
"new",1843,"heatflux",0.552633437732087,"W/m2"
"new",1844,"heatflux",0.517253133615743,"W/m2"
"new",1845,"heatflux",0.478800935249263,"W/m2"
"new",1846,"heatflux",0.337407892459346,"W/m2"
"new",1847,"heatflux",0.246712477731485,"W/m2"
"new",1848,"heatflux",0.314491687199361,"W/m2"
"new",1849,"heatflux",0.36764426919782,"W/m2"
"new",1850,"heatflux",0.378010881710153,"W/m2"
"new",1851,"heatflux",0.375270772938243,"W/m2"
"new",1852,"heatflux",0.368346733389343,"W/m2"
"new",1853,"heatflux",0.253874099877312,"W/m2"
"new",1854,"heatflux",0.123943104455717,"W/m2"
"new",1855,"heatflux",0.188171254310231,"W/m2"
"new",1856,"heatflux",0.277791621282481,"W/m2"
"new",1857,"heatflux",0.174752901288327,"W/m2"
"new",1858,"heatflux",0.153762620559975,"W/m2"
"new",1859,"heatflux",0.275537260665434,"W/m2"
"new",1860,"heatflux",0.321238626391625,"W/m2"
"new",1861,"heatflux",0.288241083601592,"W/m2"
"new",1862,"heatflux",-0.202742416162604,"W/m2"
"new",1863,"heatflux",-0.3897452657939,"W/m2"
"new",1864,"heatflux",0.0640774425990454,"W/m2"
"new",1865,"heatflux",0.312284048145092,"W/m2"
"new",1866,"heatflux",0.376999583873438,"W/m2"
"new",1867,"heatflux",0.379283937041449,"W/m2"
"new",1868,"heatflux",0.356088373665956,"W/m2"
"new",1869,"heatflux",0.337148509766045,"W/m2"
"new",1870,"heatflux",0.320515541860755,"W/m2"
"new",1871,"heatflux",0.307690976796386,"W/m2"
"new",1872,"heatflux",0.300836508652143,"W/m2"
"new",1873,"heatflux",0.159849178206126,"W/m2"
"new",1874,"heatflux",0.100801032925523,"W/m2"
"new",1875,"heatflux",0.192163431714259,"W/m2"
"new",1876,"heatflux",0.210903994545568,"W/m2"
"new",1877,"heatflux",0.23530020083494,"W/m2"
"new",1878,"heatflux",0.262066032610208,"W/m2"
"new",1879,"heatflux",0.259097405212886,"W/m2"
"new",1880,"heatflux",0.222651745317143,"W/m2"
"new",1881,"heatflux",0.191244772327566,"W/m2"
"new",1882,"heatflux",0.210891215795852,"W/m2"
"new",1883,"heatflux",-0.0769157433554964,"W/m2"
"new",1884,"heatflux",-1.2650291667293,"W/m2"
"new",1885,"heatflux",-1.33073795277423,"W/m2"
"new",1886,"heatflux",-0.157481613760894,"W/m2"
"new",1887,"heatflux",0.24014959943574,"W/m2"
"new",1888,"heatflux",0.339526682220883,"W/m2"
"new",1889,"heatflux",0.428123964318699,"W/m2"
"new",1890,"heatflux",0.347172674737826,"W/m2"
"new",1891,"heatflux",0.14067144154771,"W/m2"
"new",1892,"heatflux",0.144162149652702,"W/m2"
"new",1893,"heatflux",0.316119414389605,"W/m2"
"new",1894,"heatflux",0.360270943395262,"W/m2"
"new",1895,"heatflux",0.336295123288984,"W/m2"
"new",1896,"heatflux",0.319642909518017,"W/m2"
"new",1897,"heatflux",0.299715251654378,"W/m2"
"new",1898,"heatflux",0.279097815923139,"W/m2"
"new",1899,"heatflux",0.253259597558375,"W/m2"
"new",1900,"heatflux",0.230127604486131,"W/m2"
"new",1901,"heatflux",0.223277194677769,"W/m2"
"new",1902,"heatflux",0.158270469278086,"W/m2"
"new",1903,"heatflux",-0.390926584235913,"W/m2"
"new",1904,"heatflux",-0.562629332171249,"W/m2"
"new",1905,"heatflux",-0.0341449475588413,"W/m2"
"new",1906,"heatflux",0.239464961590826,"W/m2"
"new",1907,"heatflux",0.196855649558925,"W/m2"
"new",1908,"heatflux",0.150059042855634,"W/m2"
"new",1909,"heatflux",0.230691242770235,"W/m2"
"new",1910,"heatflux",0.248533746979188,"W/m2"
"new",1911,"heatflux",0.237036155740707,"W/m2"
"new",1912,"heatflux",-0.0297547361633531,"W/m2"
"new",1913,"heatflux",-0.322898932030189,"W/m2"
"new",1914,"heatflux",-0.110079957140829,"W/m2"
"new",1915,"heatflux",0.223741649366473,"W/m2"
"new",1916,"heatflux",0.313301091402066,"W/m2"
"new",1917,"heatflux",0.291232465573786,"W/m2"
"new",1918,"heatflux",0.273905303834319,"W/m2"
"new",1919,"heatflux",0.299447861333313,"W/m2"
"new",1920,"heatflux",0.302253886520642,"W/m2"
"new",1921,"heatflux",0.312279544208655,"W/m2"
"new",1922,"heatflux",0.275345185669057,"W/m2"
"new",1923,"heatflux",0.203695703201335,"W/m2"
"new",1924,"heatflux",0.250427079990856,"W/m2"
"new",1925,"heatflux",0.295117936900549,"W/m2"
"new",1926,"heatflux",0.286023863656466,"W/m2"
"new",1927,"heatflux",0.264794180802212,"W/m2"
"new",1928,"heatflux",0.233707147930375,"W/m2"
"new",1929,"heatflux",0.106241131388577,"W/m2"
"new",1930,"heatflux",0.12507797737932,"W/m2"
"new",1931,"heatflux",0.293339564899344,"W/m2"
"new",1932,"heatflux",0.264527606466309,"W/m2"
"new",1933,"heatflux",0.25176323478876,"W/m2"
"new",1934,"heatflux",0.302787560156745,"W/m2"
"new",1935,"heatflux",0.281528404623179,"W/m2"
"new",1936,"heatflux",0.246279128747565,"W/m2"
"new",1937,"heatflux",0.214502116883683,"W/m2"
"new",1938,"heatflux",0.22764895419791,"W/m2"
"new",1939,"heatflux",0.233805081369075,"W/m2"
"new",1940,"heatflux",0.195115961955135,"W/m2"
"new",1941,"heatflux",0.17394699707866,"W/m2"
"new",1942,"heatflux",0.167279837053693,"W/m2"
"new",1943,"heatflux",0.16954252755921,"W/m2"
"new",1944,"heatflux",0.192595088297875,"W/m2"
"new",1945,"heatflux",0.257518749671016,"W/m2"
"new",1946,"heatflux",0.316075850532809,"W/m2"
"new",1947,"heatflux",0.301582982005413,"W/m2"
"new",1948,"heatflux",0.267186363517977,"W/m2"
"new",1949,"heatflux",0.259567725519457,"W/m2"
"new",1950,"heatflux",0.239538782657067,"W/m2"
"new",1951,"heatflux",0.217877789684411,"W/m2"
"new",1952,"heatflux",0.212827486449666,"W/m2"
"new",1953,"heatflux",0.204114872950185,"W/m2"
"new",1954,"heatflux",0.2025243914047,"W/m2"
"new",1955,"heatflux",0.189468495264119,"W/m2"
"new",1956,"heatflux",0.158008894535051,"W/m2"
"new",1957,"heatflux",0.14054132487213,"W/m2"
"new",1958,"heatflux",0.159156350272001,"W/m2"
"new",1959,"heatflux",0.173695227463283,"W/m2"
"new",1960,"heatflux",0.162205665000271,"W/m2"
"new",1961,"heatflux",0.147521528723454,"W/m2"
"new",1962,"heatflux",0.0555219139178248,"W/m2"
"new",1963,"heatflux",-0.484409883955683,"W/m2"
"new",1964,"heatflux",-0.823493354195112,"W/m2"
"new",1965,"heatflux",-0.473284389347246,"W/m2"
"new",1966,"heatflux",0.0331859672347335,"W/m2"
"new",1967,"heatflux",0.181996118275962,"W/m2"
"new",1968,"heatflux",0.111036573504715,"W/m2"
"new",1969,"heatflux",0.204083867918785,"W/m2"
"new",1970,"heatflux",0.225913764488608,"W/m2"
"new",1971,"heatflux",0.15272035671678,"W/m2"
"new",1972,"heatflux",0.148843524018889,"W/m2"
"new",1973,"heatflux",0.26565187369775,"W/m2"
"new",1974,"heatflux",0.329321967650487,"W/m2"
"new",1975,"heatflux",0.160791456930917,"W/m2"
"new",1976,"heatflux",0.148962689838895,"W/m2"
"new",1977,"heatflux",0.365494310126216,"W/m2"
"new",1978,"heatflux",0.461132836799581,"W/m2"
"new",1979,"heatflux",0.480344558080449,"W/m2"
"new",1980,"heatflux",0.458131187951642,"W/m2"
"new",1981,"heatflux",0.453964969674131,"W/m2"
"new",1982,"heatflux",0.328380365791585,"W/m2"
"new",1983,"heatflux",-0.0670474021686017,"W/m2"
"new",1984,"heatflux",-0.0143629505661415,"W/m2"
"new",1985,"heatflux",0.441381083592401,"W/m2"
"new",1986,"heatflux",0.611347455296588,"W/m2"
"new",1987,"heatflux",0.658086198292965,"W/m2"
"new",1988,"heatflux",0.719731358538372,"W/m2"
"new",1989,"heatflux",0.782737233230241,"W/m2"
"new",1990,"heatflux",0.800788996771508,"W/m2"
"new",1991,"heatflux",0.419162169439592,"W/m2"
"new",1992,"heatflux",-0.613791122316409,"W/m2"
"new",1993,"heatflux",-0.657970299557507,"W/m2"
"new",1994,"heatflux",0.409228427941191,"W/m2"
"new",1995,"heatflux",1.00468250577134,"W/m2"
"new",1996,"heatflux",1.17006650547987,"W/m2"
"new",1997,"heatflux",1.11210390656426,"W/m2"
"new",1998,"heatflux",1.02642576800938,"W/m2"
"new",1999,"heatflux",1.0870967694156,"W/m2"
"new",2000,"heatflux",1.14948404268204,"W/m2"
"new",2001,"heatflux",1.13293419227093,"W/m2"
"new",2002,"heatflux",1.06023501155829,"W/m2"
"new",2003,"heatflux",0.967819057082076,"W/m2"
"new",2004,"heatflux",0.946207497345137,"W/m2"
"new",2005,"heatflux",0.925391001570643,"W/m2"
"new",2006,"heatflux",0.859956086149123,"W/m2"
"new",2007,"heatflux",0.866510584424459,"W/m2"
"new",2008,"heatflux",0.946947756597162,"W/m2"
"new",2009,"heatflux",1.01993970485982,"W/m2"
"new",2010,"heatflux",1.07162334798592,"W/m2"
"new",2011,"heatflux",1.07868697513263,"W/m2"
"new",2012,"heatflux",1.07327288739482,"W/m2"
"new",2013,"heatflux",1.14228360402572,"W/m2"
"new",2014,"heatflux",1.18655548481099,"W/m2"
"new",2015,"heatflux",1.17504691594773,"W/m2"
"new",2016,"heatflux",1.22347913586034,"W/m2"
"new",2017,"heatflux",1.25979363864637,"W/m2"
"new",2018,"heatflux",1.25752687064601,"W/m2"
"new",2019,"heatflux",1.20955819146052,"W/m2"
"new",2020,"heatflux",1.24779342541363,"W/m2"
"new",2021,"heatflux",1.24458160382656,"W/m2"
"new",2022,"heatflux",1.2579825830421,"W/m2"
"new",2023,"heatflux",1.32673290091341,"W/m2"
"new",1745,"CO2_concentration",277.15,"ppmv CO2"
"new",1746,"CO2_concentration",277.187610857923,"ppmv CO2"
"new",1747,"CO2_concentration",277.221261480674,"ppmv CO2"
"new",1748,"CO2_concentration",277.252721064958,"ppmv CO2"
"new",1749,"CO2_concentration",277.282463317145,"ppmv CO2"
"new",1750,"CO2_concentration",277.310805715684,"ppmv CO2"
"new",1751,"CO2_concentration",277.337954559013,"ppmv CO2"
"new",1752,"CO2_concentration",277.387999665277,"ppmv CO2"
"new",1753,"CO2_concentration",277.446371498539,"ppmv CO2"
"new",1754,"CO2_concentration",277.505817531295,"ppmv CO2"
"new",1755,"CO2_concentration",277.563059463372,"ppmv CO2"
"new",1756,"CO2_concentration",277.615639365925,"ppmv CO2"
"new",1757,"CO2_concentration",277.637382574461,"ppmv CO2"
"new",1758,"CO2_concentration",277.662239245524,"ppmv CO2"
"new",1759,"CO2_concentration",277.698878922626,"ppmv CO2"
"new",1760,"CO2_concentration",277.743004285177,"ppmv CO2"
"new",1761,"CO2_concentration",277.78984638637,"ppmv CO2"
"new",1762,"CO2_concentration",277.837998368313,"ppmv CO2"
"new",1763,"CO2_concentration",277.773610526149,"ppmv CO2"
"new",1764,"CO2_concentration",277.702679953768,"ppmv CO2"
"new",1765,"CO2_concentration",277.685947229372,"ppmv CO2"
"new",1766,"CO2_concentration",277.70939102343,"ppmv CO2"
"new",1767,"CO2_concentration",277.713368070594,"ppmv CO2"
"new",1768,"CO2_concentration",277.703034504855,"ppmv CO2"
"new",1769,"CO2_concentration",277.719342865865,"ppmv CO2"
"new",1770,"CO2_concentration",277.760221278707,"ppmv CO2"
"new",1771,"CO2_concentration",277.797819077039,"ppmv CO2"
"new",1772,"CO2_concentration",277.840832459025,"ppmv CO2"
"new",1773,"CO2_concentration",277.89353311664,"ppmv CO2"
"new",1774,"CO2_concentration",277.951535939337,"ppmv CO2"
"new",1775,"CO2_concentration",278.0095873636,"ppmv CO2"
"new",1776,"CO2_concentration",278.067563882833,"ppmv CO2"
"new",1777,"CO2_concentration",278.124920069318,"ppmv CO2"
"new",1778,"CO2_concentration",278.180489484391,"ppmv CO2"
"new",1779,"CO2_concentration",278.234051778028,"ppmv CO2"
"new",1780,"CO2_concentration",278.287094233154,"ppmv CO2"
"new",1781,"CO2_concentration",278.338577140947,"ppmv CO2"
"new",1782,"CO2_concentration",278.390094640916,"ppmv CO2"
"new",1783,"CO2_concentration",278.441314331602,"ppmv CO2"
"new",1784,"CO2_concentration",278.270255748408,"ppmv CO2"
"new",1785,"CO2_concentration",277.816310889833,"ppmv CO2"
"new",1786,"CO2_concentration",277.49031461856,"ppmv CO2"
"new",1787,"CO2_concentration",277.355685049533,"ppmv CO2"
"new",1788,"CO2_concentration",277.358797133591,"ppmv CO2"
"new",1789,"CO2_concentration",277.442244394483,"ppmv CO2"
"new",1790,"CO2_concentration",277.565791416693,"ppmv CO2"
"new",1791,"CO2_concentration",277.705541896609,"ppmv CO2"
"new",1792,"CO2_concentration",277.850922205483,"ppmv CO2"
"new",1793,"CO2_concentration",277.996589639454,"ppmv CO2"
"new",1794,"CO2_concentration",278.139986718443,"ppmv CO2"
"new",1795,"CO2_concentration",278.279113153734,"ppmv CO2"
"new",1796,"CO2_concentration",278.415784279274,"ppmv CO2"
"new",1797,"CO2_concentration",278.536073916639,"ppmv CO2"
"new",1798,"CO2_concentration",278.63650736813,"ppmv CO2"
"new",1799,"CO2_concentration",278.740108814383,"ppmv CO2"
"new",1800,"CO2_concentration",278.856820453729,"ppmv CO2"
"new",1801,"CO2_concentration",278.98301282547,"ppmv CO2"
"new",1802,"CO2_concentration",279.114793063235,"ppmv CO2"
"new",1803,"CO2_concentration",279.249830883808,"ppmv CO2"
"new",1804,"CO2_concentration",279.385664426009,"ppmv CO2"
"new",1805,"CO2_concentration",279.523028467167,"ppmv CO2"
"new",1806,"CO2_concentration",279.659902599689,"ppmv CO2"
"new",1807,"CO2_concentration",279.79183317407,"ppmv CO2"
"new",1808,"CO2_concentration",279.919778813595,"ppmv CO2"
"new",1809,"CO2_concentration",280.043011605475,"ppmv CO2"
"new",1810,"CO2_concentration",279.754395980795,"ppmv CO2"
"new",1811,"CO2_concentration",279.407407614296,"ppmv CO2"
"new",1812,"CO2_concentration",279.255598083401,"ppmv CO2"
"new",1813,"CO2_concentration",279.283438602233,"ppmv CO2"
"new",1814,"CO2_concentration",279.415098774094,"ppmv CO2"
"new",1815,"CO2_concentration",279.595358305231,"ppmv CO2"
"new",1816,"CO2_concentration",279.399499842192,"ppmv CO2"
"new",1817,"CO2_concentration",278.917668002632,"ppmv CO2"
"new",1818,"CO2_concentration",278.652042235625,"ppmv CO2"
"new",1819,"CO2_concentration",278.657762537222,"ppmv CO2"
"new",1820,"CO2_concentration",278.832550061539,"ppmv CO2"
"new",1821,"CO2_concentration",279.089248793226,"ppmv CO2"
"new",1822,"CO2_concentration",279.367375023083,"ppmv CO2"
"new",1823,"CO2_concentration",279.647820772255,"ppmv CO2"
"new",1824,"CO2_concentration",279.886882148933,"ppmv CO2"
"new",1825,"CO2_concentration",280.130482083816,"ppmv CO2"
"new",1826,"CO2_concentration",280.392518464269,"ppmv CO2"
"new",1827,"CO2_concentration",280.666839975531,"ppmv CO2"
"new",1828,"CO2_concentration",280.945705858606,"ppmv CO2"
"new",1829,"CO2_concentration",281.22286428135,"ppmv CO2"
"new",1830,"CO2_concentration",281.497585544688,"ppmv CO2"
"new",1831,"CO2_concentration",281.771714786655,"ppmv CO2"
"new",1832,"CO2_concentration",281.767570128891,"ppmv CO2"
"new",1833,"CO2_concentration",281.717489439564,"ppmv CO2"
"new",1834,"CO2_concentration",281.797626847933,"ppmv CO2"
"new",1835,"CO2_concentration",281.995025192513,"ppmv CO2"
"new",1836,"CO2_concentration",282.059096793604,"ppmv CO2"
"new",1837,"CO2_concentration",282.123545261713,"ppmv CO2"
"new",1838,"CO2_concentration",282.296363168749,"ppmv CO2"
"new",1839,"CO2_concentration",282.559468248949,"ppmv CO2"
"new",1840,"CO2_concentration",282.872122336658,"ppmv CO2"
"new",1841,"CO2_concentration",283.206440819105,"ppmv CO2"
"new",1842,"CO2_concentration",283.547790443501,"ppmv CO2"
"new",1843,"CO2_concentration",283.890222034874,"ppmv CO2"
"new",1844,"CO2_concentration",284.231845229197,"ppmv CO2"
"new",1845,"CO2_concentration",284.572726426758,"ppmv CO2"
"new",1846,"CO2_concentration",284.912147433541,"ppmv CO2"
"new",1847,"CO2_concentration",285.229552498212,"ppmv CO2"
"new",1848,"CO2_concentration",285.543732525534,"ppmv CO2"
"new",1849,"CO2_concentration",285.866305477212,"ppmv CO2"
"new",1850,"CO2_concentration",286.198873347237,"ppmv CO2"
"new",1851,"CO2_concentration",286.531713037267,"ppmv CO2"
"new",1852,"CO2_concentration",286.884957418413,"ppmv CO2"
"new",1853,"CO2_concentration",287.239191859224,"ppmv CO2"
"new",1854,"CO2_concentration",287.561025922416,"ppmv CO2"
"new",1855,"CO2_concentration",287.857288007365,"ppmv CO2"
"new",1856,"CO2_concentration",288.146328185325,"ppmv CO2"
"new",1857,"CO2_concentration",288.443785651559,"ppmv CO2"
"new",1858,"CO2_concentration",288.709120400863,"ppmv CO2"
"new",1859,"CO2_concentration",288.973925619594,"ppmv CO2"
"new",1860,"CO2_concentration",289.251319282126,"ppmv CO2"
"new",1861,"CO2_concentration",289.497677094121,"ppmv CO2"
"new",1862,"CO2_concentration",289.733599003551,"ppmv CO2"
"new",1863,"CO2_concentration",289.869004661206,"ppmv CO2"
"new",1864,"CO2_concentration",289.999604542591,"ppmv CO2"
"new",1865,"CO2_concentration",290.164241576327,"ppmv CO2"
"new",1866,"CO2_concentration",290.354992280242,"ppmv CO2"
"new",1867,"CO2_concentration",290.56463618007,"ppmv CO2"
"new",1868,"CO2_concentration",290.774347358474,"ppmv CO2"
"new",1869,"CO2_concentration",290.977442855348,"ppmv CO2"
"new",1870,"CO2_concentration",291.185126090804,"ppmv CO2"
"new",1871,"CO2_concentration",291.418261698068,"ppmv CO2"
"new",1872,"CO2_concentration",291.649711857107,"ppmv CO2"
"new",1873,"CO2_concentration",291.909206682252,"ppmv CO2"
"new",1874,"CO2_concentration",292.117402036872,"ppmv CO2"
"new",1875,"CO2_concentration",292.337975309724,"ppmv CO2"
"new",1876,"CO2_concentration",292.564854435885,"ppmv CO2"
"new",1877,"CO2_concentration",292.785495977818,"ppmv CO2"
"new",1878,"CO2_concentration",292.989370425947,"ppmv CO2"
"new",1879,"CO2_concentration",293.200796415999,"ppmv CO2"
"new",1880,"CO2_concentration",293.407713705476,"ppmv CO2"
"new",1881,"CO2_concentration",293.625137377967,"ppmv CO2"
"new",1882,"CO2_concentration",293.82957378094,"ppmv CO2"
"new",1883,"CO2_concentration",294.055662958261,"ppmv CO2"
"new",1884,"CO2_concentration",294.204530750095,"ppmv CO2"
"new",1885,"CO2_concentration",294.153422076865,"ppmv CO2"
"new",1886,"CO2_concentration",294.156852591438,"ppmv CO2"
"new",1887,"CO2_concentration",294.264925934343,"ppmv CO2"
"new",1888,"CO2_concentration",294.454897056581,"ppmv CO2"
"new",1889,"CO2_concentration",294.678411032771,"ppmv CO2"
"new",1890,"CO2_concentration",294.934866802221,"ppmv CO2"
"new",1891,"CO2_concentration",295.225477911241,"ppmv CO2"
"new",1892,"CO2_concentration",295.515257657006,"ppmv CO2"
"new",1893,"CO2_concentration",295.800734289796,"ppmv CO2"
"new",1894,"CO2_concentration",296.122160361615,"ppmv CO2"
"new",1895,"CO2_concentration",296.451639733152,"ppmv CO2"
"new",1896,"CO2_concentration",296.787122161265,"ppmv CO2"
"new",1897,"CO2_concentration",297.113351978391,"ppmv CO2"
"new",1898,"CO2_concentration",297.460272969318,"ppmv CO2"
"new",1899,"CO2_concentration",297.801806773545,"ppmv CO2"
"new",1900,"CO2_concentration",298.16177319201,"ppmv CO2"
"new",1901,"CO2_concentration",298.528904168027,"ppmv CO2"
"new",1902,"CO2_concentration",298.897245792308,"ppmv CO2"
"new",1903,"CO2_concentration",299.261771205976,"ppmv CO2"
"new",1904,"CO2_concentration",299.531637433587,"ppmv CO2"
"new",1905,"CO2_concentration",299.811172615061,"ppmv CO2"
"new",1906,"CO2_concentration",300.179871232691,"ppmv CO2"
"new",1907,"CO2_concentration",300.577846571466,"ppmv CO2"
"new",1908,"CO2_concentration",300.976193840393,"ppmv CO2"
"new",1909,"CO2_concentration",301.360332012311,"ppmv CO2"
"new",1910,"CO2_concentration",301.764040837676,"ppmv CO2"
"new",1911,"CO2_concentration",302.143481693529,"ppmv CO2"
"new",1912,"CO2_concentration",302.525665770389,"ppmv CO2"
"new",1913,"CO2_concentration",302.837569130273,"ppmv CO2"
"new",1914,"CO2_concentration",303.113505397205,"ppmv CO2"
"new",1915,"CO2_concentration",303.381572361263,"ppmv CO2"
"new",1916,"CO2_concentration",303.668791899409,"ppmv CO2"
"new",1917,"CO2_concentration",303.985098497331,"ppmv CO2"
"new",1918,"CO2_concentration",304.311143452609,"ppmv CO2"
"new",1919,"CO2_concentration",304.619795565935,"ppmv CO2"
"new",1920,"CO2_concentration",304.863213465033,"ppmv CO2"
"new",1921,"CO2_concentration",305.173915013954,"ppmv CO2"
"new",1922,"CO2_concentration",305.457067540867,"ppmv CO2"
"new",1923,"CO2_concentration",305.740480647377,"ppmv CO2"
"new",1924,"CO2_concentration",306.070624275066,"ppmv CO2"
"new",1925,"CO2_concentration",306.399159976227,"ppmv CO2"
"new",1926,"CO2_concentration",306.72824058275,"ppmv CO2"
"new",1927,"CO2_concentration",307.049212764333,"ppmv CO2"
"new",1928,"CO2_concentration",307.403395100154,"ppmv CO2"
"new",1929,"CO2_concentration",307.739256120668,"ppmv CO2"
"new",1930,"CO2_concentration",308.072146150807,"ppmv CO2"
"new",1931,"CO2_concentration",308.380290831601,"ppmv CO2"
"new",1932,"CO2_concentration",308.67153041264,"ppmv CO2"
"new",1933,"CO2_concentration",308.916834374028,"ppmv CO2"
"new",1934,"CO2_concentration",309.196866968278,"ppmv CO2"
"new",1935,"CO2_concentration",309.516492013799,"ppmv CO2"
"new",1936,"CO2_concentration",309.839321555633,"ppmv CO2"
"new",1937,"CO2_concentration",310.199691795648,"ppmv CO2"
"new",1938,"CO2_concentration",310.586700041411,"ppmv CO2"
"new",1939,"CO2_concentration",310.937144676257,"ppmv CO2"
"new",1940,"CO2_concentration",311.299208759006,"ppmv CO2"
"new",1941,"CO2_concentration",311.716491121532,"ppmv CO2"
"new",1942,"CO2_concentration",312.164828626043,"ppmv CO2"
"new",1943,"CO2_concentration",312.598659952006,"ppmv CO2"
"new",1944,"CO2_concentration",313.033477814455,"ppmv CO2"
"new",1945,"CO2_concentration",313.44873664217,"ppmv CO2"
"new",1946,"CO2_concentration",313.763625572123,"ppmv CO2"
"new",1947,"CO2_concentration",314.113580210806,"ppmv CO2"
"new",1948,"CO2_concentration",314.518142503867,"ppmv CO2"
"new",1949,"CO2_concentration",314.933984064769,"ppmv CO2"
"new",1950,"CO2_concentration",315.316655133035,"ppmv CO2"
"new",1951,"CO2_concentration",315.835439663387,"ppmv CO2"
"new",1952,"CO2_concentration",316.426268787518,"ppmv CO2"
"new",1953,"CO2_concentration",316.995167989783,"ppmv CO2"
"new",1954,"CO2_concentration",317.575297697915,"ppmv CO2"
"new",1955,"CO2_concentration",318.203394329143,"ppmv CO2"
"new",1956,"CO2_concentration",318.896057158168,"ppmv CO2"
"new",1957,"CO2_concentration",319.623051635109,"ppmv CO2"
"new",1958,"CO2_concentration",320.360993510049,"ppmv CO2"
"new",1959,"CO2_concentration",321.094608670099,"ppmv CO2"
"new",1960,"CO2_concentration",321.918838038079,"ppmv CO2"
"new",1961,"CO2_concentration",322.649687674659,"ppmv CO2"
"new",1962,"CO2_concentration",323.375691822393,"ppmv CO2"
"new",1963,"CO2_concentration",324.04203223461,"ppmv CO2"
"new",1964,"CO2_concentration",324.626918633355,"ppmv CO2"
"new",1965,"CO2_concentration",325.185173848411,"ppmv CO2"
"new",1966,"CO2_concentration",325.795352490367,"ppmv CO2"
"new",1967,"CO2_concentration",326.475600131207,"ppmv CO2"
"new",1968,"CO2_concentration",327.21472030883,"ppmv CO2"
"new",1969,"CO2_concentration",328.019126681947,"ppmv CO2"
"new",1970,"CO2_concentration",328.962843592669,"ppmv CO2"
"new",1971,"CO2_concentration",329.981354937379,"ppmv CO2"
"new",1972,"CO2_concentration",330.946254768438,"ppmv CO2"
"new",1973,"CO2_concentration",332.001393164993,"ppmv CO2"
"new",1974,"CO2_concentration",333.129097239995,"ppmv CO2"
"new",1975,"CO2_concentration",334.198644392482,"ppmv CO2"
"new",1976,"CO2_concentration",335.187600773578,"ppmv CO2"
"new",1977,"CO2_concentration",336.27395074063,"ppmv CO2"
"new",1978,"CO2_concentration",337.470901692316,"ppmv CO2"
"new",1979,"CO2_concentration",338.69982631387,"ppmv CO2"
"new",1980,"CO2_concentration",339.868538810697,"ppmv CO2"
"new",1981,"CO2_concentration",341.014130304941,"ppmv CO2"
"new",1982,"CO2_concentration",342.078267439422,"ppmv CO2"
"new",1983,"CO2_concentration",343.041711666227,"ppmv CO2"
"new",1984,"CO2_concentration",343.957035212179,"ppmv CO2"
"new",1985,"CO2_concentration",345.058913120442,"ppmv CO2"
"new",1986,"CO2_concentration",346.172892310334,"ppmv CO2"
"new",1987,"CO2_concentration",347.369340853157,"ppmv CO2"
"new",1988,"CO2_concentration",348.614035173744,"ppmv CO2"
"new",1989,"CO2_concentration",349.911168938421,"ppmv CO2"
"new",1990,"CO2_concentration",351.209632822149,"ppmv CO2"
"new",1991,"CO2_concentration",352.564830700026,"ppmv CO2"
"new",1992,"CO2_concentration",353.815653324569,"ppmv CO2"
"new",1993,"CO2_concentration",354.852299528422,"ppmv CO2"
"new",1994,"CO2_concentration",355.860476324315,"ppmv CO2"
"new",1995,"CO2_concentration",357.139132811838,"ppmv CO2"
"new",1996,"CO2_concentration",358.511977524421,"ppmv CO2"
"new",1997,"CO2_concentration",360.057134748246,"ppmv CO2"
"new",1998,"CO2_concentration",361.848206144003,"ppmv CO2"
"new",1999,"CO2_concentration",363.511434332523,"ppmv CO2"
"new",2000,"CO2_concentration",365.215461619062,"ppmv CO2"
"new",2001,"CO2_concentration",366.949453088601,"ppmv CO2"
"new",2002,"CO2_concentration",368.657301790388,"ppmv CO2"
"new",2003,"CO2_concentration",370.461546122929,"ppmv CO2"
"new",2004,"CO2_concentration",372.522052627019,"ppmv CO2"
"new",2005,"CO2_concentration",374.646703665979,"ppmv CO2"
"new",2006,"CO2_concentration",376.801093588972,"ppmv CO2"
"new",2007,"CO2_concentration",379.102370550397,"ppmv CO2"
"new",2008,"CO2_concentration",381.430500605009,"ppmv CO2"
"new",2009,"CO2_concentration",383.802006464052,"ppmv CO2"
"new",2010,"CO2_concentration",386.119263008312,"ppmv CO2"
"new",2011,"CO2_concentration",388.701119276768,"ppmv CO2"
"new",2012,"CO2_concentration",391.352356663059,"ppmv CO2"
"new",2013,"CO2_concentration",394.071973692464,"ppmv CO2"
"new",2014,"CO2_concentration",396.796355855,"ppmv CO2"
"new",2015,"CO2_concentration",399.569686741012,"ppmv CO2"
"new",2016,"CO2_concentration",402.326099093338,"ppmv CO2"
"new",2017,"CO2_concentration",404.926879351279,"ppmv CO2"
"new",2018,"CO2_concentration",407.570967986828,"ppmv CO2"
"new",2019,"CO2_concentration",410.23713625104,"ppmv CO2"
"new",2020,"CO2_concentration",412.870983370166,"ppmv CO2"
"new",2021,"CO2_concentration",415.246127764741,"ppmv CO2"
"new",2022,"CO2_concentration",417.883189643727,"ppmv CO2"
"new",2023,"CO2_concentration",420.538218863657,"ppmv CO2"
"new",1745,"RF_CH4",0,"W/m2"
"new",1746,"RF_CH4",0,"W/m2"
"new",1747,"RF_CH4",0,"W/m2"
"new",1748,"RF_CH4",0,"W/m2"
"new",1749,"RF_CH4",0,"W/m2"
"new",1750,"RF_CH4",0,"W/m2"
"new",1751,"RF_CH4",0.000799755465342021,"W/m2"
"new",1752,"RF_CH4",0.00161544537308903,"W/m2"
"new",1753,"RF_CH4",0.0019470599914571,"W/m2"
"new",1754,"RF_CH4",0.00208347885255033,"W/m2"
"new",1755,"RF_CH4",0.00220778112047436,"W/m2"
"new",1756,"RF_CH4",0.00227224664799166,"W/m2"
"new",1757,"RF_CH4",0.00242957607352052,"W/m2"
"new",1758,"RF_CH4",0.00301060919731081,"W/m2"
"new",1759,"RF_CH4",0.00354962655042342,"W/m2"
"new",1760,"RF_CH4",0.0041635860697156,"W/m2"
"new",1761,"RF_CH4",0.00469947917047539,"W/m2"
"new",1762,"RF_CH4",0.00520464049486956,"W/m2"
"new",1763,"RF_CH4",0.00547254899645899,"W/m2"
"new",1764,"RF_CH4",0.00576469026247505,"W/m2"
"new",1765,"RF_CH4",0.00599261171305631,"W/m2"
"new",1766,"RF_CH4",0.00619046050040436,"W/m2"
"new",1767,"RF_CH4",0.00637212602021084,"W/m2"
"new",1768,"RF_CH4",0.00673472784788171,"W/m2"
"new",1769,"RF_CH4",0.00714228735790679,"W/m2"
"new",1770,"RF_CH4",0.00755926481289415,"W/m2"
"new",1771,"RF_CH4",0.00799347237070777,"W/m2"
"new",1772,"RF_CH4",0.00844563176938686,"W/m2"
"new",1773,"RF_CH4",0.00897464358920915,"W/m2"
"new",1774,"RF_CH4",0.00920622213699662,"W/m2"
"new",1775,"RF_CH4",0.00939435194962705,"W/m2"
"new",1776,"RF_CH4",0.0096340377279802,"W/m2"
"new",1777,"RF_CH4",0.00987215457721535,"W/m2"
"new",1778,"RF_CH4",0.010082115188613,"W/m2"
"new",1779,"RF_CH4",0.0106721781311689,"W/m2"
"new",1780,"RF_CH4",0.0113128925360817,"W/m2"
"new",1781,"RF_CH4",0.0119823291097004,"W/m2"
"new",1782,"RF_CH4",0.0125040561530844,"W/m2"
"new",1783,"RF_CH4",0.0130550745717997,"W/m2"
"new",1784,"RF_CH4",0.01323632890133,"W/m2"
"new",1785,"RF_CH4",0.013405062264017,"W/m2"
"new",1786,"RF_CH4",0.013581239725498,"W/m2"
"new",1787,"RF_CH4",0.0137710559327215,"W/m2"
"new",1788,"RF_CH4",0.0139305214695085,"W/m2"
"new",1789,"RF_CH4",0.0141443358542082,"W/m2"
"new",1790,"RF_CH4",0.0143658050211354,"W/m2"
"new",1791,"RF_CH4",0.0145749507102915,"W/m2"
"new",1792,"RF_CH4",0.0148238472137439,"W/m2"
"new",1793,"RF_CH4",0.0150732977219792,"W/m2"
"new",1794,"RF_CH4",0.0155474388573034,"W/m2"
"new",1795,"RF_CH4",0.0159165766463049,"W/m2"
"new",1796,"RF_CH4",0.0163779394332961,"W/m2"
"new",1797,"RF_CH4",0.0168273365826441,"W/m2"
"new",1798,"RF_CH4",0.0172227948284536,"W/m2"
"new",1799,"RF_CH4",0.0175139195125734,"W/m2"
"new",1800,"RF_CH4",0.0179388931485151,"W/m2"
"new",1801,"RF_CH4",0.0184020486360895,"W/m2"
"new",1802,"RF_CH4",0.0188688463016127,"W/m2"
"new",1803,"RF_CH4",0.0192611374235923,"W/m2"
"new",1804,"RF_CH4",0.0198656079387913,"W/m2"
"new",1805,"RF_CH4",0.0204759247700888,"W/m2"
"new",1806,"RF_CH4",0.0210985768427453,"W/m2"
"new",1807,"RF_CH4",0.0217451763804862,"W/m2"
"new",1808,"RF_CH4",0.0224126722290022,"W/m2"
"new",1809,"RF_CH4",0.0231558018856089,"W/m2"
"new",1810,"RF_CH4",0.0238830770244749,"W/m2"
"new",1811,"RF_CH4",0.0245109543935424,"W/m2"
"new",1812,"RF_CH4",0.0251482228543904,"W/m2"
"new",1813,"RF_CH4",0.0259235765519498,"W/m2"
"new",1814,"RF_CH4",0.0268734769827068,"W/m2"
"new",1815,"RF_CH4",0.0278228069174301,"W/m2"
"new",1816,"RF_CH4",0.0288146548918135,"W/m2"
"new",1817,"RF_CH4",0.0298095043011598,"W/m2"
"new",1818,"RF_CH4",0.0307328452359439,"W/m2"
"new",1819,"RF_CH4",0.0316708526920606,"W/m2"
"new",1820,"RF_CH4",0.0326681128950194,"W/m2"
"new",1821,"RF_CH4",0.0337008059320097,"W/m2"
"new",1822,"RF_CH4",0.0345613034652155,"W/m2"
"new",1823,"RF_CH4",0.0353221725865127,"W/m2"
"new",1824,"RF_CH4",0.0360025594595144,"W/m2"
"new",1825,"RF_CH4",0.0366340530145889,"W/m2"
"new",1826,"RF_CH4",0.0372457039842318,"W/m2"
"new",1827,"RF_CH4",0.0377807359596107,"W/m2"
"new",1828,"RF_CH4",0.0382845347716061,"W/m2"
"new",1829,"RF_CH4",0.0388202992821239,"W/m2"
"new",1830,"RF_CH4",0.0393117625157342,"W/m2"
"new",1831,"RF_CH4",0.039775301602573,"W/m2"
"new",1832,"RF_CH4",0.0402472749378086,"W/m2"
"new",1833,"RF_CH4",0.0407901641518071,"W/m2"
"new",1834,"RF_CH4",0.0414253357357126,"W/m2"
"new",1835,"RF_CH4",0.0420945934689781,"W/m2"
"new",1836,"RF_CH4",0.0428048687622792,"W/m2"
"new",1837,"RF_CH4",0.0432592134209934,"W/m2"
"new",1838,"RF_CH4",0.0436430515906608,"W/m2"
"new",1839,"RF_CH4",0.0439886563929148,"W/m2"
"new",1840,"RF_CH4",0.0440832393195448,"W/m2"
"new",1841,"RF_CH4",0.0442994139683156,"W/m2"
"new",1842,"RF_CH4",0.044710264364291,"W/m2"
"new",1843,"RF_CH4",0.0452439221543311,"W/m2"
"new",1844,"RF_CH4",0.0459547487244529,"W/m2"
"new",1845,"RF_CH4",0.0469932716562976,"W/m2"
"new",1846,"RF_CH4",0.0476663474170418,"W/m2"
"new",1847,"RF_CH4",0.0482482264634059,"W/m2"
"new",1848,"RF_CH4",0.0486210274113967,"W/m2"
"new",1849,"RF_CH4",0.0490870498961981,"W/m2"
"new",1850,"RF_CH4",0.0494157674184434,"W/m2"
"new",1851,"RF_CH4",0.0496217055303859,"W/m2"
"new",1852,"RF_CH4",0.0499600489087082,"W/m2"
"new",1853,"RF_CH4",0.0504191741653954,"W/m2"
"new",1854,"RF_CH4",0.0510104092986623,"W/m2"
"new",1855,"RF_CH4",0.0518619446393054,"W/m2"
"new",1856,"RF_CH4",0.0528542022917736,"W/m2"
"new",1857,"RF_CH4",0.0538016419299643,"W/m2"
"new",1858,"RF_CH4",0.0549685400072427,"W/m2"
"new",1859,"RF_CH4",0.05623018934592,"W/m2"
"new",1860,"RF_CH4",0.0575768418627238,"W/m2"
"new",1861,"RF_CH4",0.0591487638035333,"W/m2"
"new",1862,"RF_CH4",0.06055742841565,"W/m2"
"new",1863,"RF_CH4",0.0622711410707158,"W/m2"
"new",1864,"RF_CH4",0.0641192555909564,"W/m2"
"new",1865,"RF_CH4",0.0659583563524874,"W/m2"
"new",1866,"RF_CH4",0.0679822546628212,"W/m2"
"new",1867,"RF_CH4",0.0698816615872005,"W/m2"
"new",1868,"RF_CH4",0.0713387006062713,"W/m2"
"new",1869,"RF_CH4",0.0724501147417921,"W/m2"
"new",1870,"RF_CH4",0.0735781087832904,"W/m2"
"new",1871,"RF_CH4",0.074791632168391,"W/m2"
"new",1872,"RF_CH4",0.0758568918682867,"W/m2"
"new",1873,"RF_CH4",0.0769288550428803,"W/m2"
"new",1874,"RF_CH4",0.0779590712545472,"W/m2"
"new",1875,"RF_CH4",0.0788756621343551,"W/m2"
"new",1876,"RF_CH4",0.079771985639335,"W/m2"
"new",1877,"RF_CH4",0.0806152843175608,"W/m2"
"new",1878,"RF_CH4",0.0813494087010764,"W/m2"
"new",1879,"RF_CH4",0.0820773675780999,"W/m2"
"new",1880,"RF_CH4",0.0831076508822178,"W/m2"
"new",1881,"RF_CH4",0.0841983615209706,"W/m2"
"new",1882,"RF_CH4",0.085238536873457,"W/m2"
"new",1883,"RF_CH4",0.0863897801289963,"W/m2"
"new",1884,"RF_CH4",0.0876713908429925,"W/m2"
"new",1885,"RF_CH4",0.0891320353882831,"W/m2"
"new",1886,"RF_CH4",0.0906190336408102,"W/m2"
"new",1887,"RF_CH4",0.0921468107127821,"W/m2"
"new",1888,"RF_CH4",0.0940884679134539,"W/m2"
"new",1889,"RF_CH4",0.0965316847396299,"W/m2"
"new",1890,"RF_CH4",0.098174157616324,"W/m2"
"new",1891,"RF_CH4",0.099652528944139,"W/m2"
"new",1892,"RF_CH4",0.101252574466987,"W/m2"
"new",1893,"RF_CH4",0.102991393783425,"W/m2"
"new",1894,"RF_CH4",0.105040467427246,"W/m2"
"new",1895,"RF_CH4",0.107141159328718,"W/m2"
"new",1896,"RF_CH4",0.109204569080013,"W/m2"
"new",1897,"RF_CH4",0.110637437870564,"W/m2"
"new",1898,"RF_CH4",0.111740014721477,"W/m2"
"new",1899,"RF_CH4",0.112803723759875,"W/m2"
"new",1900,"RF_CH4",0.114016278905794,"W/m2"
"new",1901,"RF_CH4",0.115184945444795,"W/m2"
"new",1902,"RF_CH4",0.11713528154349,"W/m2"
"new",1903,"RF_CH4",0.119448535053842,"W/m2"
"new",1904,"RF_CH4",0.122417373358657,"W/m2"
"new",1905,"RF_CH4",0.125444303386822,"W/m2"
"new",1906,"RF_CH4",0.128594380267692,"W/m2"
"new",1907,"RF_CH4",0.13067132180404,"W/m2"
"new",1908,"RF_CH4",0.133006379292426,"W/m2"
"new",1909,"RF_CH4",0.13588414855661,"W/m2"
"new",1910,"RF_CH4",0.138906416736113,"W/m2"
"new",1911,"RF_CH4",0.142320335070171,"W/m2"
"new",1912,"RF_CH4",0.14586212789606,"W/m2"
"new",1913,"RF_CH4",0.149293958381102,"W/m2"
"new",1914,"RF_CH4",0.151457740224759,"W/m2"
"new",1915,"RF_CH4",0.153788790012493,"W/m2"
"new",1916,"RF_CH4",0.156377283081604,"W/m2"
"new",1917,"RF_CH4",0.15929586123178,"W/m2"
"new",1918,"RF_CH4",0.162270786764663,"W/m2"
"new",1919,"RF_CH4",0.164475379077612,"W/m2"
"new",1920,"RF_CH4",0.167430873967672,"W/m2"
"new",1921,"RF_CH4",0.170700798783431,"W/m2"
"new",1922,"RF_CH4",0.173408373232935,"W/m2"
"new",1923,"RF_CH4",0.17649523621488,"W/m2"
"new",1924,"RF_CH4",0.179763529797333,"W/m2"
"new",1925,"RF_CH4",0.182359653499853,"W/m2"
"new",1926,"RF_CH4",0.185469058207692,"W/m2"
"new",1927,"RF_CH4",0.187876114283128,"W/m2"
"new",1928,"RF_CH4",0.190093603147804,"W/m2"
"new",1929,"RF_CH4",0.192248374929021,"W/m2"
"new",1930,"RF_CH4",0.194905538620133,"W/m2"
"new",1931,"RF_CH4",0.197111427346505,"W/m2"
"new",1932,"RF_CH4",0.199365731578182,"W/m2"
"new",1933,"RF_CH4",0.201657728961487,"W/m2"
"new",1934,"RF_CH4",0.204029796730582,"W/m2"
"new",1935,"RF_CH4",0.206417959637338,"W/m2"
"new",1936,"RF_CH4",0.209119985957093,"W/m2"
"new",1937,"RF_CH4",0.211486546978184,"W/m2"
"new",1938,"RF_CH4",0.213893060567292,"W/m2"
"new",1939,"RF_CH4",0.215919913315796,"W/m2"
"new",1940,"RF_CH4",0.218012815221529,"W/m2"
"new",1941,"RF_CH4",0.220691536234589,"W/m2"
"new",1942,"RF_CH4",0.223259299703889,"W/m2"
"new",1943,"RF_CH4",0.225682781425883,"W/m2"
"new",1944,"RF_CH4",0.229500156763907,"W/m2"
"new",1945,"RF_CH4",0.233471851253324,"W/m2"
"new",1946,"RF_CH4",0.23753063568796,"W/m2"
"new",1947,"RF_CH4",0.241815489480836,"W/m2"
"new",1948,"RF_CH4",0.245178195644721,"W/m2"
"new",1949,"RF_CH4",0.248394196508387,"W/m2"
"new",1950,"RF_CH4",0.25075611427569,"W/m2"
"new",1951,"RF_CH4",0.253252132635207,"W/m2"
"new",1952,"RF_CH4",0.256805745153089,"W/m2"
"new",1953,"RF_CH4",0.261196785649934,"W/m2"
"new",1954,"RF_CH4",0.266455578158414,"W/m2"
"new",1955,"RF_CH4",0.272243212695832,"W/m2"
"new",1956,"RF_CH4",0.27893871671838,"W/m2"
"new",1957,"RF_CH4",0.284923887160655,"W/m2"
"new",1958,"RF_CH4",0.289469835036349,"W/m2"
"new",1959,"RF_CH4",0.293122759329982,"W/m2"
"new",1960,"RF_CH4",0.298155768406053,"W/m2"
"new",1961,"RF_CH4",0.303560201970064,"W/m2"
"new",1962,"RF_CH4",0.310053172529157,"W/m2"
"new",1963,"RF_CH4",0.316804042325002,"W/m2"
"new",1964,"RF_CH4",0.323053997641499,"W/m2"
"new",1965,"RF_CH4",0.330035881700843,"W/m2"
"new",1966,"RF_CH4",0.336978084002354,"W/m2"
"new",1967,"RF_CH4",0.343302142547713,"W/m2"
"new",1968,"RF_CH4",0.35009889556608,"W/m2"
"new",1969,"RF_CH4",0.35895422055398,"W/m2"
"new",1970,"RF_CH4",0.366638712017699,"W/m2"
"new",1971,"RF_CH4",0.374481325095309,"W/m2"
"new",1972,"RF_CH4",0.38199968744942,"W/m2"
"new",1973,"RF_CH4",0.388327196340233,"W/m2"
"new",1974,"RF_CH4",0.39561520792741,"W/m2"
"new",1975,"RF_CH4",0.402917122531513,"W/m2"
"new",1976,"RF_CH4",0.410018926738868,"W/m2"
"new",1977,"RF_CH4",0.417106677633597,"W/m2"
"new",1978,"RF_CH4",0.424550850621612,"W/m2"
"new",1979,"RF_CH4",0.431968410906705,"W/m2"
"new",1980,"RF_CH4",0.439723949157463,"W/m2"
"new",1981,"RF_CH4",0.446749739538702,"W/m2"
"new",1982,"RF_CH4",0.45326683570671,"W/m2"
"new",1983,"RF_CH4",0.459857094879462,"W/m2"
"new",1984,"RF_CH4",0.465352394497549,"W/m2"
"new",1985,"RF_CH4",0.470638119908295,"W/m2"
"new",1986,"RF_CH4",0.475813776065191,"W/m2"
"new",1987,"RF_CH4",0.481032417742139,"W/m2"
"new",1988,"RF_CH4",0.486088458845788,"W/m2"
"new",1989,"RF_CH4",0.490029520953042,"W/m2"
"new",1990,"RF_CH4",0.494362915426861,"W/m2"
"new",1991,"RF_CH4",0.499067091906041,"W/m2"
"new",1992,"RF_CH4",0.503762919737574,"W/m2"
"new",1993,"RF_CH4",0.504592653416539,"W/m2"
"new",1994,"RF_CH4",0.505900005218668,"W/m2"
"new",1995,"RF_CH4",0.508835387460944,"W/m2"
"new",1996,"RF_CH4",0.509342492226001,"W/m2"
"new",1997,"RF_CH4",0.510797764135988,"W/m2"
"new",1998,"RF_CH4",0.514564836094583,"W/m2"
"new",1999,"RF_CH4",0.517344576923215,"W/m2"
"new",2000,"RF_CH4",0.517037649560982,"W/m2"
"new",2001,"RF_CH4",0.517106094790647,"W/m2"
"new",2002,"RF_CH4",0.517943938910516,"W/m2"
"new",2003,"RF_CH4",0.520198995996813,"W/m2"
"new",2004,"RF_CH4",0.520872623778943,"W/m2"
"new",2005,"RF_CH4",0.51980345290291,"W/m2"
"new",2006,"RF_CH4",0.51967557307204,"W/m2"
"new",2007,"RF_CH4",0.521441132973425,"W/m2"
"new",2008,"RF_CH4",0.525040633271694,"W/m2"
"new",2009,"RF_CH4",0.526491641083437,"W/m2"
"new",2010,"RF_CH4",0.528503895150432,"W/m2"
"new",2011,"RF_CH4",0.529956218614255,"W/m2"
"new",2012,"RF_CH4",0.531688464286182,"W/m2"
"new",2013,"RF_CH4",0.534062104285813,"W/m2"
"new",2014,"RF_CH4",0.537773500690619,"W/m2"
"new",2015,"RF_CH4",0.542034111685817,"W/m2"
"new",2016,"RF_CH4",0.544422255867601,"W/m2"
"new",2017,"RF_CH4",0.547005768686246,"W/m2"
"new",2018,"RF_CH4",0.550749123251692,"W/m2"
"new",2019,"RF_CH4",0.553597545750802,"W/m2"
"new",2020,"RF_CH4",0.558088045556493,"W/m2"
"new",2021,"RF_CH4",0.564214473386029,"W/m2"
"new",2022,"RF_CH4",0.570011420485251,"W/m2"
"new",2023,"RF_CH4",0.586221041217648,"W/m2"
"new",1745,"RF_tot",0,"W/m2"
"new",1746,"RF_tot",0,"W/m2"
"new",1747,"RF_tot",0,"W/m2"
"new",1748,"RF_tot",0,"W/m2"
"new",1749,"RF_tot",0,"W/m2"
"new",1750,"RF_tot",0,"W/m2"
"new",1751,"RF_tot",0.192262248986999,"W/m2"
"new",1752,"RF_tot",0.19773741753954,"W/m2"
"new",1753,"RF_tot",0.195835053103304,"W/m2"
"new",1754,"RF_tot",0.189185311006829,"W/m2"
"new",1755,"RF_tot",0.171452474368822,"W/m2"
"new",1756,"RF_tot",-0.0515506585038237,"W/m2"
"new",1757,"RF_tot",0.0715061505969274,"W/m2"
"new",1758,"RF_tot",0.153959319438542,"W/m2"
"new",1759,"RF_tot",0.181064355972137,"W/m2"
"new",1760,"RF_tot",0.186449516060964,"W/m2"
"new",1761,"RF_tot",0.19534674292687,"W/m2"
"new",1762,"RF_tot",-0.70585658090495,"W/m2"
"new",1763,"RF_tot",-0.42644969855759,"W/m2"
"new",1764,"RF_tot",-0.0143014576260592,"W/m2"
"new",1765,"RF_tot",0.119160941980729,"W/m2"
"new",1766,"RF_tot",-0.161033914550324,"W/m2"
"new",1767,"RF_tot",-0.213334137130869,"W/m2"
"new",1768,"RF_tot",0.0346798088140565,"W/m2"
"new",1769,"RF_tot",0.143326691117227,"W/m2"
"new",1770,"RF_tot",0.048460720456704,"W/m2"
"new",1771,"RF_tot",0.11000783064526,"W/m2"
"new",1772,"RF_tot",0.177833568812507,"W/m2"
"new",1773,"RF_tot",0.200298010363073,"W/m2"
"new",1774,"RF_tot",0.196410995190491,"W/m2"
"new",1775,"RF_tot",0.207376091645668,"W/m2"
"new",1776,"RF_tot",0.211925532524658,"W/m2"
"new",1777,"RF_tot",0.210135000986475,"W/m2"
"new",1778,"RF_tot",0.207827243207335,"W/m2"
"new",1779,"RF_tot",0.213294366753999,"W/m2"
"new",1780,"RF_tot",0.206867571523309,"W/m2"
"new",1781,"RF_tot",0.214208631047676,"W/m2"
"new",1782,"RF_tot",0.215810489655332,"W/m2"
"new",1783,"RF_tot",-1.57333078948323,"W/m2"
"new",1784,"RF_tot",-3.44766807240771,"W/m2"
"new",1785,"RF_tot",-1.3030741602193,"W/m2"
"new",1786,"RF_tot",-0.467896647533821,"W/m2"
"new",1787,"RF_tot",-0.0835408585090159,"W/m2"
"new",1788,"RF_tot",0.0902588337645651,"W/m2"
"new",1789,"RF_tot",0.161648462495669,"W/m2"
"new",1790,"RF_tot",0.185283402571533,"W/m2"
"new",1791,"RF_tot",0.203465388977239,"W/m2"
"new",1792,"RF_tot",0.212712842031537,"W/m2"
"new",1793,"RF_tot",0.215114195277748,"W/m2"
"new",1794,"RF_tot",0.205487298449372,"W/m2"
"new",1795,"RF_tot",0.215470976586053,"W/m2"
"new",1796,"RF_tot",0.0916405238720093,"W/m2"
"new",1797,"RF_tot",-0.00765174614751296,"W/m2"
"new",1798,"RF_tot",0.0919933522212331,"W/m2"
"new",1799,"RF_tot",0.176995369017466,"W/m2"
"new",1800,"RF_tot",0.204938436737861,"W/m2"
"new",1801,"RF_tot",0.2231557372383,"W/m2"
"new",1802,"RF_tot",0.227374060349392,"W/m2"
"new",1803,"RF_tot",0.236263056681808,"W/m2"
"new",1804,"RF_tot",0.245427062623511,"W/m2"
"new",1805,"RF_tot",0.239253109860156,"W/m2"
"new",1806,"RF_tot",0.246778875969927,"W/m2"
"new",1807,"RF_tot",0.247048328173353,"W/m2"
"new",1808,"RF_tot",0.240243448799098,"W/m2"
"new",1809,"RF_tot",-3.30392488958854,"W/m2"
"new",1810,"RF_tot",-2.25811106808888,"W/m2"
"new",1811,"RF_tot",-0.656130616340325,"W/m2"
"new",1812,"RF_tot",-0.0598037281092209,"W/m2"
"new",1813,"RF_tot",0.140302678012698,"W/m2"
"new",1814,"RF_tot",0.199584432643619,"W/m2"
"new",1815,"RF_tot",-3.28302144971613,"W/m2"
"new",1816,"RF_tot",-4.27285692063047,"W/m2"
"new",1817,"RF_tot",-1.47219735987342,"W/m2"
"new",1818,"RF_tot",-0.357515193965461,"W/m2"
"new",1819,"RF_tot",0.0312621936474551,"W/m2"
"new",1820,"RF_tot",0.159206955067213,"W/m2"
"new",1821,"RF_tot",0.109504395301206,"W/m2"
"new",1822,"RF_tot",0.119632123449433,"W/m2"
"new",1823,"RF_tot",-0.204493243688296,"W/m2"
"new",1824,"RF_tot",0.044970574702561,"W/m2"
"new",1825,"RF_tot",0.182394237196624,"W/m2"
"new",1826,"RF_tot",0.24234328109576,"W/m2"
"new",1827,"RF_tot",0.261912613784046,"W/m2"
"new",1828,"RF_tot",0.261618997497727,"W/m2"
"new",1829,"RF_tot",0.273385774335948,"W/m2"
"new",1830,"RF_tot",0.276316093358043,"W/m2"
"new",1831,"RF_tot",-2.13984703138819,"W/m2"
"new",1832,"RF_tot",-1.3906957885492,"W/m2"
"new",1833,"RF_tot",-0.315323211109343,"W/m2"
"new",1834,"RF_tot",0.0757577226484702,"W/m2"
"new",1835,"RF_tot",-1.55728531907614,"W/m2"
"new",1836,"RF_tot",-0.963425854433853,"W/m2"
"new",1837,"RF_tot",-0.158283478765746,"W/m2"
"new",1838,"RF_tot",0.137955488127315,"W/m2"
"new",1839,"RF_tot",0.245084769334363,"W/m2"
"new",1840,"RF_tot",0.281282905068229,"W/m2"
"new",1841,"RF_tot",0.298436587456441,"W/m2"
"new",1842,"RF_tot",0.309181050815141,"W/m2"
"new",1843,"RF_tot",0.323609663605361,"W/m2"
"new",1844,"RF_tot",0.334059626385767,"W/m2"
"new",1845,"RF_tot",0.331901108292579,"W/m2"
"new",1846,"RF_tot",0.161874293811381,"W/m2"
"new",1847,"RF_tot",0.217884067251225,"W/m2"
"new",1848,"RF_tot",0.294822718707939,"W/m2"
"new",1849,"RF_tot",0.334012202834332,"W/m2"
"new",1850,"RF_tot",0.348093722014404,"W/m2"
"new",1851,"RF_tot",0.367234609505563,"W/m2"
"new",1852,"RF_tot",0.373405698151214,"W/m2"
"new",1853,"RF_tot",0.212849312804187,"W/m2"
"new",1854,"RF_tot",0.174684509877964,"W/m2"
"new",1855,"RF_tot",0.315541287142675,"W/m2"
"new",1856,"RF_tot",0.328554686696869,"W/m2"
"new",1857,"RF_tot",0.164494405429953,"W/m2"
"new",1858,"RF_tot",0.298787288140212,"W/m2"
"new",1859,"RF_tot",0.369468220513578,"W/m2"
"new",1860,"RF_tot",0.394634118541607,"W/m2"
"new",1861,"RF_tot",0.343468928872169,"W/m2"
"new",1862,"RF_tot",-0.3922931904983,"W/m2"
"new",1863,"RF_tot",-0.0185430601787677,"W/m2"
"new",1864,"RF_tot",0.282655667280058,"W/m2"
"new",1865,"RF_tot",0.380045932154979,"W/m2"
"new",1866,"RF_tot",0.421505215717629,"W/m2"
"new",1867,"RF_tot",0.429473168420359,"W/m2"
"new",1868,"RF_tot",0.428511042513029,"W/m2"
"new",1869,"RF_tot",0.437729095304122,"W/m2"
"new",1870,"RF_tot",0.435188553562703,"W/m2"
"new",1871,"RF_tot",0.44588237255259,"W/m2"
"new",1872,"RF_tot",0.449709852246378,"W/m2"
"new",1873,"RF_tot",0.236618140686186,"W/m2"
"new",1874,"RF_tot",0.352796732014308,"W/m2"
"new",1875,"RF_tot",0.380911735065723,"W/m2"
"new",1876,"RF_tot",0.388726034078318,"W/m2"
"new",1877,"RF_tot",0.430877336014305,"W/m2"
"new",1878,"RF_tot",0.447234591224772,"W/m2"
"new",1879,"RF_tot",0.444209817490089,"W/m2"
"new",1880,"RF_tot",0.404840693178997,"W/m2"
"new",1881,"RF_tot",0.404179742386946,"W/m2"
"new",1882,"RF_tot",0.444188699997447,"W/m2"
"new",1883,"RF_tot",-0.0613265714573601,"W/m2"
"new",1884,"RF_tot",-1.55270359672834,"W/m2"
"new",1885,"RF_tot",-0.384650164816963,"W/m2"
"new",1886,"RF_tot",0.176188302382669,"W/m2"
"new",1887,"RF_tot",0.231176617387854,"W/m2"
"new",1888,"RF_tot",0.377656569743478,"W/m2"
"new",1889,"RF_tot",0.439083637941164,"W/m2"
"new",1890,"RF_tot",0.316006310544527,"W/m2"
"new",1891,"RF_tot",0.153349870288731,"W/m2"
"new",1892,"RF_tot",0.341417602189374,"W/m2"
"new",1893,"RF_tot",0.454218296522473,"W/m2"
"new",1894,"RF_tot",0.452456351666739,"W/m2"
"new",1895,"RF_tot",0.458755725232777,"W/m2"
"new",1896,"RF_tot",0.464426254504901,"W/m2"
"new",1897,"RF_tot",0.460233624201304,"W/m2"
"new",1898,"RF_tot",0.459481156805575,"W/m2"
"new",1899,"RF_tot",0.441837647824873,"W/m2"
"new",1900,"RF_tot",0.440202132454486,"W/m2"
"new",1901,"RF_tot",0.445137946250984,"W/m2"
"new",1902,"RF_tot",0.345789914581018,"W/m2"
"new",1903,"RF_tot",-0.458912587310276,"W/m2"
"new",1904,"RF_tot",-0.0199453576220077,"W/m2"
"new",1905,"RF_tot",0.314301910489785,"W/m2"
"new",1906,"RF_tot",0.407378686115642,"W/m2"
"new",1907,"RF_tot",0.268273931309988,"W/m2"
"new",1908,"RF_tot",0.3522540611184,"W/m2"
"new",1909,"RF_tot",0.417924569621901,"W/m2"
"new",1910,"RF_tot",0.407046283481995,"W/m2"
"new",1911,"RF_tot",0.425690411296515,"W/m2"
"new",1912,"RF_tot",-0.00910188713881932,"W/m2"
"new",1913,"RF_tot",-0.0776134272911764,"W/m2"
"new",1914,"RF_tot",0.281314181242999,"W/m2"
"new",1915,"RF_tot",0.443955206836593,"W/m2"
"new",1916,"RF_tot",0.450185799815772,"W/m2"
"new",1917,"RF_tot",0.446016512284407,"W/m2"
"new",1918,"RF_tot",0.457421428440547,"W/m2"
"new",1919,"RF_tot",0.519237764248171,"W/m2"
"new",1920,"RF_tot",0.494675706071936,"W/m2"
"new",1921,"RF_tot",0.566271549463049,"W/m2"
"new",1922,"RF_tot",0.46489085091053,"W/m2"
"new",1923,"RF_tot",0.470727832470615,"W/m2"
"new",1924,"RF_tot",0.554010130494969,"W/m2"
"new",1925,"RF_tot",0.561905213985791,"W/m2"
"new",1926,"RF_tot",0.562086599179314,"W/m2"
"new",1927,"RF_tot",0.548777936659881,"W/m2"
"new",1928,"RF_tot",0.528737910947814,"W/m2"
"new",1929,"RF_tot",0.35094393315757,"W/m2"
"new",1930,"RF_tot",0.552067534244739,"W/m2"
"new",1931,"RF_tot",0.62585209286386,"W/m2"
"new",1932,"RF_tot",0.524792180811912,"W/m2"
"new",1933,"RF_tot",0.622172950793184,"W/m2"
"new",1934,"RF_tot",0.626039401070869,"W/m2"
"new",1935,"RF_tot",0.609406752896717,"W/m2"
"new",1936,"RF_tot",0.58710299722382,"W/m2"
"new",1937,"RF_tot",0.570201857916709,"W/m2"
"new",1938,"RF_tot",0.616577881094207,"W/m2"
"new",1939,"RF_tot",0.589946842144782,"W/m2"
"new",1940,"RF_tot",0.562598886781036,"W/m2"
"new",1941,"RF_tot",0.559641359427893,"W/m2"
"new",1942,"RF_tot",0.553070999755314,"W/m2"
"new",1943,"RF_tot",0.563860355950226,"W/m2"
"new",1944,"RF_tot",0.592470923778405,"W/m2"
"new",1945,"RF_tot",0.676298484224412,"W/m2"
"new",1946,"RF_tot",0.704735406389649,"W/m2"
"new",1947,"RF_tot",0.676518523105259,"W/m2"
"new",1948,"RF_tot",0.66980563491998,"W/m2"
"new",1949,"RF_tot",0.680089217600599,"W/m2"
"new",1950,"RF_tot",0.650636438630124,"W/m2"
"new",1951,"RF_tot",0.654332445660094,"W/m2"
"new",1952,"RF_tot",0.649048139523263,"W/m2"
"new",1953,"RF_tot",0.645526433203064,"W/m2"
"new",1954,"RF_tot",0.650863434662682,"W/m2"
"new",1955,"RF_tot",0.628398352088054,"W/m2"
"new",1956,"RF_tot",0.601493901362782,"W/m2"
"new",1957,"RF_tot",0.597808039577331,"W/m2"
"new",1958,"RF_tot",0.628222956589733,"W/m2"
"new",1959,"RF_tot",0.621087350741742,"W/m2"
"new",1960,"RF_tot",0.611067814287487,"W/m2"
"new",1961,"RF_tot",0.59773026157098,"W/m2"
"new",1962,"RF_tot",0.458188815573348,"W/m2"
"new",1963,"RF_tot",-0.308485237932488,"W/m2"
"new",1964,"RF_tot",-0.19898187548913,"W/m2"
"new",1965,"RF_tot",0.128888315080343,"W/m2"
"new",1966,"RF_tot",0.548387106614887,"W/m2"
"new",1967,"RF_tot",0.370076009107377,"W/m2"
"new",1968,"RF_tot",0.453485915451443,"W/m2"
"new",1969,"RF_tot",0.541565557430264,"W/m2"
"new",1970,"RF_tot",0.517597132621346,"W/m2"
"new",1971,"RF_tot",0.449780256871674,"W/m2"
"new",1972,"RF_tot",0.527545780162827,"W/m2"
"new",1973,"RF_tot",0.656725204059714,"W/m2"
"new",1974,"RF_tot",0.661970468079014,"W/m2"
"new",1975,"RF_tot",0.415758878257452,"W/m2"
"new",1976,"RF_tot",0.652626439927863,"W/m2"
"new",1977,"RF_tot",0.782614727775884,"W/m2"
"new",1978,"RF_tot",0.847796636949601,"W/m2"
"new",1979,"RF_tot",0.866542238600812,"W/m2"
"new",1980,"RF_tot",0.865002209144308,"W/m2"
"new",1981,"RF_tot",0.907676603550034,"W/m2"
"new",1982,"RF_tot",0.702375766556028,"W/m2"
"new",1983,"RF_tot",0.276941398847688,"W/m2"
"new",1984,"RF_tot",0.750281836524188,"W/m2"
"new",1985,"RF_tot",1.00136842424761,"W/m2"
"new",1986,"RF_tot",1.0670286700643,"W/m2"
"new",1987,"RF_tot",1.14476002727385,"W/m2"
"new",1988,"RF_tot",1.24301607242469,"W/m2"
"new",1989,"RF_tot",1.32908739549164,"W/m2"
"new",1990,"RF_tot",1.35849147583117,"W/m2"
"new",1991,"RF_tot",0.783294298536764,"W/m2"
"new",1992,"RF_tot",-0.325988133968634,"W/m2"
"new",1993,"RF_tot",0.572811069632891,"W/m2"
"new",1994,"RF_tot",1.29992995426722,"W/m2"
"new",1995,"RF_tot",1.5738398808256,"W/m2"
"new",1996,"RF_tot",1.6921590261274,"W/m2"
"new",1997,"RF_tot",1.62793348013328,"W/m2"
"new",1998,"RF_tot",1.68672135932487,"W/m2"
"new",1999,"RF_tot",1.844001850689,"W/m2"
"new",2000,"RF_tot",1.90587954412126,"W/m2"
"new",2001,"RF_tot",1.93476437403842,"W/m2"
"new",2002,"RF_tot",1.8963087532753,"W/m2"
"new",2003,"RF_tot",1.87608295043444,"W/m2"
"new",2004,"RF_tot",1.93604716817403,"W/m2"
"new",2005,"RF_tot",1.91010141770803,"W/m2"
"new",2006,"RF_tot",1.8899014097491,"W/m2"
"new",2007,"RF_tot",1.97177354973402,"W/m2"
"new",2008,"RF_tot",2.07343711491768,"W/m2"
"new",2009,"RF_tot",2.15381385892536,"W/m2"
"new",2010,"RF_tot",2.23065602336875,"W/m2"
"new",2011,"RF_tot",2.2442772199356,"W/m2"
"new",2012,"RF_tot",2.29959194753828,"W/m2"
"new",2013,"RF_tot",2.43347156350455,"W/m2"
"new",2014,"RF_tot",2.45592182984049,"W/m2"
"new",2015,"RF_tot",2.50133162391728,"W/m2"
"new",2016,"RF_tot",2.61942046504688,"W/m2"
"new",2017,"RF_tot",2.64945614314713,"W/m2"
"new",2018,"RF_tot",2.70599408038008,"W/m2"
"new",2019,"RF_tot",2.65835704115614,"W/m2"
"new",2020,"RF_tot",2.84658938387392,"W/m2"
"new",2021,"RF_tot",2.73519277926474,"W/m2"
"new",2022,"RF_tot",2.9456285057618,"W/m2"
"new",2023,"RF_tot",2.92887934647772,"W/m2"
