"scenario","year","variable","value","units"
"old",1745,"RF_BC",0,"W/m2"
"old",1746,"RF_BC",0,"W/m2"
"old",1747,"RF_BC",0,"W/m2"
"old",1748,"RF_BC",0,"W/m2"
"old",1749,"RF_BC",0,"W/m2"
"old",1750,"RF_BC",0,"W/m2"
"old",1751,"RF_BC",-0.00158666187761919,"W/m2"
"old",1752,"RF_BC",-0.00213677609731344,"W/m2"
"old",1753,"RF_BC",-0.00164895130096201,"W/m2"
"old",1754,"RF_BC",0.000100841201394253,"W/m2"
"old",1755,"RF_BC",8.95618843098356e-05,"W/m2"
"old",1756,"RF_BC",-0.00184278507643923,"W/m2"
"old",1757,"RF_BC",0.00320290895708109,"W/m2"
"old",1758,"RF_BC",0.00145866949750662,"W/m2"
"old",1759,"RF_BC",0.00124511346906125,"W/m2"
"old",1760,"RF_BC",0.00191801559563301,"W/m2"
"old",1761,"RF_BC",0.00255363526577568,"W/m2"
"old",1762,"RF_BC",0.000254005168870197,"W/m2"
"old",1763,"RF_BC",0.000591306384991885,"W/m2"
"old",1764,"RF_BC",-0.00167458181790878,"W/m2"
"old",1765,"RF_BC",0.0016495308297638,"W/m2"
"old",1766,"RF_BC",0.000810369989726861,"W/m2"
"old",1767,"RF_BC",0.000938141965805939,"W/m2"
"old",1768,"RF_BC",0.00545141577936142,"W/m2"
"old",1769,"RF_BC",0.00254576430821632,"W/m2"
"old",1770,"RF_BC",0.00265631073420064,"W/m2"
"old",1771,"RF_BC",0.000200462017729691,"W/m2"
"old",1772,"RF_BC",-0.000682899233778372,"W/m2"
"old",1773,"RF_BC",-0.000320281967626512,"W/m2"
"old",1774,"RF_BC",0.00364848424038366,"W/m2"
"old",1775,"RF_BC",0.00327142874103786,"W/m2"
"old",1776,"RF_BC",0.000917861042410206,"W/m2"
"old",1777,"RF_BC",0.00462839871644152,"W/m2"
"old",1778,"RF_BC",0.00640101576480864,"W/m2"
"old",1779,"RF_BC",0.00394959998268343,"W/m2"
"old",1780,"RF_BC",0.00584324938871633,"W/m2"
"old",1781,"RF_BC",0.00585433676314429,"W/m2"
"old",1782,"RF_BC",0.00400751872534777,"W/m2"
"old",1783,"RF_BC",0.00338184717051773,"W/m2"
"old",1784,"RF_BC",0.00273150757169327,"W/m2"
"old",1785,"RF_BC",0.00434707691985506,"W/m2"
"old",1786,"RF_BC",0.00389006111276785,"W/m2"
"old",1787,"RF_BC",0.0055821592344513,"W/m2"
"old",1788,"RF_BC",0.0100553815430218,"W/m2"
"old",1789,"RF_BC",0.00701813724879047,"W/m2"
"old",1790,"RF_BC",0.00757836550203106,"W/m2"
"old",1791,"RF_BC",0.00477775943953163,"W/m2"
"old",1792,"RF_BC",0.00407956189402878,"W/m2"
"old",1793,"RF_BC",0.00354458533214019,"W/m2"
"old",1794,"RF_BC",0.00741271289863599,"W/m2"
"old",1795,"RF_BC",0.0067005881727776,"W/m2"
"old",1796,"RF_BC",0.00353697170729689,"W/m2"
"old",1797,"RF_BC",0.00738920628464262,"W/m2"
"old",1798,"RF_BC",0.00870358356347589,"W/m2"
"old",1799,"RF_BC",0.00699435043940841,"W/m2"
"old",1800,"RF_BC",0.00754880079756662,"W/m2"
"old",1801,"RF_BC",0.00776769934023125,"W/m2"
"old",1802,"RF_BC",0.00670061296651203,"W/m2"
"old",1803,"RF_BC",0.00525240557120943,"W/m2"
"old",1804,"RF_BC",0.00635610003814782,"W/m2"
"old",1805,"RF_BC",0.0074893025013392,"W/m2"
"old",1806,"RF_BC",0.00798616746944689,"W/m2"
"old",1807,"RF_BC",0.00907499072961407,"W/m2"
"old",1808,"RF_BC",0.0136772359686519,"W/m2"
"old",1809,"RF_BC",0.0108357318294267,"W/m2"
"old",1810,"RF_BC",0.0116072638605223,"W/m2"
"old",1811,"RF_BC",0.00988338304009104,"W/m2"
"old",1812,"RF_BC",0.00831725487215393,"W/m2"
"old",1813,"RF_BC",0.00857206286303189,"W/m2"
"old",1814,"RF_BC",0.0123771929386817,"W/m2"
"old",1815,"RF_BC",0.0121054566181282,"W/m2"
"old",1816,"RF_BC",0.0104256913771228,"W/m2"
"old",1817,"RF_BC",0.0126710181552167,"W/m2"
"old",1818,"RF_BC",0.0151814375259547,"W/m2"
"old",1819,"RF_BC",0.0131786584913158,"W/m2"
"old",1820,"RF_BC",0.0142591723223561,"W/m2"
"old",1821,"RF_BC",0.0150533077106247,"W/m2"
"old",1822,"RF_BC",0.0130755605322036,"W/m2"
"old",1823,"RF_BC",0.0117955346945546,"W/m2"
"old",1824,"RF_BC",0.0136140964480307,"W/m2"
"old",1825,"RF_BC",0.0143648235854252,"W/m2"
"old",1826,"RF_BC",0.0142540676219179,"W/m2"
"old",1827,"RF_BC",0.0158742012415607,"W/m2"
"old",1828,"RF_BC",0.0206279207364041,"W/m2"
"old",1829,"RF_BC",0.0179841375415191,"W/m2"
"old",1830,"RF_BC",0.0195030197633594,"W/m2"
"old",1831,"RF_BC",0.0168327408147775,"W/m2"
"old",1832,"RF_BC",0.0163548022600186,"W/m2"
"old",1833,"RF_BC",0.0165525269273772,"W/m2"
"old",1834,"RF_BC",0.0200960269825591,"W/m2"
"old",1835,"RF_BC",0.0196496836246846,"W/m2"
"old",1836,"RF_BC",0.0195686787842412,"W/m2"
"old",1837,"RF_BC",0.0218691606293584,"W/m2"
"old",1838,"RF_BC",0.024238573124206,"W/m2"
"old",1839,"RF_BC",0.0226628459771197,"W/m2"
"old",1840,"RF_BC",0.0221033679771711,"W/m2"
"old",1841,"RF_BC",0.0250801646928025,"W/m2"
"old",1842,"RF_BC",0.0224413907113818,"W/m2"
"old",1843,"RF_BC",0.0200124180484339,"W/m2"
"old",1844,"RF_BC",0.0221000710158205,"W/m2"
"old",1845,"RF_BC",0.0238592360042509,"W/m2"
"old",1846,"RF_BC",0.0238481792446709,"W/m2"
"old",1847,"RF_BC",0.0270359887890472,"W/m2"
"old",1848,"RF_BC",0.0306286943542457,"W/m2"
"old",1849,"RF_BC",0.0290335463003779,"W/m2"
"old",1850,"RF_BC",0.0302297225628477,"W/m2"
"old",1851,"RF_BC",0.027392175028628,"W/m2"
"old",1852,"RF_BC",0.0261750492372627,"W/m2"
"old",1853,"RF_BC",0.0274636473644884,"W/m2"
"old",1854,"RF_BC",0.0327155246301458,"W/m2"
"old",1855,"RF_BC",0.031643635721722,"W/m2"
"old",1856,"RF_BC",0.0303769602060673,"W/m2"
"old",1857,"RF_BC",0.0344017617867925,"W/m2"
"old",1858,"RF_BC",0.03591339979576,"W/m2"
"old",1859,"RF_BC",0.0351521933328833,"W/m2"
"old",1860,"RF_BC",0.0351650604632325,"W/m2"
"old",1861,"RF_BC",0.0365613536969391,"W/m2"
"old",1862,"RF_BC",0.0351752946527179,"W/m2"
"old",1863,"RF_BC",0.0339430308367989,"W/m2"
"old",1864,"RF_BC",0.0364008644806871,"W/m2"
"old",1865,"RF_BC",0.0397501798032634,"W/m2"
"old",1866,"RF_BC",0.0391177631655588,"W/m2"
"old",1867,"RF_BC",0.0423571642034216,"W/m2"
"old",1868,"RF_BC",0.0464519161480247,"W/m2"
"old",1869,"RF_BC",0.0438887007288567,"W/m2"
"old",1870,"RF_BC",0.0468389391355387,"W/m2"
"old",1871,"RF_BC",0.0447078077057448,"W/m2"
"old",1872,"RF_BC",0.0430130372599261,"W/m2"
"old",1873,"RF_BC",0.0475052245263962,"W/m2"
"old",1874,"RF_BC",0.0491928045852141,"W/m2"
"old",1875,"RF_BC",0.0469850779662665,"W/m2"
"old",1876,"RF_BC",0.0476004707927133,"W/m2"
"old",1877,"RF_BC",0.0500562472332975,"W/m2"
"old",1878,"RF_BC",0.0515542988648348,"W/m2"
"old",1879,"RF_BC",0.0531011943759935,"W/m2"
"old",1880,"RF_BC",0.0525847623954215,"W/m2"
"old",1881,"RF_BC",0.0552481733905414,"W/m2"
"old",1882,"RF_BC",0.0540647068086948,"W/m2"
"old",1883,"RF_BC",0.0523875555196045,"W/m2"
"old",1884,"RF_BC",0.0562240945943565,"W/m2"
"old",1885,"RF_BC",0.056830786234128,"W/m2"
"old",1886,"RF_BC",0.057628415667693,"W/m2"
"old",1887,"RF_BC",0.060466589632946,"W/m2"
"old",1888,"RF_BC",0.0655049846542356,"W/m2"
"old",1889,"RF_BC",0.0643033593327878,"W/m2"
"old",1890,"RF_BC",0.0677855846746385,"W/m2"
"old",1891,"RF_BC",0.0656133371980334,"W/m2"
"old",1892,"RF_BC",0.0646775974190165,"W/m2"
"old",1893,"RF_BC",0.0656293156018562,"W/m2"
"old",1894,"RF_BC",0.0707178906072867,"W/m2"
"old",1895,"RF_BC",0.0714237813014383,"W/m2"
"old",1896,"RF_BC",0.0685247204845716,"W/m2"
"old",1897,"RF_BC",0.074779025288781,"W/m2"
"old",1898,"RF_BC",0.0765779237082638,"W/m2"
"old",1899,"RF_BC",0.0803433473115802,"W/m2"
"old",1900,"RF_BC",0.0807258661522609,"W/m2"
"old",1901,"RF_BC",0.0820754096330993,"W/m2"
"old",1902,"RF_BC",0.0819852693908495,"W/m2"
"old",1903,"RF_BC",0.0824862647633883,"W/m2"
"old",1904,"RF_BC",0.0872550301771381,"W/m2"
"old",1905,"RF_BC",0.0911683187653513,"W/m2"
"old",1906,"RF_BC",0.0927003723199644,"W/m2"
"old",1907,"RF_BC",0.100691716432896,"W/m2"
"old",1908,"RF_BC",0.100782355196169,"W/m2"
"old",1909,"RF_BC",0.101687421032469,"W/m2"
"old",1910,"RF_BC",0.106640589003537,"W/m2"
"old",1911,"RF_BC",0.103978109648944,"W/m2"
"old",1912,"RF_BC",0.102904123836493,"W/m2"
"old",1913,"RF_BC",0.107938980281868,"W/m2"
"old",1914,"RF_BC",0.106436910237354,"W/m2"
"old",1915,"RF_BC",0.103749496660285,"W/m2"
"old",1916,"RF_BC",0.105146131778669,"W/m2"
"old",1917,"RF_BC",0.110395006627925,"W/m2"
"old",1918,"RF_BC",0.110663264111309,"W/m2"
"old",1919,"RF_BC",0.103768869548779,"W/m2"
"old",1920,"RF_BC",0.109540091456505,"W/m2"
"old",1921,"RF_BC",0.0998465128068547,"W/m2"
"old",1922,"RF_BC",0.0996620143045017,"W/m2"
"old",1923,"RF_BC",0.113897843269044,"W/m2"
"old",1924,"RF_BC",0.107100459642376,"W/m2"
"old",1925,"RF_BC",0.10810936295132,"W/m2"
"old",1926,"RF_BC",0.10388015081196,"W/m2"
"old",1927,"RF_BC",0.111925194395576,"W/m2"
"old",1928,"RF_BC",0.110506005129477,"W/m2"
"old",1929,"RF_BC",0.114470679312022,"W/m2"
"old",1930,"RF_BC",0.115582328116345,"W/m2"
"old",1931,"RF_BC",0.10227141011981,"W/m2"
"old",1932,"RF_BC",0.102394501462934,"W/m2"
"old",1933,"RF_BC",0.100661977234202,"W/m2"
"old",1934,"RF_BC",0.109834645223327,"W/m2"
"old",1935,"RF_BC",0.110418404693472,"W/m2"
"old",1936,"RF_BC",0.119694152230255,"W/m2"
"old",1937,"RF_BC",0.120026689425212,"W/m2"
"old",1938,"RF_BC",0.11378929054556,"W/m2"
"old",1939,"RF_BC",0.12217283448995,"W/m2"
"old",1940,"RF_BC",0.123158431603751,"W/m2"
"old",1941,"RF_BC",0.12469373565802,"W/m2"
"old",1942,"RF_BC",0.128774509631651,"W/m2"
"old",1943,"RF_BC",0.128767644237873,"W/m2"
"old",1944,"RF_BC",0.128587813727452,"W/m2"
"old",1945,"RF_BC",0.119591862710387,"W/m2"
"old",1946,"RF_BC",0.119674253354488,"W/m2"
"old",1947,"RF_BC",0.121755746019644,"W/m2"
"old",1948,"RF_BC",0.129370196152336,"W/m2"
"old",1949,"RF_BC",0.127596448521261,"W/m2"
"old",1950,"RF_BC",0.142637061471317,"W/m2"
"old",1951,"RF_BC",0.135042188476844,"W/m2"
"old",1952,"RF_BC",0.139251638594539,"W/m2"
"old",1953,"RF_BC",0.147035558453827,"W/m2"
"old",1954,"RF_BC",0.151823541134668,"W/m2"
"old",1955,"RF_BC",0.158889158010849,"W/m2"
"old",1956,"RF_BC",0.175407694002903,"W/m2"
"old",1957,"RF_BC",0.190742513139172,"W/m2"
"old",1958,"RF_BC",0.189207599325714,"W/m2"
"old",1959,"RF_BC",0.197271837699858,"W/m2"
"old",1960,"RF_BC",0.203750771787321,"W/m2"
"old",1961,"RF_BC",0.203238252577338,"W/m2"
"old",1962,"RF_BC",0.202483606467567,"W/m2"
"old",1963,"RF_BC",0.213308657201316,"W/m2"
"old",1964,"RF_BC",0.201943221716706,"W/m2"
"old",1965,"RF_BC",0.20258828690185,"W/m2"
"old",1966,"RF_BC",0.203556738002777,"W/m2"
"old",1967,"RF_BC",0.21028047876298,"W/m2"
"old",1968,"RF_BC",0.208997744867356,"W/m2"
"old",1969,"RF_BC",0.211151106030579,"W/m2"
"old",1970,"RF_BC",0.220450635896452,"W/m2"
"old",1971,"RF_BC",0.230288083307169,"W/m2"
"old",1972,"RF_BC",0.24736529194276,"W/m2"
"old",1973,"RF_BC",0.242555026449337,"W/m2"
"old",1974,"RF_BC",0.247396620742196,"W/m2"
"old",1975,"RF_BC",0.249107342994327,"W/m2"
"old",1976,"RF_BC",0.264374727696366,"W/m2"
"old",1977,"RF_BC",0.271762526168468,"W/m2"
"old",1978,"RF_BC",0.286186978068164,"W/m2"
"old",1979,"RF_BC",0.292457469947496,"W/m2"
"old",1980,"RF_BC",0.288699490314726,"W/m2"
"old",1981,"RF_BC",0.286106345590506,"W/m2"
"old",1982,"RF_BC",0.307658550334477,"W/m2"
"old",1983,"RF_BC",0.289147493960514,"W/m2"
"old",1984,"RF_BC",0.301256961362404,"W/m2"
"old",1985,"RF_BC",0.308137739624589,"W/m2"
"old",1986,"RF_BC",0.313945534990008,"W/m2"
"old",1987,"RF_BC",0.325851838707853,"W/m2"
"old",1988,"RF_BC",0.338400629257564,"W/m2"
"old",1989,"RF_BC",0.333521417818789,"W/m2"
"old",1990,"RF_BC",0.345530053598834,"W/m2"
"old",1991,"RF_BC",0.377669979091676,"W/m2"
"old",1992,"RF_BC",0.336373234631681,"W/m2"
"old",1993,"RF_BC",0.34698940393084,"W/m2"
"old",1994,"RF_BC",0.370274434128788,"W/m2"
"old",1995,"RF_BC",0.365002987202365,"W/m2"
"old",1996,"RF_BC",0.356901986574837,"W/m2"
"old",1997,"RF_BC",0.394162720640085,"W/m2"
"old",1998,"RF_BC",0.403259227232938,"W/m2"
"old",1999,"RF_BC",0.357657010008104,"W/m2"
"old",2000,"RF_BC",0.342277882164918,"W/m2"
"old",2001,"RF_BC",0.350861787322662,"W/m2"
"old",2002,"RF_BC",0.379901214417391,"W/m2"
"old",2003,"RF_BC",0.39236873979519,"W/m2"
"old",2004,"RF_BC",0.411576638681531,"W/m2"
"old",2005,"RF_BC",0.43058624141347,"W/m2"
"old",2006,"RF_BC",0.43604777811654,"W/m2"
"old",2007,"RF_BC",0.458964706333123,"W/m2"
"old",2008,"RF_BC",0.44666196198314,"W/m2"
"old",2009,"RF_BC",0.44778997729113,"W/m2"
"old",2010,"RF_BC",0.4832731641332,"W/m2"
"old",2011,"RF_BC",0.471378526999213,"W/m2"
"old",2012,"RF_BC",0.485837628090159,"W/m2"
"old",2013,"RF_BC",0.476594664641254,"W/m2"
"old",2014,"RF_BC",0.488334313825619,"W/m2"
"old",2015,"RF_BC",0.487251449985505,"W/m2"
"old",2016,"RF_BC",0.475680720267284,"W/m2"
"old",2017,"RF_BC",0.464109990549063,"W/m2"
"old",2018,"RF_BC",0.452539260830842,"W/m2"
"old",2019,"RF_BC",0.440968531112621,"W/m2"
"old",2020,"RF_BC",0.429397801394401,"W/m2"
"old",2021,"RF_BC",0.424294652372059,"W/m2"
"old",2022,"RF_BC",0.419191503349717,"W/m2"
"old",2023,"RF_BC",0.414088354327376,"W/m2"
"old",1745,"RF_OC",0,"W/m2"
"old",1746,"RF_OC",0,"W/m2"
"old",1747,"RF_OC",0,"W/m2"
"old",1748,"RF_OC",0,"W/m2"
"old",1749,"RF_OC",0,"W/m2"
"old",1750,"RF_OC",0,"W/m2"
"old",1751,"RF_OC",0.00165913866704881,"W/m2"
"old",1752,"RF_OC",0.00264738282892032,"W/m2"
"old",1753,"RF_OC",0.00169868094765917,"W/m2"
"old",1754,"RF_OC",-0.000711864999189113,"W/m2"
"old",1755,"RF_OC",0.000573347162959259,"W/m2"
"old",1756,"RF_OC",0.00161390499706769,"W/m2"
"old",1757,"RF_OC",-0.00164760305924419,"W/m2"
"old",1758,"RF_OC",-0.000428916464517454,"W/m2"
"old",1759,"RF_OC",-0.000809512688171768,"W/m2"
"old",1760,"RF_OC",-0.0023795858935975,"W/m2"
"old",1761,"RF_OC",-0.0015649301695012,"W/m2"
"old",1762,"RF_OC",-0.000501468881100975,"W/m2"
"old",1763,"RF_OC",-0.000506768752167097,"W/m2"
"old",1764,"RF_OC",0.00313289534478613,"W/m2"
"old",1765,"RF_OC",-0.00148809713898181,"W/m2"
"old",1766,"RF_OC",0.00056919349148396,"W/m2"
"old",1767,"RF_OC",0.000301799826109214,"W/m2"
"old",1768,"RF_OC",-0.00394719768498596,"W/m2"
"old",1769,"RF_OC",-0.00184158361404477,"W/m2"
"old",1770,"RF_OC",-0.00189040792673195,"W/m2"
"old",1771,"RF_OC",0.000805318642101066,"W/m2"
"old",1772,"RF_OC",0.00213668519097286,"W/m2"
"old",1773,"RF_OC",0.00155696365754791,"W/m2"
"old",1774,"RF_OC",-0.00274177685835264,"W/m2"
"old",1775,"RF_OC",-0.000906402865267386,"W/m2"
"old",1776,"RF_OC",0.000497137471866499,"W/m2"
"old",1777,"RF_OC",-0.00144666486367577,"W/m2"
"old",1778,"RF_OC",-0.00289467096694127,"W/m2"
"old",1779,"RF_OC",-0.00115193842011267,"W/m2"
"old",1780,"RF_OC",-0.00365663758352332,"W/m2"
"old",1781,"RF_OC",-0.00230198472371151,"W/m2"
"old",1782,"RF_OC",-0.0016988711367435,"W/m2"
"old",1783,"RF_OC",-0.00102253084911585,"W/m2"
"old",1784,"RF_OC",0.00140654018475675,"W/m2"
"old",1785,"RF_OC",-0.00182631339452019,"W/m2"
"old",1786,"RF_OC",-0.000124868652410959,"W/m2"
"old",1787,"RF_OC",-0.00168292137664906,"W/m2"
"old",1788,"RF_OC",-0.00573878950392655,"W/m2"
"old",1789,"RF_OC",-0.00354148721950007,"W/m2"
"old",1790,"RF_OC",-0.00390243550313939,"W/m2"
"old",1791,"RF_OC",-0.00108140867615855,"W/m2"
"old",1792,"RF_OC",6.40044378623361e-06,"W/m2"
"old",1793,"RF_OC",-0.000194209416150476,"W/m2"
"old",1794,"RF_OC",-0.00459771344990015,"W/m2"
"old",1795,"RF_OC",-0.00279007883357939,"W/m2"
"old",1796,"RF_OC",-0.00115778133972268,"W/m2"
"old",1797,"RF_OC",-0.00314581047320446,"W/m2"
"old",1798,"RF_OC",-0.00435047953269553,"W/m2"
"old",1799,"RF_OC",-0.00377812974729849,"W/m2"
"old",1800,"RF_OC",-0.00509030564924463,"W/m2"
"old",1801,"RF_OC",-0.00394721700950203,"W/m2"
"old",1802,"RF_OC",-0.0040246818892813,"W/m2"
"old",1803,"RF_OC",-0.00245625984713015,"W/m2"
"old",1804,"RF_OC",-0.0014645445139735,"W/m2"
"old",1805,"RF_OC",-0.00414213240922529,"W/m2"
"old",1806,"RF_OC",-0.00322775859765433,"W/m2"
"old",1807,"RF_OC",-0.00429211906704846,"W/m2"
"old",1808,"RF_OC",-0.00822599476301651,"W/m2"
"old",1809,"RF_OC",-0.00635907563068287,"W/m2"
"old",1810,"RF_OC",-0.00690510573390814,"W/m2"
"old",1811,"RF_OC",-0.004748957885206,"W/m2"
"old",1812,"RF_OC",-0.00308428639364301,"W/m2"
"old",1813,"RF_OC",-0.0039547890814728,"W/m2"
"old",1814,"RF_OC",-0.00815152188677942,"W/m2"
"old",1815,"RF_OC",-0.00666233140047678,"W/m2"
"old",1816,"RF_OC",-0.00606990753600022,"W/m2"
"old",1817,"RF_OC",-0.00685282706164451,"W/m2"
"old",1818,"RF_OC",-0.00898269105871982,"W/m2"
"old",1819,"RF_OC",-0.0078008892326055,"W/m2"
"old",1820,"RF_OC",-0.00971256412709322,"W/m2"
"old",1821,"RF_OC",-0.00904965492674148,"W/m2"
"old",1822,"RF_OC",-0.00864086483183413,"W/m2"
"old",1823,"RF_OC",-0.00695203294030682,"W/m2"
"old",1824,"RF_OC",-0.00655487319168836,"W/m2"
"old",1825,"RF_OC",-0.0087201817087631,"W/m2"
"old",1826,"RF_OC",-0.00751628950924148,"W/m2"
"old",1827,"RF_OC",-0.00866406606080689,"W/m2"
"old",1828,"RF_OC",-0.013025057611713,"W/m2"
"old",1829,"RF_OC",-0.0111895210768508,"W/m2"
"old",1830,"RF_OC",-0.0119594669311264,"W/m2"
"old",1831,"RF_OC",-0.00916260225070749,"W/m2"
"old",1832,"RF_OC",-0.00827366297455696,"W/m2"
"old",1833,"RF_OC",-0.00907782455607034,"W/m2"
"old",1834,"RF_OC",-0.0128566833066015,"W/m2"
"old",1835,"RF_OC",-0.0110383454072913,"W/m2"
"old",1836,"RF_OC",-0.011451718232128,"W/m2"
"old",1837,"RF_OC",-0.0122130851315555,"W/m2"
"old",1838,"RF_OC",-0.0140564408889106,"W/m2"
"old",1839,"RF_OC",-0.0131827491433837,"W/m2"
"old",1840,"RF_OC",-0.0136309682018489,"W/m2"
"old",1841,"RF_OC",-0.0147228164375676,"W/m2"
"old",1842,"RF_OC",-0.0137323883972803,"W/m2"
"old",1843,"RF_OC",-0.0113441681599798,"W/m2"
"old",1844,"RF_OC",-0.0111000789241841,"W/m2"
"old",1845,"RF_OC",-0.0137862185426354,"W/m2"
"old",1846,"RF_OC",-0.0125016841788714,"W/m2"
"old",1847,"RF_OC",-0.0148187353373963,"W/m2"
"old",1848,"RF_OC",-0.0182797428947454,"W/m2"
"old",1849,"RF_OC",-0.0168323214905862,"W/m2"
"old",1850,"RF_OC",-0.0178064540098244,"W/m2"
"old",1851,"RF_OC",-0.0145995232922419,"W/m2"
"old",1852,"RF_OC",-0.0130167094510713,"W/m2"
"old",1853,"RF_OC",-0.0141650509857347,"W/m2"
"old",1854,"RF_OC",-0.0185343473559939,"W/m2"
"old",1855,"RF_OC",-0.0162996465200563,"W/m2"
"old",1856,"RF_OC",-0.0160591829654306,"W/m2"
"old",1857,"RF_OC",-0.0182212579535254,"W/m2"
"old",1858,"RF_OC",-0.0194239469417103,"W/m2"
"old",1859,"RF_OC",-0.0192332042850963,"W/m2"
"old",1860,"RF_OC",-0.0196878680894604,"W/m2"
"old",1861,"RF_OC",-0.0191538444167284,"W/m2"
"old",1862,"RF_OC",-0.0190178424042781,"W/m2"
"old",1863,"RF_OC",-0.0169388385542933,"W/m2"
"old",1864,"RF_OC",-0.0169542560265154,"W/m2"
"old",1865,"RF_OC",-0.0206239540928607,"W/m2"
"old",1866,"RF_OC",-0.0188819276104442,"W/m2"
"old",1867,"RF_OC",-0.0212761230001278,"W/m2"
"old",1868,"RF_OC",-0.024690434422651,"W/m2"
"old",1869,"RF_OC",-0.0220479842683351,"W/m2"
"old",1870,"RF_OC",-0.0244141147056279,"W/m2"
"old",1871,"RF_OC",-0.0212339486197846,"W/m2"
"old",1872,"RF_OC",-0.0186939513548527,"W/m2"
"old",1873,"RF_OC",-0.0223585632832253,"W/m2"
"old",1874,"RF_OC",-0.0247132640606141,"W/m2"
"old",1875,"RF_OC",-0.0211833470798004,"W/m2"
"old",1876,"RF_OC",-0.022774013681208,"W/m2"
"old",1877,"RF_OC",-0.023330912531376,"W/m2"
"old",1878,"RF_OC",-0.0242222243499435,"W/m2"
"old",1879,"RF_OC",-0.0258825975513518,"W/m2"
"old",1880,"RF_OC",-0.0248542888425486,"W/m2"
"old",1881,"RF_OC",-0.024856499072225,"W/m2"
"old",1882,"RF_OC",-0.023773666545141,"W/m2"
"old",1883,"RF_OC",-0.0208981348721069,"W/m2"
"old",1884,"RF_OC",-0.0228236646575071,"W/m2"
"old",1885,"RF_OC",-0.0240857378192676,"W/m2"
"old",1886,"RF_OC",-0.0231948279265591,"W/m2"
"old",1887,"RF_OC",-0.0248647475943413,"W/m2"
"old",1888,"RF_OC",-0.0277946878801889,"W/m2"
"old",1889,"RF_OC",-0.026302019803923,"W/m2"
"old",1890,"RF_OC",-0.0277454710049808,"W/m2"
"old",1891,"RF_OC",-0.0240396318029924,"W/m2"
"old",1892,"RF_OC",-0.0224368768450794,"W/m2"
"old",1893,"RF_OC",-0.0239036925662459,"W/m2"
"old",1894,"RF_OC",-0.0281174928893424,"W/m2"
"old",1895,"RF_OC",-0.0261080334741167,"W/m2"
"old",1896,"RF_OC",-0.0238962059203546,"W/m2"
"old",1897,"RF_OC",-0.026490427125277,"W/m2"
"old",1898,"RF_OC",-0.0259746407968981,"W/m2"
"old",1899,"RF_OC",-0.0283262469065604,"W/m2"
"old",1900,"RF_OC",-0.0275707037651682,"W/m2"
"old",1901,"RF_OC",-0.0258845631213991,"W/m2"
"old",1902,"RF_OC",-0.0250544493923555,"W/m2"
"old",1903,"RF_OC",-0.0229563431430768,"W/m2"
"old",1904,"RF_OC",-0.0269641510835834,"W/m2"
"old",1905,"RF_OC",-0.0275846664148102,"W/m2"
"old",1906,"RF_OC",-0.0266489941864376,"W/m2"
"old",1907,"RF_OC",-0.030093214052436,"W/m2"
"old",1908,"RF_OC",-0.0313598985184379,"W/m2"
"old",1909,"RF_OC",-0.0298701209531656,"W/m2"
"old",1910,"RF_OC",-0.033026645331145,"W/m2"
"old",1911,"RF_OC",-0.0292161830304692,"W/m2"
"old",1912,"RF_OC",-0.0271228733240531,"W/m2"
"old",1913,"RF_OC",-0.0292143971339536,"W/m2"
"old",1914,"RF_OC",-0.0329635522136326,"W/m2"
"old",1915,"RF_OC",-0.0295609972206696,"W/m2"
"old",1916,"RF_OC",-0.0285798972285803,"W/m2"
"old",1917,"RF_OC",-0.030305100141101,"W/m2"
"old",1918,"RF_OC",-0.031531366679019,"W/m2"
"old",1919,"RF_OC",-0.0315293589092586,"W/m2"
"old",1920,"RF_OC",-0.0317456441063797,"W/m2"
"old",1921,"RF_OC",-0.0281814380802275,"W/m2"
"old",1922,"RF_OC",-0.0257990676691549,"W/m2"
"old",1923,"RF_OC",-0.0318445070285023,"W/m2"
"old",1924,"RF_OC",-0.0277503333706869,"W/m2"
"old",1925,"RF_OC",-0.0275877910516562,"W/m2"
"old",1926,"RF_OC",-0.0264317199604402,"W/m2"
"old",1927,"RF_OC",-0.0283698150666786,"W/m2"
"old",1928,"RF_OC",-0.0286287975303038,"W/m2"
"old",1929,"RF_OC",-0.030929238549351,"W/m2"
"old",1930,"RF_OC",-0.0352695310450864,"W/m2"
"old",1931,"RF_OC",-0.027776985139354,"W/m2"
"old",1932,"RF_OC",-0.0302042165234796,"W/m2"
"old",1933,"RF_OC",-0.0292931064506795,"W/m2"
"old",1934,"RF_OC",-0.0336692141207606,"W/m2"
"old",1935,"RF_OC",-0.0326477822921405,"W/m2"
"old",1936,"RF_OC",-0.0366265508143291,"W/m2"
"old",1937,"RF_OC",-0.034617387170459,"W/m2"
"old",1938,"RF_OC",-0.0309859037025791,"W/m2"
"old",1939,"RF_OC",-0.0357081944042817,"W/m2"
"old",1940,"RF_OC",-0.0327956508560435,"W/m2"
"old",1941,"RF_OC",-0.0321277422082885,"W/m2"
"old",1942,"RF_OC",-0.0356655256801306,"W/m2"
"old",1943,"RF_OC",-0.0340669770527212,"W/m2"
"old",1944,"RF_OC",-0.0350499819213006,"W/m2"
"old",1945,"RF_OC",-0.0332066014527897,"W/m2"
"old",1946,"RF_OC",-0.0311276008460358,"W/m2"
"old",1947,"RF_OC",-0.030391202106814,"W/m2"
"old",1948,"RF_OC",-0.0333343718732886,"W/m2"
"old",1949,"RF_OC",-0.0360947120443533,"W/m2"
"old",1950,"RF_OC",-0.0426596705634732,"W/m2"
"old",1951,"RF_OC",-0.0317186897997373,"W/m2"
"old",1952,"RF_OC",-0.0353050635384941,"W/m2"
"old",1953,"RF_OC",-0.0394248908107447,"W/m2"
"old",1954,"RF_OC",-0.0397695902398921,"W/m2"
"old",1955,"RF_OC",-0.0394953749197186,"W/m2"
"old",1956,"RF_OC",-0.046623591790103,"W/m2"
"old",1957,"RF_OC",-0.0536834092361842,"W/m2"
"old",1958,"RF_OC",-0.0435620515634529,"W/m2"
"old",1959,"RF_OC",-0.0428591882936019,"W/m2"
"old",1960,"RF_OC",-0.0424216617188263,"W/m2"
"old",1961,"RF_OC",-0.0507824067115172,"W/m2"
"old",1962,"RF_OC",-0.0455062621763111,"W/m2"
"old",1963,"RF_OC",-0.0586993147363735,"W/m2"
"old",1964,"RF_OC",-0.0444012180354934,"W/m2"
"old",1965,"RF_OC",-0.0461461966810718,"W/m2"
"old",1966,"RF_OC",-0.0447643310619871,"W/m2"
"old",1967,"RF_OC",-0.0521389295549792,"W/m2"
"old",1968,"RF_OC",-0.0472727260870074,"W/m2"
"old",1969,"RF_OC",-0.0426255778370883,"W/m2"
"old",1970,"RF_OC",-0.0469807359768627,"W/m2"
"old",1971,"RF_OC",-0.0496390063533616,"W/m2"
"old",1972,"RF_OC",-0.064582504684235,"W/m2"
"old",1973,"RF_OC",-0.0513082727470887,"W/m2"
"old",1974,"RF_OC",-0.0522307508661624,"W/m2"
"old",1975,"RF_OC",-0.0492195805435876,"W/m2"
"old",1976,"RF_OC",-0.0573955058804823,"W/m2"
"old",1977,"RF_OC",-0.057277142581301,"W/m2"
"old",1978,"RF_OC",-0.06132966002695,"W/m2"
"old",1979,"RF_OC",-0.0625645450301608,"W/m2"
"old",1980,"RF_OC",-0.0626931094525848,"W/m2"
"old",1981,"RF_OC",-0.0603913453359381,"W/m2"
"old",1982,"RF_OC",-0.0821686461033418,"W/m2"
"old",1983,"RF_OC",-0.0577401814048477,"W/m2"
"old",1984,"RF_OC",-0.0632936554470208,"W/m2"
"old",1985,"RF_OC",-0.0665367181278327,"W/m2"
"old",1986,"RF_OC",-0.0670472192678812,"W/m2"
"old",1987,"RF_OC",-0.0756311911402092,"W/m2"
"old",1988,"RF_OC",-0.0752031873002438,"W/m2"
"old",1989,"RF_OC",-0.0697336697162323,"W/m2"
"old",1990,"RF_OC",-0.0763584094621799,"W/m2"
"old",1991,"RF_OC",-0.121397869509227,"W/m2"
"old",1992,"RF_OC",-0.071768386898113,"W/m2"
"old",1993,"RF_OC",-0.0811613826467525,"W/m2"
"old",1994,"RF_OC",-0.113378768173967,"W/m2"
"old",1995,"RF_OC",-0.0914154465710185,"W/m2"
"old",1996,"RF_OC",-0.0850005123956264,"W/m2"
"old",1997,"RF_OC",-0.146683300481818,"W/m2"
"old",1998,"RF_OC",-0.143293255411054,"W/m2"
"old",1999,"RF_OC",-0.0961167760791041,"W/m2"
"old",2000,"RF_OC",-0.0803091181849299,"W/m2"
"old",2001,"RF_OC",-0.0796429037024468,"W/m2"
"old",2002,"RF_OC",-0.117638830478038,"W/m2"
"old",2003,"RF_OC",-0.121187990850339,"W/m2"
"old",2004,"RF_OC",-0.108169631346311,"W/m2"
"old",2005,"RF_OC",-0.110691869154389,"W/m2"
"old",2006,"RF_OC",-0.121142918230454,"W/m2"
"old",2007,"RF_OC",-0.114236988056081,"W/m2"
"old",2008,"RF_OC",-0.103612109398148,"W/m2"
"old",2009,"RF_OC",-0.104595380708163,"W/m2"
"old",2010,"RF_OC",-0.122779212265074,"W/m2"
"old",2011,"RF_OC",-0.109373718422511,"W/m2"
"old",2012,"RF_OC",-0.130572665241042,"W/m2"
"old",2013,"RF_OC",-0.114033675535924,"W/m2"
"old",2014,"RF_OC",-0.132616027632261,"W/m2"
"old",2015,"RF_OC",-0.123647327076139,"W/m2"
"old",2016,"RF_OC",-0.121941410978244,"W/m2"
"old",2017,"RF_OC",-0.12023549488035,"W/m2"
"old",2018,"RF_OC",-0.118529578782455,"W/m2"
"old",2019,"RF_OC",-0.116823662684561,"W/m2"
"old",2020,"RF_OC",-0.115117746586666,"W/m2"
"old",2021,"RF_OC",-0.114045328613703,"W/m2"
"old",2022,"RF_OC",-0.11297291064074,"W/m2"
"old",2023,"RF_OC",-0.111900492667777,"W/m2"
"old",1745,"RF_NH3",0,"W/m2"
"old",1746,"RF_NH3",0,"W/m2"
"old",1747,"RF_NH3",0,"W/m2"
"old",1748,"RF_NH3",0,"W/m2"
"old",1749,"RF_NH3",0,"W/m2"
"old",1750,"RF_NH3",0,"W/m2"
"old",1751,"RF_NH3",0.000144959968874295,"W/m2"
"old",1752,"RF_NH3",0.000232217948101484,"W/m2"
"old",1753,"RF_NH3",9.92573330694385e-05,"W/m2"
"old",1754,"RF_NH3",-0.000187775938395153,"W/m2"
"old",1755,"RF_NH3",-3.49780712708657e-05,"W/m2"
"old",1756,"RF_NH3",1.06840949461451e-05,"W/m2"
"old",1757,"RF_NH3",-0.00025748958408324,"W/m2"
"old",1758,"RF_NH3",-0.0001454358944608,"W/m2"
"old",1759,"RF_NH3",-0.000253807414537866,"W/m2"
"old",1760,"RF_NH3",-0.000429975096056608,"W/m2"
"old",1761,"RF_NH3",-0.000328943177274478,"W/m2"
"old",1762,"RF_NH3",-0.000310868284721847,"W/m2"
"old",1763,"RF_NH3",-0.000301072179152826,"W/m2"
"old",1764,"RF_NH3",6.21155043219086e-05,"W/m2"
"old",1765,"RF_NH3",-0.00039635544339303,"W/m2"
"old",1766,"RF_NH3",-0.000233072894154897,"W/m2"
"old",1767,"RF_NH3",-0.000252571518157987,"W/m2"
"old",1768,"RF_NH3",-0.000635070376949638,"W/m2"
"old",1769,"RF_NH3",-0.000493959936005827,"W/m2"
"old",1770,"RF_NH3",-0.000489913765712618,"W/m2"
"old",1771,"RF_NH3",-0.000303724289818891,"W/m2"
"old",1772,"RF_NH3",-0.000247953546040187,"W/m2"
"old",1773,"RF_NH3",-0.000379447737130998,"W/m2"
"old",1774,"RF_NH3",-0.00090135785680061,"W/m2"
"old",1775,"RF_NH3",-0.000733845789139582,"W/m2"
"old",1776,"RF_NH3",-0.000716302316265752,"W/m2"
"old",1777,"RF_NH3",-0.000919110464805433,"W/m2"
"old",1778,"RF_NH3",-0.00108785790402688,"W/m2"
"old",1779,"RF_NH3",-0.00105388061746335,"W/m2"
"old",1780,"RF_NH3",-0.00137719249233447,"W/m2"
"old",1781,"RF_NH3",-0.0012406066375068,"W/m2"
"old",1782,"RF_NH3",-0.00127031294609599,"W/m2"
"old",1783,"RF_NH3",-0.00122010971596439,"W/m2"
"old",1784,"RF_NH3",-0.000973153209993359,"W/m2"
"old",1785,"RF_NH3",-0.00131007148475214,"W/m2"
"old",1786,"RF_NH3",-0.00120906190186868,"W/m2"
"old",1787,"RF_NH3",-0.00134659619020402,"W/m2"
"old",1788,"RF_NH3",-0.00172378872122577,"W/m2"
"old",1789,"RF_NH3",-0.00157910646781057,"W/m2"
"old",1790,"RF_NH3",-0.00161502702605504,"W/m2"
"old",1791,"RF_NH3",-0.0013503980442138,"W/m2"
"old",1792,"RF_NH3",-0.00122638207667373,"W/m2"
"old",1793,"RF_NH3",-0.00126708306369218,"W/m2"
"old",1794,"RF_NH3",-0.00172507902369957,"W/m2"
"old",1795,"RF_NH3",-0.00149895856412114,"W/m2"
"old",1796,"RF_NH3",-0.0014038762026278,"W/m2"
"old",1797,"RF_NH3",-0.00152070507949944,"W/m2"
"old",1798,"RF_NH3",-0.00159520486831466,"W/m2"
"old",1799,"RF_NH3",-0.00160259823608113,"W/m2"
"old",1800,"RF_NH3",-0.00174462793884987,"W/m2"
"old",1801,"RF_NH3",-0.00165994907098179,"W/m2"
"old",1802,"RF_NH3",-0.00179271786237031,"W/m2"
"old",1803,"RF_NH3",-0.00170217606690743,"W/m2"
"old",1804,"RF_NH3",-0.00162968948776714,"W/m2"
"old",1805,"RF_NH3",-0.00194746420306738,"W/m2"
"old",1806,"RF_NH3",-0.00196544632925819,"W/m2"
"old",1807,"RF_NH3",-0.00209997222475401,"W/m2"
"old",1808,"RF_NH3",-0.00250573564650142,"W/m2"
"old",1809,"RF_NH3",-0.00243591132142338,"W/m2"
"old",1810,"RF_NH3",-0.00253100666484662,"W/m2"
"old",1811,"RF_NH3",-0.00235904338004395,"W/m2"
"old",1812,"RF_NH3",-0.00222646430214113,"W/m2"
"old",1813,"RF_NH3",-0.0023720217471379,"W/m2"
"old",1814,"RF_NH3",-0.00284923453863444,"W/m2"
"old",1815,"RF_NH3",-0.00268512482313213,"W/m2"
"old",1816,"RF_NH3",-0.0027051964863161,"W/m2"
"old",1817,"RF_NH3",-0.00277510971800908,"W/m2"
"old",1818,"RF_NH3",-0.00295965071032953,"W/m2"
"old",1819,"RF_NH3",-0.00295119910043052,"W/m2"
"old",1820,"RF_NH3",-0.00319412802607087,"W/m2"
"old",1821,"RF_NH3",-0.00315168207945091,"W/m2"
"old",1822,"RF_NH3",-0.00326231624940331,"W/m2"
"old",1823,"RF_NH3",-0.00314945426834502,"W/m2"
"old",1824,"RF_NH3",-0.00315068368634676,"W/m2"
"old",1825,"RF_NH3",-0.00340907140157873,"W/m2"
"old",1826,"RF_NH3",-0.00342491754229715,"W/m2"
"old",1827,"RF_NH3",-0.00355846492085283,"W/m2"
"old",1828,"RF_NH3",-0.00402124732699079,"W/m2"
"old",1829,"RF_NH3",-0.00394771020954212,"W/m2"
"old",1830,"RF_NH3",-0.00405839621320336,"W/m2"
"old",1831,"RF_NH3",-0.00387104964819316,"W/m2"
"old",1832,"RF_NH3",-0.00383010897400508,"W/m2"
"old",1833,"RF_NH3",-0.00399855735227995,"W/m2"
"old",1834,"RF_NH3",-0.00445029175657591,"W/m2"
"old",1835,"RF_NH3",-0.00428746761678308,"W/m2"
"old",1836,"RF_NH3",-0.00443225352962591,"W/m2"
"old",1837,"RF_NH3",-0.0045053146264459,"W/m2"
"old",1838,"RF_NH3",-0.0047102093292992,"W/m2"
"old",1839,"RF_NH3",-0.00474684731940892,"W/m2"
"old",1840,"RF_NH3",-0.00490075637757946,"W/m2"
"old",1841,"RF_NH3",-0.00498257793122354,"W/m2"
"old",1842,"RF_NH3",-0.00500817719650314,"W/m2"
"old",1843,"RF_NH3",-0.00484608902965115,"W/m2"
"old",1844,"RF_NH3",-0.00483119752926488,"W/m2"
"old",1845,"RF_NH3",-0.00510801931613448,"W/m2"
"old",1846,"RF_NH3",-0.0050964145342212,"W/m2"
"old",1847,"RF_NH3",-0.00530986673245623,"W/m2"
"old",1848,"RF_NH3",-0.00567743168555064,"W/m2"
"old",1849,"RF_NH3",-0.0056133088232619,"W/m2"
"old",1850,"RF_NH3",-0.00574379555825877,"W/m2"
"old",1851,"RF_NH3",-0.00547405815938558,"W/m2"
"old",1852,"RF_NH3",-0.00535827741320368,"W/m2"
"old",1853,"RF_NH3",-0.00550563873231793,"W/m2"
"old",1854,"RF_NH3",-0.00596862137605735,"W/m2"
"old",1855,"RF_NH3",-0.00575249963423813,"W/m2"
"old",1856,"RF_NH3",-0.00583994820184598,"W/m2"
"old",1857,"RF_NH3",-0.0059880674186935,"W/m2"
"old",1858,"RF_NH3",-0.00610799899133831,"W/m2"
"old",1859,"RF_NH3",-0.00619761958807062,"W/m2"
"old",1860,"RF_NH3",-0.00631099189578462,"W/m2"
"old",1861,"RF_NH3",-0.00628668390172139,"W/m2"
"old",1862,"RF_NH3",-0.00641919349460227,"W/m2"
"old",1863,"RF_NH3",-0.00631142809737471,"W/m2"
"old",1864,"RF_NH3",-0.00635106149534941,"W/m2"
"old",1865,"RF_NH3",-0.00675108336385852,"W/m2"
"old",1866,"RF_NH3",-0.00673179986199667,"W/m2"
"old",1867,"RF_NH3",-0.00699916106504619,"W/m2"
"old",1868,"RF_NH3",-0.00739203046904025,"W/m2"
"old",1869,"RF_NH3",-0.00726082281534693,"W/m2"
"old",1870,"RF_NH3",-0.00753972693270739,"W/m2"
"old",1871,"RF_NH3",-0.00738622926139008,"W/m2"
"old",1872,"RF_NH3",-0.00730229052455564,"W/m2"
"old",1873,"RF_NH3",-0.00780478580090959,"W/m2"
"old",1874,"RF_NH3",-0.00820625666256906,"W/m2"
"old",1875,"RF_NH3",-0.00801726467247847,"W/m2"
"old",1876,"RF_NH3",-0.0083785444364748,"W/m2"
"old",1877,"RF_NH3",-0.00851831243826165,"W/m2"
"old",1878,"RF_NH3",-0.00873704405249848,"W/m2"
"old",1879,"RF_NH3",-0.00912882439796987,"W/m2"
"old",1880,"RF_NH3",-0.00919119808072249,"W/m2"
"old",1881,"RF_NH3",-0.00932892637384888,"W/m2"
"old",1882,"RF_NH3",-0.00947587054584966,"W/m2"
"old",1883,"RF_NH3",-0.00938541919379401,"W/m2"
"old",1884,"RF_NH3",-0.00973459102730321,"W/m2"
"old",1885,"RF_NH3",-0.0100336942334081,"W/m2"
"old",1886,"RF_NH3",-0.0101895903841201,"W/m2"
"old",1887,"RF_NH3",-0.0105111899238151,"W/m2"
"old",1888,"RF_NH3",-0.0109746642950692,"W/m2"
"old",1889,"RF_NH3",-0.0110469954896575,"W/m2"
"old",1890,"RF_NH3",-0.0113615024792477,"W/m2"
"old",1891,"RF_NH3",-0.01122793235209,"W/m2"
"old",1892,"RF_NH3",-0.0113127141815813,"W/m2"
"old",1893,"RF_NH3",-0.0116996595096534,"W/m2"
"old",1894,"RF_NH3",-0.0123068400572963,"W/m2"
"old",1895,"RF_NH3",-0.0123284262040683,"W/m2"
"old",1896,"RF_NH3",-0.012431756502838,"W/m2"
"old",1897,"RF_NH3",-0.0127957737599727,"W/m2"
"old",1898,"RF_NH3",-0.0129435304846399,"W/m2"
"old",1899,"RF_NH3",-0.0134757468788739,"W/m2"
"old",1900,"RF_NH3",-0.0136251130957257,"W/m2"
"old",1901,"RF_NH3",-0.0136782066712724,"W/m2"
"old",1902,"RF_NH3",-0.0139165838823451,"W/m2"
"old",1903,"RF_NH3",-0.0139703044100066,"W/m2"
"old",1904,"RF_NH3",-0.0146011330547834,"W/m2"
"old",1905,"RF_NH3",-0.0148664550716188,"W/m2"
"old",1906,"RF_NH3",-0.0150908010499969,"W/m2"
"old",1907,"RF_NH3",-0.0156426094350695,"W/m2"
"old",1908,"RF_NH3",-0.0160517458741182,"W/m2"
"old",1909,"RF_NH3",-0.0161768840461898,"W/m2"
"old",1910,"RF_NH3",-0.0167453039453768,"W/m2"
"old",1911,"RF_NH3",-0.0166353628867163,"W/m2"
"old",1912,"RF_NH3",-0.016708950871804,"W/m2"
"old",1913,"RF_NH3",-0.0171556320842505,"W/m2"
"old",1914,"RF_NH3",-0.017841696644378,"W/m2"
"old",1915,"RF_NH3",-0.0178215959957674,"W/m2"
"old",1916,"RF_NH3",-0.0180591963930894,"W/m2"
"old",1917,"RF_NH3",-0.0183972346896146,"W/m2"
"old",1918,"RF_NH3",-0.0188350810627207,"W/m2"
"old",1919,"RF_NH3",-0.0192884554017326,"W/m2"
"old",1920,"RF_NH3",-0.0195481326260486,"W/m2"
"old",1921,"RF_NH3",-0.0194912738477899,"W/m2"
"old",1922,"RF_NH3",-0.0196261472877841,"W/m2"
"old",1923,"RF_NH3",-0.0204766115699057,"W/m2"
"old",1924,"RF_NH3",-0.020361460795154,"W/m2"
"old",1925,"RF_NH3",-0.0212757429416214,"W/m2"
"old",1926,"RF_NH3",-0.0219316637036937,"W/m2"
"old",1927,"RF_NH3",-0.0225432756746062,"W/m2"
"old",1928,"RF_NH3",-0.0229610675529545,"W/m2"
"old",1929,"RF_NH3",-0.0234766945237396,"W/m2"
"old",1930,"RF_NH3",-0.0239975437152165,"W/m2"
"old",1931,"RF_NH3",-0.023672029388242,"W/m2"
"old",1932,"RF_NH3",-0.0239761625557996,"W/m2"
"old",1933,"RF_NH3",-0.02406322724312,"W/m2"
"old",1934,"RF_NH3",-0.0244570895109633,"W/m2"
"old",1935,"RF_NH3",-0.0244425094909537,"W/m2"
"old",1936,"RF_NH3",-0.0251626105216931,"W/m2"
"old",1937,"RF_NH3",-0.025340759834129,"W/m2"
"old",1938,"RF_NH3",-0.0253080221368779,"W/m2"
"old",1939,"RF_NH3",-0.0258816601090801,"W/m2"
"old",1940,"RF_NH3",-0.0257655099640369,"W/m2"
"old",1941,"RF_NH3",-0.025980594528231,"W/m2"
"old",1942,"RF_NH3",-0.026358623309295,"W/m2"
"old",1943,"RF_NH3",-0.0263936180476019,"W/m2"
"old",1944,"RF_NH3",-0.0268833026778443,"W/m2"
"old",1945,"RF_NH3",-0.0270471036474067,"W/m2"
"old",1946,"RF_NH3",-0.0273872275919874,"W/m2"
"old",1947,"RF_NH3",-0.0278735328392864,"W/m2"
"old",1948,"RF_NH3",-0.0288026905102666,"W/m2"
"old",1949,"RF_NH3",-0.0300047588690387,"W/m2"
"old",1950,"RF_NH3",-0.0314902608312198,"W/m2"
"old",1951,"RF_NH3",-0.031725385448003,"W/m2"
"old",1952,"RF_NH3",-0.033190736839962,"W/m2"
"old",1953,"RF_NH3",-0.0346768435763038,"W/m2"
"old",1954,"RF_NH3",-0.0356039138725531,"W/m2"
"old",1955,"RF_NH3",-0.0361842488266414,"W/m2"
"old",1956,"RF_NH3",-0.0374864384541877,"W/m2"
"old",1957,"RF_NH3",-0.0390184941693067,"W/m2"
"old",1958,"RF_NH3",-0.0393604247886328,"W/m2"
"old",1959,"RF_NH3",-0.0404674640961693,"W/m2"
"old",1960,"RF_NH3",-0.0412043652736577,"W/m2"
"old",1961,"RF_NH3",-0.0428391946728834,"W/m2"
"old",1962,"RF_NH3",-0.0439156567633532,"W/m2"
"old",1963,"RF_NH3",-0.0468198889731026,"W/m2"
"old",1964,"RF_NH3",-0.046525386253979,"W/m2"
"old",1965,"RF_NH3",-0.0494541562792177,"W/m2"
"old",1966,"RF_NH3",-0.0528468480372293,"W/m2"
"old",1967,"RF_NH3",-0.0563120641500032,"W/m2"
"old",1968,"RF_NH3",-0.0589169109030662,"W/m2"
"old",1969,"RF_NH3",-0.060162123798086,"W/m2"
"old",1970,"RF_NH3",-0.0655438699241446,"W/m2"
"old",1971,"RF_NH3",-0.0669685060313099,"W/m2"
"old",1972,"RF_NH3",-0.0700395589819077,"W/m2"
"old",1973,"RF_NH3",-0.0708822622682082,"W/m2"
"old",1974,"RF_NH3",-0.0724595398333654,"W/m2"
"old",1975,"RF_NH3",-0.0741433364077521,"W/m2"
"old",1976,"RF_NH3",-0.0763851481114828,"W/m2"
"old",1977,"RF_NH3",-0.0780021830285992,"W/m2"
"old",1978,"RF_NH3",-0.0800753254779388,"W/m2"
"old",1979,"RF_NH3",-0.0819936398917166,"W/m2"
"old",1980,"RF_NH3",-0.0838043457505337,"W/m2"
"old",1981,"RF_NH3",-0.0846538279807016,"W/m2"
"old",1982,"RF_NH3",-0.087427628109371,"W/m2"
"old",1983,"RF_NH3",-0.08738151294624,"W/m2"
"old",1984,"RF_NH3",-0.0896307506942736,"W/m2"
"old",1985,"RF_NH3",-0.091180491818282,"W/m2"
"old",1986,"RF_NH3",-0.092888824721182,"W/m2"
"old",1987,"RF_NH3",-0.0952909532838055,"W/m2"
"old",1988,"RF_NH3",-0.0961402749752366,"W/m2"
"old",1989,"RF_NH3",-0.0968640447487694,"W/m2"
"old",1990,"RF_NH3",-0.0978462057280884,"W/m2"
"old",1991,"RF_NH3",-0.101579460689602,"W/m2"
"old",1992,"RF_NH3",-0.0975369417222674,"W/m2"
"old",1993,"RF_NH3",-0.0984064307793823,"W/m2"
"old",1994,"RF_NH3",-0.101470258009158,"W/m2"
"old",1995,"RF_NH3",-0.0997669412840163,"W/m2"
"old",1996,"RF_NH3",-0.0997767259178577,"W/m2"
"old",1997,"RF_NH3",-0.105564047585821,"W/m2"
"old",1998,"RF_NH3",-0.106575499155374,"W/m2"
"old",1999,"RF_NH3",-0.102669780963813,"W/m2"
"old",2000,"RF_NH3",-0.102112293806875,"W/m2"
"old",2001,"RF_NH3",-0.102542143742471,"W/m2"
"old",2002,"RF_NH3",-0.107621293213529,"W/m2"
"old",2003,"RF_NH3",-0.108938345958691,"W/m2"
"old",2004,"RF_NH3",-0.109846567922258,"W/m2"
"old",2005,"RF_NH3",-0.111498638528863,"W/m2"
"old",2006,"RF_NH3",-0.114709814996329,"W/m2"
"old",2007,"RF_NH3",-0.115967569077107,"W/m2"
"old",2008,"RF_NH3",-0.116720001488835,"W/m2"
"old",2009,"RF_NH3",-0.116852020123446,"W/m2"
"old",2010,"RF_NH3",-0.119140790776336,"W/m2"
"old",2011,"RF_NH3",-0.119042668078537,"W/m2"
"old",2012,"RF_NH3",-0.122153781178189,"W/m2"
"old",2013,"RF_NH3",-0.121729988100703,"W/m2"
"old",2014,"RF_NH3",-0.124704124507767,"W/m2"
"old",2015,"RF_NH3",-0.125225287254266,"W/m2"
"old",2016,"RF_NH3",-0.125986419747305,"W/m2"
"old",2017,"RF_NH3",-0.126747552240343,"W/m2"
"old",2018,"RF_NH3",-0.127508684733382,"W/m2"
"old",2019,"RF_NH3",-0.12826981722642,"W/m2"
"old",2020,"RF_NH3",-0.129030949719459,"W/m2"
"old",2021,"RF_NH3",-0.130191327416542,"W/m2"
"old",2022,"RF_NH3",-0.131351705113625,"W/m2"
"old",2023,"RF_NH3",-0.132512082810708,"W/m2"
"old",1745,"RF_SO2",0,"W/m2"
"old",1746,"RF_SO2",0,"W/m2"
"old",1747,"RF_SO2",0,"W/m2"
"old",1748,"RF_SO2",0,"W/m2"
"old",1749,"RF_SO2",0,"W/m2"
"old",1750,"RF_SO2",0,"W/m2"
"old",1751,"RF_SO2",0.000118466832862303,"W/m2"
"old",1752,"RF_SO2",0.000160599220904036,"W/m2"
"old",1753,"RF_SO2",0.000109809895554766,"W/m2"
"old",1754,"RF_SO2",-8.23593522359788e-05,"W/m2"
"old",1755,"RF_SO2",-8.62881462218405e-06,"W/m2"
"old",1756,"RF_SO2",7.804736133127e-05,"W/m2"
"old",1757,"RF_SO2",-0.000252187181452403,"W/m2"
"old",1758,"RF_SO2",-0.000148490422891933,"W/m2"
"old",1759,"RF_SO2",-0.000125238719730221,"W/m2"
"old",1760,"RF_SO2",-0.000215828998866583,"W/m2"
"old",1761,"RF_SO2",-0.00025861030506292,"W/m2"
"old",1762,"RF_SO2",-9.89640777012569e-05,"W/m2"
"old",1763,"RF_SO2",-0.000153160148882768,"W/m2"
"old",1764,"RF_SO2",6.80086691964878e-05,"W/m2"
"old",1765,"RF_SO2",-0.000215114028231494,"W/m2"
"old",1766,"RF_SO2",-0.000165939123433422,"W/m2"
"old",1767,"RF_SO2",-0.000159709118985886,"W/m2"
"old",1768,"RF_SO2",-0.00054363928007437,"W/m2"
"old",1769,"RF_SO2",-0.000384208953777398,"W/m2"
"old",1770,"RF_SO2",-0.000415059317603991,"W/m2"
"old",1771,"RF_SO2",-6.12579799747198e-05,"W/m2"
"old",1772,"RF_SO2",3.05604920397846e-05,"W/m2"
"old",1773,"RF_SO2",9.26922071159582e-06,"W/m2"
"old",1774,"RF_SO2",-0.000332416029803077,"W/m2"
"old",1775,"RF_SO2",-0.000214212422800559,"W/m2"
"old",1776,"RF_SO2",-9.95923213997409e-05,"W/m2"
"old",1777,"RF_SO2",-0.000304142198166494,"W/m2"
"old",1778,"RF_SO2",-0.000450825535386435,"W/m2"
"old",1779,"RF_SO2",-0.000238150982249207,"W/m2"
"old",1780,"RF_SO2",-0.000394931818443904,"W/m2"
"old",1781,"RF_SO2",-0.000415388305025216,"W/m2"
"old",1782,"RF_SO2",-0.000292245165889738,"W/m2"
"old",1783,"RF_SO2",-0.000274618876213006,"W/m2"
"old",1784,"RF_SO2",-0.000143150935665392,"W/m2"
"old",1785,"RF_SO2",-0.000333458322573163,"W/m2"
"old",1786,"RF_SO2",-0.000313571765025613,"W/m2"
"old",1787,"RF_SO2",-0.000443737597942877,"W/m2"
"old",1788,"RF_SO2",-0.000778007799678878,"W/m2"
"old",1789,"RF_SO2",-0.000590173643354536,"W/m2"
"old",1790,"RF_SO2",-0.000619047755608079,"W/m2"
"old",1791,"RF_SO2",-0.000469414316302035,"W/m2"
"old",1792,"RF_SO2",-0.000433318694379342,"W/m2"
"old",1793,"RF_SO2",-0.000408961541967167,"W/m2"
"old",1794,"RF_SO2",-0.000757920041182742,"W/m2"
"old",1795,"RF_SO2",-0.000636357692523428,"W/m2"
"old",1796,"RF_SO2",-0.000481709920692807,"W/m2"
"old",1797,"RF_SO2",-0.000748864026625183,"W/m2"
"old",1798,"RF_SO2",-0.000915554354427849,"W/m2"
"old",1799,"RF_SO2",-0.000827697480893005,"W/m2"
"old",1800,"RF_SO2",-0.000967152836176349,"W/m2"
"old",1801,"RF_SO2",-0.000929137204407852,"W/m2"
"old",1802,"RF_SO2",-0.00107464813761696,"W/m2"
"old",1803,"RF_SO2",-0.000882156327887606,"W/m2"
"old",1804,"RF_SO2",-0.000941671693954697,"W/m2"
"old",1805,"RF_SO2",-0.00108383210205969,"W/m2"
"old",1806,"RF_SO2",-0.00110829808061163,"W/m2"
"old",1807,"RF_SO2",-0.00125342436406007,"W/m2"
"old",1808,"RF_SO2",-0.00152121512843974,"W/m2"
"old",1809,"RF_SO2",-0.00135356548473301,"W/m2"
"old",1810,"RF_SO2",-0.00143620414457049,"W/m2"
"old",1811,"RF_SO2",-0.00135771241450162,"W/m2"
"old",1812,"RF_SO2",-0.00129195830713865,"W/m2"
"old",1813,"RF_SO2",-0.0013326048565526,"W/m2"
"old",1814,"RF_SO2",-0.00169709071930148,"W/m2"
"old",1815,"RF_SO2",-0.00165014071061364,"W/m2"
"old",1816,"RF_SO2",-0.00170006185403922,"W/m2"
"old",1817,"RF_SO2",-0.00186804510368794,"W/m2"
"old",1818,"RF_SO2",-0.00210203732575971,"W/m2"
"old",1819,"RF_SO2",-0.00193072739216309,"W/m2"
"old",1820,"RF_SO2",-0.00207810896072099,"W/m2"
"old",1821,"RF_SO2",-0.00212197736818196,"W/m2"
"old",1822,"RF_SO2",-0.00207325229985149,"W/m2"
"old",1823,"RF_SO2",-0.00207420469131406,"W/m2"
"old",1824,"RF_SO2",-0.00217361183831979,"W/m2"
"old",1825,"RF_SO2",-0.00236252997539963,"W/m2"
"old",1826,"RF_SO2",-0.00231606365369715,"W/m2"
"old",1827,"RF_SO2",-0.00257085546022475,"W/m2"
"old",1828,"RF_SO2",-0.00295875316004064,"W/m2"
"old",1829,"RF_SO2",-0.00280351178344944,"W/m2"
"old",1830,"RF_SO2",-0.00361522169337971,"W/m2"
"old",1831,"RF_SO2",-0.00328004900656981,"W/m2"
"old",1832,"RF_SO2",-0.003276892643565,"W/m2"
"old",1833,"RF_SO2",-0.00337597525656042,"W/m2"
"old",1834,"RF_SO2",-0.00373000396471138,"W/m2"
"old",1835,"RF_SO2",-0.00370724170410142,"W/m2"
"old",1836,"RF_SO2",-0.00419174526073452,"W/m2"
"old",1837,"RF_SO2",-0.00430382856423237,"W/m2"
"old",1838,"RF_SO2",-0.00462843007231151,"W/m2"
"old",1839,"RF_SO2",-0.00463991633057314,"W/m2"
"old",1840,"RF_SO2",-0.00487193709042063,"W/m2"
"old",1841,"RF_SO2",-0.0051865845698225,"W/m2"
"old",1842,"RF_SO2",-0.00530011345609389,"W/m2"
"old",1843,"RF_SO2",-0.00528665198342984,"W/m2"
"old",1844,"RF_SO2",-0.00574817796868876,"W/m2"
"old",1845,"RF_SO2",-0.00641251160601332,"W/m2"
"old",1846,"RF_SO2",-0.00635207567783423,"W/m2"
"old",1847,"RF_SO2",-0.00696415571180327,"W/m2"
"old",1848,"RF_SO2",-0.00733903813829365,"W/m2"
"old",1849,"RF_SO2",-0.00749201289510467,"W/m2"
"old",1850,"RF_SO2",-0.0078720858124952,"W/m2"
"old",1851,"RF_SO2",-0.00773044594454459,"W/m2"
"old",1852,"RF_SO2",-0.00788596249236427,"W/m2"
"old",1853,"RF_SO2",-0.00825038772976525,"W/m2"
"old",1854,"RF_SO2",-0.00980962425183582,"W/m2"
"old",1855,"RF_SO2",-0.00978515212664945,"W/m2"
"old",1856,"RF_SO2",-0.0102814579202337,"W/m2"
"old",1857,"RF_SO2",-0.0106450370202349,"W/m2"
"old",1858,"RF_SO2",-0.0109278237714046,"W/m2"
"old",1859,"RF_SO2",-0.0115291316718084,"W/m2"
"old",1860,"RF_SO2",-0.0125228168350246,"W/m2"
"old",1861,"RF_SO2",-0.0130673761497835,"W/m2"
"old",1862,"RF_SO2",-0.013105541066705,"W/m2"
"old",1863,"RF_SO2",-0.0137633267724492,"W/m2"
"old",1864,"RF_SO2",-0.0147252282979171,"W/m2"
"old",1865,"RF_SO2",-0.015725155534083,"W/m2"
"old",1866,"RF_SO2",-0.0161821447359383,"W/m2"
"old",1867,"RF_SO2",-0.0175056321698452,"W/m2"
"old",1868,"RF_SO2",-0.0182740785945739,"W/m2"
"old",1869,"RF_SO2",-0.0191940194870232,"W/m2"
"old",1870,"RF_SO2",-0.0199116216442251,"W/m2"
"old",1871,"RF_SO2",-0.0208715182011371,"W/m2"
"old",1872,"RF_SO2",-0.0226211389957556,"W/m2"
"old",1873,"RF_SO2",-0.0242883530682544,"W/m2"
"old",1874,"RF_SO2",-0.0236065577084004,"W/m2"
"old",1875,"RF_SO2",-0.0248789241378565,"W/m2"
"old",1876,"RF_SO2",-0.0255348684317139,"W/m2"
"old",1877,"RF_SO2",-0.0264482958950586,"W/m2"
"old",1878,"RF_SO2",-0.0267748156429185,"W/m2"
"old",1879,"RF_SO2",-0.028629714441272,"W/m2"
"old",1880,"RF_SO2",-0.0317824128850891,"W/m2"
"old",1881,"RF_SO2",-0.0331185494106726,"W/m2"
"old",1882,"RF_SO2",-0.0347844592738286,"W/m2"
"old",1883,"RF_SO2",-0.0367129484743405,"W/m2"
"old",1884,"RF_SO2",-0.0375092095426726,"W/m2"
"old",1885,"RF_SO2",-0.0378945839319263,"W/m2"
"old",1886,"RF_SO2",-0.0383284993807089,"W/m2"
"old",1887,"RF_SO2",-0.0402164245388544,"W/m2"
"old",1888,"RF_SO2",-0.0445227717685673,"W/m2"
"old",1889,"RF_SO2",-0.0444953382580669,"W/m2"
"old",1890,"RF_SO2",-0.0486025486255637,"W/m2"
"old",1891,"RF_SO2",-0.0508245937998579,"W/m2"
"old",1892,"RF_SO2",-0.051872186579695,"W/m2"
"old",1893,"RF_SO2",-0.0515323206125377,"W/m2"
"old",1894,"RF_SO2",-0.0537041301118596,"W/m2"
"old",1895,"RF_SO2",-0.0569555915713971,"W/m2"
"old",1896,"RF_SO2",-0.0587702506734185,"W/m2"
"old",1897,"RF_SO2",-0.0619882239759283,"W/m2"
"old",1898,"RF_SO2",-0.0656462198894562,"W/m2"
"old",1899,"RF_SO2",-0.0718313798682156,"W/m2"
"old",1900,"RF_SO2",-0.0756455856028073,"W/m2"
"old",1901,"RF_SO2",-0.0788316797258547,"W/m2"
"old",1902,"RF_SO2",-0.0812615709252721,"W/m2"
"old",1903,"RF_SO2",-0.088310183028072,"W/m2"
"old",1904,"RF_SO2",-0.0900303307945474,"W/m2"
"old",1905,"RF_SO2",-0.0962044620633324,"W/m2"
"old",1906,"RF_SO2",-0.101175430151629,"W/m2"
"old",1907,"RF_SO2",-0.112369263949221,"W/m2"
"old",1908,"RF_SO2",-0.107332543699423,"W/m2"
"old",1909,"RF_SO2",-0.113161203508835,"W/m2"
"old",1910,"RF_SO2",-0.118779009842274,"W/m2"
"old",1911,"RF_SO2",-0.119683719425702,"W/m2"
"old",1912,"RF_SO2",-0.125248836269617,"W/m2"
"old",1913,"RF_SO2",-0.133342829368791,"W/m2"
"old",1914,"RF_SO2",-0.122300020524487,"W/m2"
"old",1915,"RF_SO2",-0.122140778352279,"W/m2"
"old",1916,"RF_SO2",-0.133288531786078,"W/m2"
"old",1917,"RF_SO2",-0.139574512435844,"W/m2"
"old",1918,"RF_SO2",-0.138351296357962,"W/m2"
"old",1919,"RF_SO2",-0.117820751374505,"W/m2"
"old",1920,"RF_SO2",-0.131325566953348,"W/m2"
"old",1921,"RF_SO2",-0.110761147037951,"W/m2"
"old",1922,"RF_SO2",-0.117492893539305,"W/m2"
"old",1923,"RF_SO2",-0.138205089583672,"W/m2"
"old",1924,"RF_SO2",-0.13669784038646,"W/m2"
"old",1925,"RF_SO2",-0.138318764243753,"W/m2"
"old",1926,"RF_SO2",-0.138841827873029,"W/m2"
"old",1927,"RF_SO2",-0.148783208085021,"W/m2"
"old",1928,"RF_SO2",-0.148224950815338,"W/m2"
"old",1929,"RF_SO2",-0.158213413457103,"W/m2"
"old",1930,"RF_SO2",-0.146187868376262,"W/m2"
"old",1931,"RF_SO2",-0.127930128873574,"W/m2"
"old",1932,"RF_SO2",-0.111518583411492,"W/m2"
"old",1933,"RF_SO2",-0.117822648259236,"W/m2"
"old",1934,"RF_SO2",-0.130408373894656,"W/m2"
"old",1935,"RF_SO2",-0.140851439837651,"W/m2"
"old",1936,"RF_SO2",-0.152202822868218,"W/m2"
"old",1937,"RF_SO2",-0.164409590659267,"W/m2"
"old",1938,"RF_SO2",-0.151795000011297,"W/m2"
"old",1939,"RF_SO2",-0.162755444999359,"W/m2"
"old",1940,"RF_SO2",-0.178806679004894,"W/m2"
"old",1941,"RF_SO2",-0.185939447804162,"W/m2"
"old",1942,"RF_SO2",-0.190332409617873,"W/m2"
"old",1943,"RF_SO2",-0.193382389015157,"W/m2"
"old",1944,"RF_SO2",-0.189406961482295,"W/m2"
"old",1945,"RF_SO2",-0.165778146404391,"W/m2"
"old",1946,"RF_SO2",-0.163704282349408,"W/m2"
"old",1947,"RF_SO2",-0.184928258636263,"W/m2"
"old",1948,"RF_SO2",-0.193770582966855,"W/m2"
"old",1949,"RF_SO2",-0.186573649723118,"W/m2"
"old",1950,"RF_SO2",-0.20860740575149,"W/m2"
"old",1951,"RF_SO2",-0.217798209600829,"W/m2"
"old",1952,"RF_SO2",-0.220740911685897,"W/m2"
"old",1953,"RF_SO2",-0.225368953105316,"W/m2"
"old",1954,"RF_SO2",-0.226931626366102,"W/m2"
"old",1955,"RF_SO2",-0.248995759653673,"W/m2"
"old",1956,"RF_SO2",-0.268143713764275,"W/m2"
"old",1957,"RF_SO2",-0.281253159403525,"W/m2"
"old",1958,"RF_SO2",-0.284750815688813,"W/m2"
"old",1959,"RF_SO2",-0.299522292950431,"W/m2"
"old",1960,"RF_SO2",-0.311856951575075,"W/m2"
"old",1961,"RF_SO2",-0.352194189271183,"W/m2"
"old",1962,"RF_SO2",-0.359684311400159,"W/m2"
"old",1963,"RF_SO2",-0.371225852559613,"W/m2"
"old",1964,"RF_SO2",-0.385516328766795,"W/m2"
"old",1965,"RF_SO2",-0.3947203987908,"W/m2"
"old",1966,"RF_SO2",-0.403725404015264,"W/m2"
"old",1967,"RF_SO2",-0.39994252963538,"W/m2"
"old",1968,"RF_SO2",-0.415670143716937,"W/m2"
"old",1969,"RF_SO2",-0.427617645893774,"W/m2"
"old",1970,"RF_SO2",-0.450490067425345,"W/m2"
"old",1971,"RF_SO2",-0.451887046002433,"W/m2"
"old",1972,"RF_SO2",-0.464946633351545,"W/m2"
"old",1973,"RF_SO2",-0.486255158902681,"W/m2"
"old",1974,"RF_SO2",-0.479188052742338,"W/m2"
"old",1975,"RF_SO2",-0.470307473676031,"W/m2"
"old",1976,"RF_SO2",-0.49249768168664,"W/m2"
"old",1977,"RF_SO2",-0.497157234509232,"W/m2"
"old",1978,"RF_SO2",-0.498993702779314,"W/m2"
"old",1979,"RF_SO2",-0.507186787495868,"W/m2"
"old",1980,"RF_SO2",-0.50467678537416,"W/m2"
"old",1981,"RF_SO2",-0.48902733143468,"W/m2"
"old",1982,"RF_SO2",-0.48038827009334,"W/m2"
"old",1983,"RF_SO2",-0.473068680610359,"W/m2"
"old",1984,"RF_SO2",-0.47872695802615,"W/m2"
"old",1985,"RF_SO2",-0.479953416260763,"W/m2"
"old",1986,"RF_SO2",-0.479992142408295,"W/m2"
"old",1987,"RF_SO2",-0.489268359128277,"W/m2"
"old",1988,"RF_SO2",-0.493499201667464,"W/m2"
"old",1989,"RF_SO2",-0.49368930052797,"W/m2"
"old",1990,"RF_SO2",-0.492054443963177,"W/m2"
"old",1991,"RF_SO2",-0.487410019708624,"W/m2"
"old",1992,"RF_SO2",-0.470614908638409,"W/m2"
"old",1993,"RF_SO2",-0.462933109918175,"W/m2"
"old",1994,"RF_SO2",-0.452661710426806,"W/m2"
"old",1995,"RF_SO2",-0.443809992379126,"W/m2"
"old",1996,"RF_SO2",-0.436448531040292,"W/m2"
"old",1997,"RF_SO2",-0.438078904379977,"W/m2"
"old",1998,"RF_SO2",-0.428637703396864,"W/m2"
"old",1999,"RF_SO2",-0.405624446574094,"W/m2"
"old",2000,"RF_SO2",-0.406651226833132,"W/m2"
"old",2001,"RF_SO2",-0.409550757009142,"W/m2"
"old",2002,"RF_SO2",-0.406849333347271,"W/m2"
"old",2003,"RF_SO2",-0.421446906618651,"W/m2"
"old",2004,"RF_SO2",-0.441608965045526,"W/m2"
"old",2005,"RF_SO2",-0.458393509749349,"W/m2"
"old",2006,"RF_SO2",-0.461818569509664,"W/m2"
"old",2007,"RF_SO2",-0.458793388846954,"W/m2"
"old",2008,"RF_SO2",-0.448592658980441,"W/m2"
"old",2009,"RF_SO2",-0.429510136965965,"W/m2"
"old",2010,"RF_SO2",-0.425986564843851,"W/m2"
"old",2011,"RF_SO2",-0.430356920410676,"W/m2"
"old",2012,"RF_SO2",-0.423563040749289,"W/m2"
"old",2013,"RF_SO2",-0.419742245336206,"W/m2"
"old",2014,"RF_SO2",-0.417349980577584,"W/m2"
"old",2015,"RF_SO2",-0.367831857262897,"W/m2"
"old",2016,"RF_SO2",-0.352352599990708,"W/m2"
"old",2017,"RF_SO2",-0.336873342718519,"W/m2"
"old",2018,"RF_SO2",-0.32139408544633,"W/m2"
"old",2019,"RF_SO2",-0.305914828174141,"W/m2"
"old",2020,"RF_SO2",-0.290435570901952,"W/m2"
"old",2021,"RF_SO2",-0.290006270068761,"W/m2"
"old",2022,"RF_SO2",-0.28957696923557,"W/m2"
"old",2023,"RF_SO2",-0.289147668402379,"W/m2"
"old",1745,"RF_aci",0,"W/m2"
"old",1746,"RF_aci",0,"W/m2"
"old",1747,"RF_aci",0,"W/m2"
"old",1748,"RF_aci",0,"W/m2"
"old",1749,"RF_aci",0,"W/m2"
"old",1750,"RF_aci",0,"W/m2"
"old",1751,"RF_aci",0.00523443500154741,"W/m2"
"old",1752,"RF_aci",0.00819157398689707,"W/m2"
"old",1753,"RF_aci",0.00534300133058263,"W/m2"
"old",1754,"RF_aci",-0.00214585388832417,"W/m2"
"old",1755,"RF_aci",0.00153220256322606,"W/m2"
"old",1756,"RF_aci",0.00509940754042443,"W/m2"
"old",1757,"RF_aci",-0.00590247387801451,"W/m2"
"old",1758,"RF_aci",-0.0018760681810131,"W/m2"
"old",1759,"RF_aci",-0.00281426513429789,"W/m2"
"old",1760,"RF_aci",-0.00748014161863192,"W/m2"
"old",1761,"RF_aci",-0.00551064352515707,"W/m2"
"old",1762,"RF_aci",-0.00164428943401451,"W/m2"
"old",1763,"RF_aci",-0.00186028892795781,"W/m2"
"old",1764,"RF_aci",0.00921501293262966,"W/m2"
"old",1765,"RF_aci",-0.00496478642213133,"W/m2"
"old",1766,"RF_aci",0.0010063994104581,"W/m2"
"old",1767,"RF_aci",0.000249592785975583,"W/m2"
"old",1768,"RF_aci",-0.0133863528391314,"W/m2"
"old",1769,"RF_aci",-0.00651714508668372,"W/m2"
"old",1770,"RF_aci",-0.00674283381228274,"W/m2"
"old",1771,"RF_aci",0.00203315282108785,"W/m2"
"old",1772,"RF_aci",0.00612212377473875,"W/m2"
"old",1773,"RF_aci",0.00438439498082821,"W/m2"
"old",1774,"RF_aci",-0.00917845842091664,"W/m2"
"old",1775,"RF_aci",-0.00381523549094209,"W/m2"
"old",1776,"RF_aci",0.000912105416912556,"W/m2"
"old",1777,"RF_aci",-0.00584787342582527,"W/m2"
"old",1778,"RF_aci",-0.0105875117515818,"W/m2"
"old",1779,"RF_aci",-0.00472223064534566,"W/m2"
"old",1780,"RF_aci",-0.0124039608339596,"W/m2"
"old",1781,"RF_aci",-0.00874695337760928,"W/m2"
"old",1782,"RF_aci",-0.00634393527734917,"W/m2"
"old",1783,"RF_aci",-0.00428474016482711,"W/m2"
"old",1784,"RF_aci",0.00282289114603512,"W/m2"
"old",1785,"RF_aci",-0.00686839527978589,"W/m2"
"old",1786,"RF_aci",-0.00204214488478904,"W/m2"
"old",1787,"RF_aci",-0.00703567853149628,"W/m2"
"old",1788,"RF_aci",-0.0199931842163279,"W/m2"
"old",1789,"RF_aci",-0.0128009605401918,"W/m2"
"old",1790,"RF_aci",-0.0139968043107601,"W/m2"
"old",1791,"RF_aci",-0.0052196109222229,"W/m2"
"old",1792,"RF_aci",-0.00197435077038127,"W/m2"
"old",1793,"RF_aci",-0.00232844528242498,"W/m2"
"old",1794,"RF_aci",-0.0161240456054105,"W/m2"
"old",1795,"RF_aci",-0.0107543950568357,"W/m2"
"old",1796,"RF_aci",-0.00511247269042447,"W/m2"
"old",1797,"RF_aci",-0.0121391514350431,"W/m2"
"old",1798,"RF_aci",-0.0161172480484635,"W/m2"
"old",1799,"RF_aci",-0.0139139442843493,"W/m2"
"old",1800,"RF_aci",-0.0179198758572481,"W/m2"
"old",1801,"RF_aci",-0.0147889915233186,"W/m2"
"old",1802,"RF_aci",-0.0149983476094941,"W/m2"
"old",1803,"RF_aci",-0.00993627003984748,"W/m2"
"old",1804,"RF_aci",-0.00764649178080329,"W/m2"
"old",1805,"RF_aci",-0.0155525918768011,"W/m2"
"old",1806,"RF_aci",-0.0132434526779471,"W/m2"
"old",1807,"RF_aci",-0.0167327835584852,"W/m2"
"old",1808,"RF_aci",-0.0292083079341477,"W/m2"
"old",1809,"RF_aci",-0.0230364914953834,"W/m2"
"old",1810,"RF_aci",-0.0248938078266659,"W/m2"
"old",1811,"RF_aci",-0.0184055700807033,"W/m2"
"old",1812,"RF_aci",-0.0133089448839069,"W/m2"
"old",1813,"RF_aci",-0.0158337371845818,"W/m2"
"old",1814,"RF_aci",-0.0290014460676651,"W/m2"
"old",1815,"RF_aci",-0.0247949724207781,"W/m2"
"old",1816,"RF_aci",-0.0228272208006597,"W/m2"
"old",1817,"RF_aci",-0.025898422987287,"W/m2"
"old",1818,"RF_aci",-0.0328153600276014,"W/m2"
"old",1819,"RF_aci",-0.028731960357161,"W/m2"
"old",1820,"RF_aci",-0.0344917387538431,"W/m2"
"old",1821,"RF_aci",-0.0330011783414514,"W/m2"
"old",1822,"RF_aci",-0.0312615025032363,"W/m2"
"old",1823,"RF_aci",-0.026338201374166,"W/m2"
"old",1824,"RF_aci",-0.0259527829865158,"W/m2"
"old",1825,"RF_aci",-0.0323986345171913,"W/m2"
"old",1826,"RF_aci",-0.0290164561804397,"W/m2"
"old",1827,"RF_aci",-0.0330685369097373,"W/m2"
"old",1828,"RF_aci",-0.0468810522827351,"W/m2"
"old",1829,"RF_aci",-0.0409194980604815,"W/m2"
"old",1830,"RF_aci",-0.045001948229448,"W/m2"
"old",1831,"RF_aci",-0.0360777426350724,"W/m2"
"old",1832,"RF_aci",-0.0335389954721734,"W/m2"
"old",1833,"RF_aci",-0.0359621969072736,"W/m2"
"old",1834,"RF_aci",-0.0478005776132517,"W/m2"
"old",1835,"RF_aci",-0.0427426637637387,"W/m2"
"old",1836,"RF_aci",-0.0447874047227254,"W/m2"
"old",1837,"RF_aci",-0.047676296899035,"W/m2"
"old",1838,"RF_aci",-0.0538992822491335,"W/m2"
"old",1839,"RF_aci",-0.0511543879643067,"W/m2"
"old",1840,"RF_aci",-0.0526613665470355,"W/m2"
"old",1841,"RF_aci",-0.0570034640672449,"W/m2"
"old",1842,"RF_aci",-0.0538634818020613,"W/m2"
"old",1843,"RF_aci",-0.0467709664482767,"W/m2"
"old",1844,"RF_aci",-0.0475848617004921,"W/m2"
"old",1845,"RF_aci",-0.056567262130763,"W/m2"
"old",1846,"RF_aci",-0.0530039739685047,"W/m2"
"old",1847,"RF_aci",-0.0612599317143281,"W/m2"
"old",1848,"RF_aci",-0.072176591130922,"W/m2"
"old",1849,"RF_aci",-0.0681959937077373,"W/m2"
"old",1850,"RF_aci",-0.0718477432420784,"W/m2"
"old",1851,"RF_aci",-0.0622661775453815,"W/m2"
"old",1852,"RF_aci",-0.0580124141572438,"W/m2"
"old",1853,"RF_aci",-0.0621400535092817,"W/m2"
"old",1854,"RF_aci",-0.0782048352023083,"W/m2"
"old",1855,"RF_aci",-0.0719368409840595,"W/m2"
"old",1856,"RF_aci",-0.0719242244977764,"W/m2"
"old",1857,"RF_aci",-0.079442447349453,"W/m2"
"old",1858,"RF_aci",-0.0835766060570576,"W/m2"
"old",1859,"RF_aci",-0.0840328335371572,"W/m2"
"old",1860,"RF_aci",-0.0871584144097408,"W/m2"
"old",1861,"RF_aci",-0.0871693402897848,"W/m2"
"old",1862,"RF_aci",-0.0865163119667346,"W/m2"
"old",1863,"RF_aci",-0.0819619613990515,"W/m2"
"old",1864,"RF_aci",-0.0845160409111703,"W/m2"
"old",1865,"RF_aci",-0.0970093223581344,"W/m2"
"old",1866,"RF_aci",-0.0931356968747559,"W/m2"
"old",1867,"RF_aci",-0.102828777656014,"W/m2"
"old",1868,"RF_aci",-0.114309385885216,"W/m2"
"old",1869,"RF_aci",-0.108488113589427,"W/m2"
"old",1870,"RF_aci",-0.116812901659717,"W/m2"
"old",1871,"RF_aci",-0.109781656133798,"W/m2"
"old",1872,"RF_aci",-0.106035444043137,"W/m2"
"old",1873,"RF_aci",-0.119967730257001,"W/m2"
"old",1874,"RF_aci",-0.125236330810221,"W/m2"
"old",1875,"RF_aci",-0.117894810714616,"W/m2"
"old",1876,"RF_aci",-0.123444566687316,"W/m2"
"old",1877,"RF_aci",-0.127265991421169,"W/m2"
"old",1878,"RF_aci",-0.130586792168633,"W/m2"
"old",1879,"RF_aci",-0.138792207913241,"W/m2"
"old",1880,"RF_aci",-0.141952413033391,"W/m2"
"old",1881,"RF_aci",-0.145163950801141,"W/m2"
"old",1882,"RF_aci",-0.14520571920896,"W/m2"
"old",1883,"RF_aci",-0.140993581794087,"W/m2"
"old",1884,"RF_aci",-0.148444314898759,"W/m2"
"old",1885,"RF_aci",-0.15256721590677,"W/m2"
"old",1886,"RF_aci",-0.151299541315148,"W/m2"
"old",1887,"RF_aci",-0.15984861544851,"W/m2"
"old",1888,"RF_aci",-0.176632473752167,"W/m2"
"old",1889,"RF_aci",-0.172480058431649,"W/m2"
"old",1890,"RF_aci",-0.184649841024957,"W/m2"
"old",1891,"RF_aci",-0.178822134801643,"W/m2"
"old",1892,"RF_aci",-0.176458778325568,"W/m2"
"old",1893,"RF_aci",-0.179793875269629,"W/m2"
"old",1894,"RF_aci",-0.195748405051836,"W/m2"
"old",1895,"RF_aci",-0.19685186819958,"W/m2"
"old",1896,"RF_aci",-0.193888795261989,"W/m2"
"old",1897,"RF_aci",-0.207897348452373,"W/m2"
"old",1898,"RF_aci",-0.213749365607126,"W/m2"
"old",1899,"RF_aci",-0.231797699766212,"W/m2"
"old",1900,"RF_aci",-0.236926711903495,"W/m2"
"old",1901,"RF_aci",-0.238851227896116,"W/m2"
"old",1902,"RF_aci",-0.241166264565122,"W/m2"
"old",1903,"RF_aci",-0.248819474339124,"W/m2"
"old",1904,"RF_aci",-0.26291044078128,"W/m2"
"old",1905,"RF_aci",-0.276386711772596,"W/m2"
"old",1906,"RF_aci",-0.283309886838228,"W/m2"
"old",1907,"RF_aci",-0.313239058413506,"W/m2"
"old",1908,"RF_aci",-0.307475638339637,"W/m2"
"old",1909,"RF_aci",-0.314329014125591,"W/m2"
"old",1910,"RF_aci",-0.332809759865425,"W/m2"
"old",1911,"RF_aci",-0.324692408538152,"W/m2"
"old",1912,"RF_aci",-0.329132318953754,"W/m2"
"old",1913,"RF_aci",-0.349268495316952,"W/m2"
"old",1914,"RF_aci",-0.338708921634565,"W/m2"
"old",1915,"RF_aci",-0.329728400995773,"W/m2"
"old",1916,"RF_aci",-0.347019970650233,"W/m2"
"old",1917,"RF_aci",-0.363102194664169,"W/m2"
"old",1918,"RF_aci",-0.363942320898741,"W/m2"
"old",1919,"RF_aci",-0.326905886533288,"W/m2"
"old",1920,"RF_aci",-0.352133120113249,"W/m2"
"old",1921,"RF_aci",-0.305637652122521,"W/m2"
"old",1922,"RF_aci",-0.31167856212861,"W/m2"
"old",1923,"RF_aci",-0.365183849884624,"W/m2"
"old",1924,"RF_aci",-0.351397042428699,"W/m2"
"old",1925,"RF_aci",-0.354038866692887,"W/m2"
"old",1926,"RF_aci",-0.351221916002543,"W/m2"
"old",1927,"RF_aci",-0.37465827494848,"W/m2"
"old",1928,"RF_aci",-0.373979374679458,"W/m2"
"old",1929,"RF_aci",-0.397155058815384,"W/m2"
"old",1930,"RF_aci",-0.387128116411062,"W/m2"
"old",1931,"RF_aci",-0.335183932211741,"W/m2"
"old",1932,"RF_aci",-0.312425489660347,"W/m2"
"old",1933,"RF_aci",-0.320841995348291,"W/m2"
"old",1934,"RF_aci",-0.355147749780289,"W/m2"
"old",1935,"RF_aci",-0.370762813602468,"W/m2"
"old",1936,"RF_aci",-0.401365407411147,"W/m2"
"old",1937,"RF_aci",-0.417299817460422,"W/m2"
"old",1938,"RF_aci",-0.3862833242866,"W/m2"
"old",1939,"RF_aci",-0.417521367394851,"W/m2"
"old",1940,"RF_aci",-0.43781585934679,"W/m2"
"old",1941,"RF_aci",-0.448437552375421,"W/m2"
"old",1942,"RF_aci",-0.464520045697757,"W/m2"
"old",1943,"RF_aci",-0.465930695712121,"W/m2"
"old",1944,"RF_aci",-0.461583667124333,"W/m2"
"old",1945,"RF_aci",-0.416261939971169,"W/m2"
"old",1946,"RF_aci",-0.408045614962012,"W/m2"
"old",1947,"RF_aci",-0.442182696899207,"W/m2"
"old",1948,"RF_aci",-0.465061582190765,"W/m2"
"old",1949,"RF_aci",-0.459058454518185,"W/m2"
"old",1950,"RF_aci",-0.512686671993425,"W/m2"
"old",1951,"RF_aci",-0.50173483625827,"W/m2"
"old",1952,"RF_aci",-0.515261543950588,"W/m2"
"old",1953,"RF_aci",-0.533326963275376,"W/m2"
"old",1954,"RF_aci",-0.537596458260942,"W/m2"
"old",1955,"RF_aci",-0.573228269002149,"W/m2"
"old",1956,"RF_aci",-0.621346225289193,"W/m2"
"old",1957,"RF_aci",-0.659030405100857,"W/m2"
"old",1958,"RF_aci",-0.643108307305872,"W/m2"
"old",1959,"RF_aci",-0.665569540624716,"W/m2"
"old",1960,"RF_aci",-0.684409017117072,"W/m2"
"old",1961,"RF_aci",-0.759977618155622,"W/m2"
"old",1962,"RF_aci",-0.760220367825131,"W/m2"
"old",1963,"RF_aci",-0.804457111366074,"W/m2"
"old",1964,"RF_aci",-0.794809137014921,"W/m2"
"old",1965,"RF_aci",-0.81128556778691,"W/m2"
"old",1966,"RF_aci",-0.821450055230585,"W/m2"
"old",1967,"RF_aci",-0.831542554543261,"W/m2"
"old",1968,"RF_aci",-0.84390078367103,"W/m2"
"old",1969,"RF_aci",-0.852041834789318,"W/m2"
"old",1970,"RF_aci",-0.893235436648961,"W/m2"
"old",1971,"RF_aci",-0.90187503168658,"W/m2"
"old",1972,"RF_aci",-0.949790106379946,"W/m2"
"old",1973,"RF_aci",-0.95308057974234,"W/m2"
"old",1974,"RF_aci",-0.946280416181623,"W/m2"
"old",1975,"RF_aci",-0.929306436070344,"W/m2"
"old",1976,"RF_aci",-0.976163140227759,"W/m2"
"old",1977,"RF_aci",-0.983358353718876,"W/m2"
"old",1978,"RF_aci",-0.995525712850362,"W/m2"
"old",1979,"RF_aci",-1.00941137627438,"W/m2"
"old",1980,"RF_aci",-1.0057360293434,"W/m2"
"old",1981,"RF_aci",-0.980879080595804,"W/m2"
"old",1982,"RF_aci",-1.01212338815853,"W/m2"
"old",1983,"RF_aci",-0.955729792155866,"W/m2"
"old",1984,"RF_aci",-0.975325853845003,"W/m2"
"old",1985,"RF_aci",-0.983951931179398,"W/m2"
"old",1986,"RF_aci",-0.985950203289137,"W/m2"
"old",1987,"RF_aci",-1.01525383725639,"W/m2"
"old",1988,"RF_aci",-1.02214243399397,"W/m2"
"old",1989,"RF_aci",-1.01191710112662,"W/m2"
"old",1990,"RF_aci",-1.02356956004085,"W/m2"
"old",1991,"RF_aci",-1.1008495693434,"W/m2"
"old",1992,"RF_aci",-0.986157649896024,"W/m2"
"old",1993,"RF_aci",-0.994765508947859,"W/m2"
"old",1994,"RF_aci",-1.04224963643949,"W/m2"
"old",1995,"RF_aci",-0.991360602351089,"W/m2"
"old",1996,"RF_aci",-0.968846197445691,"W/m2"
"old",1997,"RF_aci",-1.08535057670999,"W/m2"
"old",1998,"RF_aci",-1.06930271793089,"W/m2"
"old",1999,"RF_aci",-0.948405052256089,"W/m2"
"old",2000,"RF_aci",-0.918149169925988,"W/m2"
"old",2001,"RF_aci",-0.922391920710831,"W/m2"
"old",2002,"RF_aci",-0.99260356293153,"W/m2"
"old",2003,"RF_aci",-1.01991302253335,"W/m2"
"old",2004,"RF_aci",-1.02630379354207,"W/m2"
"old",2005,"RF_aci",-1.05533758189818,"W/m2"
"old",2006,"RF_aci",-1.07854679965894,"W/m2"
"old",2007,"RF_aci",-1.06685688621354,"W/m2"
"old",2008,"RF_aci",-1.03341004473348,"W/m2"
"old",2009,"RF_aci",-1.01087929631905,"W/m2"
"old",2010,"RF_aci",-1.04439909574472,"W/m2"
"old",2011,"RF_aci",-1.02451575413362,"W/m2"
"old",2012,"RF_aci",-1.05527334810308,"W/m2"
"old",2013,"RF_aci",-1.02000018147323,"W/m2"
"old",2014,"RF_aci",-1.05138634845224,"W/m2"
"old",2015,"RF_aci",-0.971653435417955,"W/m2"
"old",2016,"RF_aci",-0.946093010162276,"W/m2"
"old",2017,"RF_aci",-0.920242751372524,"W/m2"
"old",2018,"RF_aci",-0.894096010656827,"W/m2"
"old",2019,"RF_aci",-0.867645908208812,"W/m2"
"old",2020,"RF_aci",-0.840885321941437,"W/m2"
"old",2021,"RF_aci",-0.837279576816593,"W/m2"
"old",2022,"RF_aci",-0.833668119685936,"W/m2"
"old",2023,"RF_aci",-0.830050932423511,"W/m2"
"old",1745,"global_tas",0,"degC"
"old",1746,"global_tas",0,"degC"
"old",1747,"global_tas",0,"degC"
"old",1748,"global_tas",0,"degC"
"old",1749,"global_tas",0,"degC"
"old",1750,"global_tas",0,"degC"
"old",1751,"global_tas",0.000696106457626488,"degC"
"old",1752,"global_tas",0.00179766968041129,"degC"
"old",1753,"global_tas",0.0025658646018388,"degC"
"old",1754,"global_tas",0.00264363281939926,"degC"
"old",1755,"global_tas",0.00122378322345411,"degC"
"old",1756,"global_tas",-0.019036682172474,"degC"
"old",1757,"global_tas",-0.0251299420442109,"degC"
"old",1758,"global_tas",-0.0210775838109738,"degC"
"old",1759,"global_tas",-0.015521192098174,"degC"
"old",1760,"global_tas",-0.0112581086918513,"degC"
"old",1761,"global_tas",-0.00762836505586767,"degC"
"old",1762,"global_tas",-0.0825991079506518,"degC"
"old",1763,"global_tas",-0.121260421129214,"degC"
"old",1764,"global_tas",-0.110268691914219,"degC"
"old",1765,"global_tas",-0.0885786904708815,"degC"
"old",1766,"global_tas",-0.0978818607585609,"degC"
"old",1767,"global_tas",-0.11293894718654,"degC"
"old",1768,"global_tas",-0.103176959004723,"degC"
"old",1769,"global_tas",-0.0849313746084932,"degC"
"old",1770,"global_tas",-0.0798962670990261,"degC"
"old",1771,"global_tas",-0.072355141812726,"degC"
"old",1772,"global_tas",-0.0604743493116074,"degC"
"old",1773,"global_tas",-0.0494175937963064,"degC"
"old",1774,"global_tas",-0.0415357709394377,"degC"
"old",1775,"global_tas",-0.0347054026834864,"degC"
"old",1776,"global_tas",-0.0288933816606331,"degC"
"old",1777,"global_tas",-0.0244740223619979,"degC"
"old",1778,"global_tas",-0.0211250712182956,"degC"
"old",1779,"global_tas",-0.0178780192963815,"degC"
"old",1780,"global_tas",-0.0157099935765277,"degC"
"old",1781,"global_tas",-0.0133192663971638,"degC"
"old",1782,"global_tas",-0.0110822167034899,"degC"
"old",1783,"global_tas",-0.163333802233504,"degC"
"old",1784,"global_tas",-0.45155384644904,"degC"
"old",1785,"global_tas",-0.491225772300127,"degC"
"old",1786,"global_tas",-0.428837153009164,"degC"
"old",1787,"global_tas",-0.352031360976516,"degC"
"old",1788,"global_tas",-0.28471836621792,"degC"
"old",1789,"global_tas",-0.23188350967178,"degC"
"old",1790,"global_tas",-0.192349367071507,"degC"
"old",1791,"global_tas",-0.161973634092566,"degC"
"old",1792,"global_tas",-0.138342136025786,"degC"
"old",1793,"global_tas",-0.119935498381965,"degC"
"old",1794,"global_tas",-0.106319642430455,"degC"
"old",1795,"global_tas",-0.094557112099557,"degC"
"old",1796,"global_tas",-0.0954886636012589,"degC"
"old",1797,"global_tas",-0.104933849261476,"degC"
"old",1798,"global_tas",-0.103099532522586,"degC"
"old",1799,"global_tas",-0.0927261813020814,"degC"
"old",1800,"global_tas",-0.0817893028949553,"degC"
"old",1801,"global_tas",-0.0718728535323498,"degC"
"old",1802,"global_tas",-0.0637926398622963,"degC"
"old",1803,"global_tas",-0.0566408375617565,"degC"
"old",1804,"global_tas",-0.0501190565808499,"degC"
"old",1805,"global_tas",-0.0453244232708396,"degC"
"old",1806,"global_tas",-0.040770806911354,"degC"
"old",1807,"global_tas",-0.036890324817897,"degC"
"old",1808,"global_tas",-0.0342240140418404,"degC"
"old",1809,"global_tas",-0.337163873448412,"degC"
"old",1810,"global_tas",-0.499284761302951,"degC"
"old",1811,"global_tas",-0.46523966721693,"degC"
"old",1812,"global_tas",-0.380545754739743,"degC"
"old",1813,"global_tas",-0.304853188971884,"degC"
"old",1814,"global_tas",-0.248114831955686,"degC"
"old",1815,"global_tas",-0.508493120351924,"degC"
"old",1816,"global_tas",-0.815186403225561,"degC"
"old",1817,"global_tas",-0.801521696525278,"degC"
"old",1818,"global_tas",-0.673132478465937,"degC"
"old",1819,"global_tas",-0.548110577408097,"degC"
"old",1820,"global_tas",-0.45065349503611,"degC"
"old",1821,"global_tas",-0.386307166434814,"degC"
"old",1822,"global_tas",-0.339476900259397,"degC"
"old",1823,"global_tas",-0.332023379716141,"degC"
"old",1824,"global_tas",-0.306415794647173,"degC"
"old",1825,"global_tas",-0.271470166180334,"degC"
"old",1826,"global_tas",-0.238573339113003,"degC"
"old",1827,"global_tas",-0.211271328912029,"degC"
"old",1828,"global_tas",-0.189809348245351,"degC"
"old",1829,"global_tas",-0.171477487223118,"degC"
"old",1830,"global_tas",-0.156060671129406,"degC"
"old",1831,"global_tas",-0.351251373705132,"degC"
"old",1832,"global_tas",-0.44907369092506,"degC"
"old",1833,"global_tas",-0.416505835438964,"degC"
"old",1834,"global_tas",-0.352339660725622,"degC"
"old",1835,"global_tas",-0.447453656677843,"degC"
"old",1836,"global_tas",-0.482770003784507,"degC"
"old",1837,"global_tas",-0.432172807937429,"degC"
"old",1838,"global_tas",-0.365075865479602,"degC"
"old",1839,"global_tas",-0.307446430563128,"degC"
"old",1840,"global_tas",-0.262575446378148,"degC"
"old",1841,"global_tas",-0.227824910586764,"degC"
"old",1842,"global_tas",-0.200246875512678,"degC"
"old",1843,"global_tas",-0.177253495352533,"degC"
"old",1844,"global_tas",-0.157873402675622,"degC"
"old",1845,"global_tas",-0.142243766336947,"degC"
"old",1846,"global_tas",-0.143890808937488,"degC"
"old",1847,"global_tas",-0.140190469029222,"degC"
"old",1848,"global_tas",-0.128587669939933,"degC"
"old",1849,"global_tas",-0.114894684430416,"degC"
"old",1850,"global_tas",-0.102491761119159,"degC"
"old",1851,"global_tas",-0.0906842314871285,"degC"
"old",1852,"global_tas",-0.0803605363366222,"degC"
"old",1853,"global_tas",-0.0855746956482591,"degC"
"old",1854,"global_tas",-0.0930844520641881,"degC"
"old",1855,"global_tas",-0.0855441219877125,"degC"
"old",1856,"global_tas",-0.0768264871363184,"degC"
"old",1857,"global_tas",-0.0842140630107776,"degC"
"old",1858,"global_tas",-0.0790036866581978,"degC"
"old",1859,"global_tas",-0.0670508825851006,"degC"
"old",1860,"global_tas",-0.0553140934191568,"degC"
"old",1861,"global_tas",-0.0506615650698245,"degC"
"old",1862,"global_tas",-0.110488789620488,"degC"
"old",1863,"global_tas",-0.127756252173221,"degC"
"old",1864,"global_tas",-0.109519636348676,"degC"
"old",1865,"global_tas",-0.0860369853947416,"degC"
"old",1866,"global_tas",-0.065494470197209,"degC"
"old",1867,"global_tas",-0.0497865759928592,"degC"
"old",1868,"global_tas",-0.0380051961765842,"degC"
"old",1869,"global_tas",-0.0278297049833336,"degC"
"old",1870,"global_tas",-0.0196603595925108,"degC"
"old",1871,"global_tas",-0.0118697125798069,"degC"
"old",1872,"global_tas",-0.00474846911271919,"degC"
"old",1873,"global_tas",-0.0169616708652637,"degC"
"old",1874,"global_tas",-0.01677408342259,"degC"
"old",1875,"global_tas",-0.0119595188717312,"degC"
"old",1876,"global_tas",-0.00705777834240652,"degC"
"old",1877,"global_tas",0.000687802048381325,"degC"
"old",1878,"global_tas",0.00873287427782871,"degC"
"old",1879,"global_tas",0.0151663471729573,"degC"
"old",1880,"global_tas",0.017217248361563,"degC"
"old",1881,"global_tas",0.0190499941607151,"degC"
"old",1882,"global_tas",0.0247287869490865,"degC"
"old",1883,"global_tas",-0.0135925116429975,"degC"
"old",1884,"global_tas",-0.174020137468078,"degC"
"old",1885,"global_tas",-0.202510397644621,"degC"
"old",1886,"global_tas",-0.162746633846099,"degC"
"old",1887,"global_tas",-0.128133891436366,"degC"
"old",1888,"global_tas",-0.0931649247537463,"degC"
"old",1889,"global_tas",-0.0625159260250942,"degC"
"old",1890,"global_tas",-0.0507829930716222,"degC"
"old",1891,"global_tas",-0.0571342575960726,"degC"
"old",1892,"global_tas",-0.0463055443634075,"degC"
"old",1893,"global_tas",-0.0262736466863928,"degC"
"old",1894,"global_tas",-0.0107860738063442,"degC"
"old",1895,"global_tas",0.00122247737540636,"degC"
"old",1896,"global_tas",0.0111846918954816,"degC"
"old",1897,"global_tas",0.018902048302564,"degC"
"old",1898,"global_tas",0.0253100408687271,"degC"
"old",1899,"global_tas",0.0294529863824061,"degC"
"old",1900,"global_tas",0.0330288658375359,"degC"
"old",1901,"global_tas",0.0368034641069707,"degC"
"old",1902,"global_tas",0.0316606749237747,"degC"
"old",1903,"global_tas",-0.0417214060383039,"degC"
"old",1904,"global_tas",-0.064127748277508,"degC"
"old",1905,"global_tas",-0.046491739677514,"degC"
"old",1906,"global_tas",-0.0238324036000914,"degC"
"old",1907,"global_tas",-0.0198856874627308,"degC"
"old",1908,"global_tas",-0.0117188382265645,"degC"
"old",1909,"global_tas",0.000782337709435999,"degC"
"old",1910,"global_tas",0.00947553469406055,"degC"
"old",1911,"global_tas",0.0173026082265536,"degC"
"old",1912,"global_tas",-0.0143748239828614,"degC"
"old",1913,"global_tas",-0.0476368558792848,"degC"
"old",1914,"global_tas",-0.0410592112508661,"degC"
"old",1915,"global_tas",-0.0193499315228247,"degC"
"old",1916,"global_tas",-0.00263947693856026,"degC"
"old",1917,"global_tas",0.00835029782027865,"degC"
"old",1918,"global_tas",0.0170531813538739,"degC"
"old",1919,"global_tas",0.0287391180771717,"degC"
"old",1920,"global_tas",0.0361513713539622,"degC"
"old",1921,"global_tas",0.0475196590527013,"degC"
"old",1922,"global_tas",0.0479739022810585,"degC"
"old",1923,"global_tas",0.0461404912382139,"degC"
"old",1924,"global_tas",0.0528077661027518,"degC"
"old",1925,"global_tas",0.0594283535104001,"degC"
"old",1926,"global_tas",0.065139375803737,"degC"
"old",1927,"global_tas",0.068329719945293,"degC"
"old",1928,"global_tas",0.0695801755450904,"degC"
"old",1929,"global_tas",0.0557389418413886,"degC"
"old",1930,"global_tas",0.0617443128027299,"degC"
"old",1931,"global_tas",0.07500510197156,"degC"
"old",1932,"global_tas",0.0766633473492313,"degC"
"old",1933,"global_tas",0.0855676731872932,"degC"
"old",1934,"global_tas",0.0938929037495471,"degC"
"old",1935,"global_tas",0.0989109204987559,"degC"
"old",1936,"global_tas",0.10074890511602,"degC"
"old",1937,"global_tas",0.101007673224241,"degC"
"old",1938,"global_tas",0.105581167659625,"degC"
"old",1939,"global_tas",0.107494665535687,"degC"
"old",1940,"global_tas",0.107049780310946,"degC"
"old",1941,"global_tas",0.106560889033799,"degC"
"old",1942,"global_tas",0.105808066346294,"degC"
"old",1943,"global_tas",0.106285954503781,"degC"
"old",1944,"global_tas",0.108719683386651,"degC"
"old",1945,"global_tas",0.117057744446357,"degC"
"old",1946,"global_tas",0.125810286525028,"degC"
"old",1947,"global_tas",0.129306304130329,"degC"
"old",1948,"global_tas",0.131024471448957,"degC"
"old",1949,"global_tas",0.134431043666899,"degC"
"old",1950,"global_tas",0.133581341998483,"degC"
"old",1951,"global_tas",0.134315767995966,"degC"
"old",1952,"global_tas",0.135626756161504,"degC"
"old",1953,"global_tas",0.137018681214018,"degC"
"old",1954,"global_tas",0.139882225723656,"degC"
"old",1955,"global_tas",0.140218010299474,"degC"
"old",1956,"global_tas",0.13793421427784,"degC"
"old",1957,"global_tas",0.135056989206133,"degC"
"old",1958,"global_tas",0.136605099942142,"degC"
"old",1959,"global_tas",0.138090793826496,"degC"
"old",1960,"global_tas",0.139637046035055,"degC"
"old",1961,"global_tas",0.132858117379849,"degC"
"old",1962,"global_tas",0.116076155929294,"degC"
"old",1963,"global_tas",0.0381405762395287,"degC"
"old",1964,"global_tas",-0.0145804199436619,"degC"
"old",1965,"global_tas",-0.0223392495097967,"degC"
"old",1966,"global_tas",0.010186208013824,"degC"
"old",1967,"global_tas",0.0216819262145296,"degC"
"old",1968,"global_tas",0.0344665403768828,"degC"
"old",1969,"global_tas",0.0528511352585087,"degC"
"old",1970,"global_tas",0.0660336570719586,"degC"
"old",1971,"global_tas",0.0695527098179526,"degC"
"old",1972,"global_tas",0.0784321288928147,"degC"
"old",1973,"global_tas",0.0976873431983674,"degC"
"old",1974,"global_tas",0.11379473041752,"degC"
"old",1975,"global_tas",0.105248222519735,"degC"
"old",1976,"global_tas",0.117900904701244,"degC"
"old",1977,"global_tas",0.14137398738793,"degC"
"old",1978,"global_tas",0.165706766438364,"degC"
"old",1979,"global_tas",0.186767961938538,"degC"
"old",1980,"global_tas",0.203553179452373,"degC"
"old",1981,"global_tas",0.220565116525741,"degC"
"old",1982,"global_tas",0.216655505611575,"degC"
"old",1983,"global_tas",0.176490772703565,"degC"
"old",1984,"global_tas",0.185838105398528,"degC"
"old",1985,"global_tas",0.220309063761659,"degC"
"old",1986,"global_tas",0.252511092887107,"degC"
"old",1987,"global_tas",0.283356533274605,"degC"
"old",1988,"global_tas",0.315935839442898,"degC"
"old",1989,"global_tas",0.349044932380259,"degC"
"old",1990,"global_tas",0.378366169405644,"degC"
"old",1991,"global_tas",0.351753873933871,"degC"
"old",1992,"global_tas",0.233075503377,"degC"
"old",1993,"global_tas",0.216955621683104,"degC"
"old",1994,"global_tas",0.278748982822312,"degC"
"old",1995,"global_tas",0.351185963517836,"degC"
"old",1996,"global_tas",0.414417815214243,"degC"
"old",1997,"global_tas",0.456633159953449,"degC"
"old",1998,"global_tas",0.494597766441227,"degC"
"old",1999,"global_tas",0.539555709460015,"degC"
"old",2000,"global_tas",0.581309477446566,"degC"
"old",2001,"global_tas",0.617191731655245,"degC"
"old",2002,"global_tas",0.643530622831355,"degC"
"old",2003,"global_tas",0.664642452990367,"degC"
"old",2004,"global_tas",0.68804034356578,"degC"
"old",2005,"global_tas",0.707971262967701,"degC"
"old",2006,"global_tas",0.724423894055232,"degC"
"old",2007,"global_tas",0.746509517884113,"degC"
"old",2008,"global_tas",0.774020395306195,"degC"
"old",2009,"global_tas",0.801574854225806,"degC"
"old",2010,"global_tas",0.830089461281769,"degC"
"old",2011,"global_tas",0.857010661440148,"degC"
"old",2012,"global_tas",0.883409536568696,"degC"
"old",2013,"global_tas",0.91481290807318,"degC"
"old",2014,"global_tas",0.94108763233082,"degC"
"old",2015,"global_tas",0.977424418206525,"degC"
"old",2016,"global_tas",1.01351637015539,"degC"
"old",2017,"global_tas",1.04823487163466,"degC"
"old",2018,"global_tas",1.08225488496303,"degC"
"old",2019,"global_tas",1.11586371873922,"degC"
"old",2020,"global_tas",1.14926223635754,"degC"
"old",2021,"global_tas",1.17987730218008,"degC"
"old",2022,"global_tas",1.20819073348688,"degC"
"old",2023,"global_tas",1.23486053401772,"degC"
"old",1745,"RF_O3_trop",0,"W/m2"
"old",1746,"RF_O3_trop",0,"W/m2"
"old",1747,"RF_O3_trop",0,"W/m2"
"old",1748,"RF_O3_trop",0,"W/m2"
"old",1749,"RF_O3_trop",0,"W/m2"
"old",1750,"RF_O3_trop",0,"W/m2"
"old",1751,"RF_O3_trop",0.000273728119446037,"W/m2"
"old",1752,"RF_O3_trop",0.000844648785898405,"W/m2"
"old",1753,"RF_O3_trop",0.00157548184514944,"W/m2"
"old",1754,"RF_O3_trop",0.00284983251341209,"W/m2"
"old",1755,"RF_O3_trop",0.00348597627960001,"W/m2"
"old",1756,"RF_O3_trop",0.00306942663936294,"W/m2"
"old",1757,"RF_O3_trop",0.00563968558959393,"W/m2"
"old",1758,"RF_O3_trop",0.00552400131197683,"W/m2"
"old",1759,"RF_O3_trop",0.00555943608565856,"W/m2"
"old",1760,"RF_O3_trop",0.00612161995490168,"W/m2"
"old",1761,"RF_O3_trop",0.00688535238150045,"W/m2"
"old",1762,"RF_O3_trop",0.00605722244319806,"W/m2"
"old",1763,"RF_O3_trop",0.00659646304260852,"W/m2"
"old",1764,"RF_O3_trop",0.00607705420394145,"W/m2"
"old",1765,"RF_O3_trop",0.0074108038882772,"W/m2"
"old",1766,"RF_O3_trop",0.00738631673691503,"W/m2"
"old",1767,"RF_O3_trop",0.00758110392139666,"W/m2"
"old",1768,"RF_O3_trop",0.0096473964267989,"W/m2"
"old",1769,"RF_O3_trop",0.00866263107410203,"W/m2"
"old",1770,"RF_O3_trop",0.00895049898790146,"W/m2"
"old",1771,"RF_O3_trop",0.00808220577894092,"W/m2"
"old",1772,"RF_O3_trop",0.00777689947971427,"W/m2"
"old",1773,"RF_O3_trop",0.00788261398321422,"W/m2"
"old",1774,"RF_O3_trop",0.00950757531961899,"W/m2"
"old",1775,"RF_O3_trop",0.0095614054040376,"W/m2"
"old",1776,"RF_O3_trop",0.00850609607571928,"W/m2"
"old",1777,"RF_O3_trop",0.0101336862406864,"W/m2"
"old",1778,"RF_O3_trop",0.0111318464248742,"W/m2"
"old",1779,"RF_O3_trop",0.00997958193711357,"W/m2"
"old",1780,"RF_O3_trop",0.0106343991437885,"W/m2"
"old",1781,"RF_O3_trop",0.0109342337948579,"W/m2"
"old",1782,"RF_O3_trop",0.0101378307070712,"W/m2"
"old",1783,"RF_O3_trop",0.0101081370065528,"W/m2"
"old",1784,"RF_O3_trop",0.0101392693113391,"W/m2"
"old",1785,"RF_O3_trop",0.0106880430401604,"W/m2"
"old",1786,"RF_O3_trop",0.0106373010479721,"W/m2"
"old",1787,"RF_O3_trop",0.011433097339439,"W/m2"
"old",1788,"RF_O3_trop",0.0133966399927694,"W/m2"
"old",1789,"RF_O3_trop",0.0123386059242772,"W/m2"
"old",1790,"RF_O3_trop",0.0127587555834605,"W/m2"
"old",1791,"RF_O3_trop",0.011804619280021,"W/m2"
"old",1792,"RF_O3_trop",0.0117393289450332,"W/m2"
"old",1793,"RF_O3_trop",0.0115061334930437,"W/m2"
"old",1794,"RF_O3_trop",0.0131773835378559,"W/m2"
"old",1795,"RF_O3_trop",0.0131637138533254,"W/m2"
"old",1796,"RF_O3_trop",0.0118571024320095,"W/m2"
"old",1797,"RF_O3_trop",0.0136855764975894,"W/m2"
"old",1798,"RF_O3_trop",0.0145695846024521,"W/m2"
"old",1799,"RF_O3_trop",0.0137730869700614,"W/m2"
"old",1800,"RF_O3_trop",0.0140883468843644,"W/m2"
"old",1801,"RF_O3_trop",0.0144670123105777,"W/m2"
"old",1802,"RF_O3_trop",0.0139555496854928,"W/m2"
"old",1803,"RF_O3_trop",0.0135586286043483,"W/m2"
"old",1804,"RF_O3_trop",0.0142399275329461,"W/m2"
"old",1805,"RF_O3_trop",0.0146376489091897,"W/m2"
"old",1806,"RF_O3_trop",0.0149834665489192,"W/m2"
"old",1807,"RF_O3_trop",0.0155412412997264,"W/m2"
"old",1808,"RF_O3_trop",0.0176098812054581,"W/m2"
"old",1809,"RF_O3_trop",0.0166345498166562,"W/m2"
"old",1810,"RF_O3_trop",0.0171081214480384,"W/m2"
"old",1811,"RF_O3_trop",0.0166584693776239,"W/m2"
"old",1812,"RF_O3_trop",0.0162292552136749,"W/m2"
"old",1813,"RF_O3_trop",0.0163362097201523,"W/m2"
"old",1814,"RF_O3_trop",0.0180340816977274,"W/m2"
"old",1815,"RF_O3_trop",0.0182341847524958,"W/m2"
"old",1816,"RF_O3_trop",0.0175792785149886,"W/m2"
"old",1817,"RF_O3_trop",0.0187531213545846,"W/m2"
"old",1818,"RF_O3_trop",0.0202294957980054,"W/m2"
"old",1819,"RF_O3_trop",0.0193153172528233,"W/m2"
"old",1820,"RF_O3_trop",0.0198787213703107,"W/m2"
"old",1821,"RF_O3_trop",0.0205250999102429,"W/m2"
"old",1822,"RF_O3_trop",0.0196437959559499,"W/m2"
"old",1823,"RF_O3_trop",0.0193858435479255,"W/m2"
"old",1824,"RF_O3_trop",0.0203366234205526,"W/m2"
"old",1825,"RF_O3_trop",0.0206246620457262,"W/m2"
"old",1826,"RF_O3_trop",0.0206972610310812,"W/m2"
"old",1827,"RF_O3_trop",0.0214678681623766,"W/m2"
"old",1828,"RF_O3_trop",0.0235954476608196,"W/m2"
"old",1829,"RF_O3_trop",0.022778658460427,"W/m2"
"old",1830,"RF_O3_trop",0.0234660003323943,"W/m2"
"old",1831,"RF_O3_trop",0.0226357282960628,"W/m2"
"old",1832,"RF_O3_trop",0.0226950353261228,"W/m2"
"old",1833,"RF_O3_trop",0.0227978242849316,"W/m2"
"old",1834,"RF_O3_trop",0.0243388761836127,"W/m2"
"old",1835,"RF_O3_trop",0.024380945301723,"W/m2"
"old",1836,"RF_O3_trop",0.0241936479852116,"W/m2"
"old",1837,"RF_O3_trop",0.0254633367960768,"W/m2"
"old",1838,"RF_O3_trop",0.0267912112206876,"W/m2"
"old",1839,"RF_O3_trop",0.0261216508674353,"W/m2"
"old",1840,"RF_O3_trop",0.0258893130546725,"W/m2"
"old",1841,"RF_O3_trop",0.0275347939623471,"W/m2"
"old",1842,"RF_O3_trop",0.026651999181976,"W/m2"
"old",1843,"RF_O3_trop",0.0258900962195749,"W/m2"
"old",1844,"RF_O3_trop",0.0269579264821214,"W/m2"
"old",1845,"RF_O3_trop",0.0275946444653192,"W/m2"
"old",1846,"RF_O3_trop",0.0276929079428228,"W/m2"
"old",1847,"RF_O3_trop",0.0290029688500111,"W/m2"
"old",1848,"RF_O3_trop",0.0307752932552319,"W/m2"
"old",1849,"RF_O3_trop",0.0304363760297144,"W/m2"
"old",1850,"RF_O3_trop",0.0310338945346065,"W/m2"
"old",1851,"RF_O3_trop",0.0302018469287095,"W/m2"
"old",1852,"RF_O3_trop",0.0298393533571062,"W/m2"
"old",1853,"RF_O3_trop",0.0303867432725908,"W/m2"
"old",1854,"RF_O3_trop",0.0323283905917644,"W/m2"
"old",1855,"RF_O3_trop",0.0321842044911551,"W/m2"
"old",1856,"RF_O3_trop",0.0315962814374668,"W/m2"
"old",1857,"RF_O3_trop",0.0337988495361747,"W/m2"
"old",1858,"RF_O3_trop",0.0349185062603166,"W/m2"
"old",1859,"RF_O3_trop",0.0344666512189076,"W/m2"
"old",1860,"RF_O3_trop",0.0345130727667713,"W/m2"
"old",1861,"RF_O3_trop",0.0355025150583401,"W/m2"
"old",1862,"RF_O3_trop",0.0350996381471138,"W/m2"
"old",1863,"RF_O3_trop",0.0346753755051641,"W/m2"
"old",1864,"RF_O3_trop",0.0359349036213514,"W/m2"
"old",1865,"RF_O3_trop",0.037510164856748,"W/m2"
"old",1866,"RF_O3_trop",0.0376636616387385,"W/m2"
"old",1867,"RF_O3_trop",0.0392868156197939,"W/m2"
"old",1868,"RF_O3_trop",0.0414299029755203,"W/m2"
"old",1869,"RF_O3_trop",0.0408025648570081,"W/m2"
"old",1870,"RF_O3_trop",0.0423680777948714,"W/m2"
"old",1871,"RF_O3_trop",0.0420899788307254,"W/m2"
"old",1872,"RF_O3_trop",0.0416209775266456,"W/m2"
"old",1873,"RF_O3_trop",0.0438059405107523,"W/m2"
"old",1874,"RF_O3_trop",0.0453295841389292,"W/m2"
"old",1875,"RF_O3_trop",0.0450034821172454,"W/m2"
"old",1876,"RF_O3_trop",0.0456962323776655,"W/m2"
"old",1877,"RF_O3_trop",0.0474423180965842,"W/m2"
"old",1878,"RF_O3_trop",0.0489076921950324,"W/m2"
"old",1879,"RF_O3_trop",0.0495903756729508,"W/m2"
"old",1880,"RF_O3_trop",0.0497111275482325,"W/m2"
"old",1881,"RF_O3_trop",0.0514371121960033,"W/m2"
"old",1882,"RF_O3_trop",0.0511439090424093,"W/m2"
"old",1883,"RF_O3_trop",0.0508500081841441,"W/m2"
"old",1884,"RF_O3_trop",0.052998890281625,"W/m2"
"old",1885,"RF_O3_trop",0.0537649816882406,"W/m2"
"old",1886,"RF_O3_trop",0.0546660254025004,"W/m2"
"old",1887,"RF_O3_trop",0.056226909204365,"W/m2"
"old",1888,"RF_O3_trop",0.0583267292612832,"W/m2"
"old",1889,"RF_O3_trop",0.0587204834138535,"W/m2"
"old",1890,"RF_O3_trop",0.0602730831197629,"W/m2"
"old",1891,"RF_O3_trop",0.0599218903701944,"W/m2"
"old",1892,"RF_O3_trop",0.060012068070951,"W/m2"
"old",1893,"RF_O3_trop",0.061105249746702,"W/m2"
"old",1894,"RF_O3_trop",0.0637669705038981,"W/m2"
"old",1895,"RF_O3_trop",0.0644307218459994,"W/m2"
"old",1896,"RF_O3_trop",0.0634913126317145,"W/m2"
"old",1897,"RF_O3_trop",0.0666514884238405,"W/m2"
"old",1898,"RF_O3_trop",0.0677635399098733,"W/m2"
"old",1899,"RF_O3_trop",0.0689295697491119,"W/m2"
"old",1900,"RF_O3_trop",0.069463192552589,"W/m2"
"old",1901,"RF_O3_trop",0.0706422777403932,"W/m2"
"old",1902,"RF_O3_trop",0.0710426744882449,"W/m2"
"old",1903,"RF_O3_trop",0.0713649273095276,"W/m2"
"old",1904,"RF_O3_trop",0.0741329879277182,"W/m2"
"old",1905,"RF_O3_trop",0.0760829480745358,"W/m2"
"old",1906,"RF_O3_trop",0.0768884681962432,"W/m2"
"old",1907,"RF_O3_trop",0.0802919761002696,"W/m2"
"old",1908,"RF_O3_trop",0.0815283933921982,"W/m2"
"old",1909,"RF_O3_trop",0.0824423946123247,"W/m2"
"old",1910,"RF_O3_trop",0.0849442922173109,"W/m2"
"old",1911,"RF_O3_trop",0.0848609369198527,"W/m2"
"old",1912,"RF_O3_trop",0.0852543427819634,"W/m2"
"old",1913,"RF_O3_trop",0.0878961163959542,"W/m2"
"old",1914,"RF_O3_trop",0.0894993970834292,"W/m2"
"old",1915,"RF_O3_trop",0.0894459354122583,"W/m2"
"old",1916,"RF_O3_trop",0.090684523769097,"W/m2"
"old",1917,"RF_O3_trop",0.094267469453357,"W/m2"
"old",1918,"RF_O3_trop",0.0959127850850647,"W/m2"
"old",1919,"RF_O3_trop",0.0954315029360076,"W/m2"
"old",1920,"RF_O3_trop",0.0987706009407545,"W/m2"
"old",1921,"RF_O3_trop",0.0977291915174208,"W/m2"
"old",1922,"RF_O3_trop",0.0987335587254989,"W/m2"
"old",1923,"RF_O3_trop",0.105619237704488,"W/m2"
"old",1924,"RF_O3_trop",0.103955530237034,"W/m2"
"old",1925,"RF_O3_trop",0.10588676549459,"W/m2"
"old",1926,"RF_O3_trop",0.106729595401673,"W/m2"
"old",1927,"RF_O3_trop",0.110765052351967,"W/m2"
"old",1928,"RF_O3_trop",0.111891367782576,"W/m2"
"old",1929,"RF_O3_trop",0.115108219831363,"W/m2"
"old",1930,"RF_O3_trop",0.11627495836523,"W/m2"
"old",1931,"RF_O3_trop",0.111480715392629,"W/m2"
"old",1932,"RF_O3_trop",0.11230006103038,"W/m2"
"old",1933,"RF_O3_trop",0.112667945643344,"W/m2"
"old",1934,"RF_O3_trop",0.117505948158925,"W/m2"
"old",1935,"RF_O3_trop",0.11928443670462,"W/m2"
"old",1936,"RF_O3_trop",0.124628990835632,"W/m2"
"old",1937,"RF_O3_trop",0.126508499223698,"W/m2"
"old",1938,"RF_O3_trop",0.123810497603833,"W/m2"
"old",1939,"RF_O3_trop",0.128637358361701,"W/m2"
"old",1940,"RF_O3_trop",0.130713861471915,"W/m2"
"old",1941,"RF_O3_trop",0.132844269206931,"W/m2"
"old",1942,"RF_O3_trop",0.135011181073891,"W/m2"
"old",1943,"RF_O3_trop",0.137566589290179,"W/m2"
"old",1944,"RF_O3_trop",0.140932307609005,"W/m2"
"old",1945,"RF_O3_trop",0.140761170170899,"W/m2"
"old",1946,"RF_O3_trop",0.141403252039619,"W/m2"
"old",1947,"RF_O3_trop",0.146487226798465,"W/m2"
"old",1948,"RF_O3_trop",0.152821913684679,"W/m2"
"old",1949,"RF_O3_trop",0.152461163274456,"W/m2"
"old",1950,"RF_O3_trop",0.162362939716027,"W/m2"
"old",1951,"RF_O3_trop",0.161663289515714,"W/m2"
"old",1952,"RF_O3_trop",0.165884927559091,"W/m2"
"old",1953,"RF_O3_trop",0.171746344425565,"W/m2"
"old",1954,"RF_O3_trop",0.175499483803935,"W/m2"
"old",1955,"RF_O3_trop",0.183585210496001,"W/m2"
"old",1956,"RF_O3_trop",0.193513273726398,"W/m2"
"old",1957,"RF_O3_trop",0.201563265378826,"W/m2"
"old",1958,"RF_O3_trop",0.200079840558435,"W/m2"
"old",1959,"RF_O3_trop",0.204898382772171,"W/m2"
"old",1960,"RF_O3_trop",0.210501643201485,"W/m2"
"old",1961,"RF_O3_trop",0.218831421024052,"W/m2"
"old",1962,"RF_O3_trop",0.222421618596114,"W/m2"
"old",1963,"RF_O3_trop",0.236213620448534,"W/m2"
"old",1964,"RF_O3_trop",0.238187489315254,"W/m2"
"old",1965,"RF_O3_trop",0.246509289196299,"W/m2"
"old",1966,"RF_O3_trop",0.253008558049767,"W/m2"
"old",1967,"RF_O3_trop",0.264980356685266,"W/m2"
"old",1968,"RF_O3_trop",0.273040256535992,"W/m2"
"old",1969,"RF_O3_trop",0.279303869186522,"W/m2"
"old",1970,"RF_O3_trop",0.293447193612108,"W/m2"
"old",1971,"RF_O3_trop",0.300831615273806,"W/m2"
"old",1972,"RF_O3_trop",0.316806324664211,"W/m2"
"old",1973,"RF_O3_trop",0.320629741328804,"W/m2"
"old",1974,"RF_O3_trop",0.321086726399308,"W/m2"
"old",1975,"RF_O3_trop",0.319873734496257,"W/m2"
"old",1976,"RF_O3_trop",0.332685112377243,"W/m2"
"old",1977,"RF_O3_trop",0.339522972501663,"W/m2"
"old",1978,"RF_O3_trop",0.349427568844043,"W/m2"
"old",1979,"RF_O3_trop",0.355641946097394,"W/m2"
"old",1980,"RF_O3_trop",0.355273294698528,"W/m2"
"old",1981,"RF_O3_trop",0.351734025503143,"W/m2"
"old",1982,"RF_O3_trop",0.360543869485984,"W/m2"
"old",1983,"RF_O3_trop",0.348953129472253,"W/m2"
"old",1984,"RF_O3_trop",0.357558161357403,"W/m2"
"old",1985,"RF_O3_trop",0.3623442266871,"W/m2"
"old",1986,"RF_O3_trop",0.366618745438458,"W/m2"
"old",1987,"RF_O3_trop",0.377009329121428,"W/m2"
"old",1988,"RF_O3_trop",0.385259083652429,"W/m2"
"old",1989,"RF_O3_trop",0.386823565098299,"W/m2"
"old",1990,"RF_O3_trop",0.389471043530601,"W/m2"
"old",1991,"RF_O3_trop",0.413873823493567,"W/m2"
"old",1992,"RF_O3_trop",0.392769410835938,"W/m2"
"old",1993,"RF_O3_trop",0.400616901715467,"W/m2"
"old",1994,"RF_O3_trop",0.413914340866126,"W/m2"
"old",1995,"RF_O3_trop",0.407025976591085,"W/m2"
"old",1996,"RF_O3_trop",0.405480708466532,"W/m2"
"old",1997,"RF_O3_trop",0.437121970710979,"W/m2"
"old",1998,"RF_O3_trop",0.430399309792877,"W/m2"
"old",1999,"RF_O3_trop",0.412825929673657,"W/m2"
"old",2000,"RF_O3_trop",0.410572898906735,"W/m2"
"old",2001,"RF_O3_trop",0.411137482782618,"W/m2"
"old",2002,"RF_O3_trop",0.421941616897669,"W/m2"
"old",2003,"RF_O3_trop",0.425158393486479,"W/m2"
"old",2004,"RF_O3_trop",0.436436106149882,"W/m2"
"old",2005,"RF_O3_trop",0.443774637009783,"W/m2"
"old",2006,"RF_O3_trop",0.453913756206572,"W/m2"
"old",2007,"RF_O3_trop",0.459517875416765,"W/m2"
"old",2008,"RF_O3_trop",0.457837316386254,"W/m2"
"old",2009,"RF_O3_trop",0.451829127368254,"W/m2"
"old",2010,"RF_O3_trop",0.460214863405646,"W/m2"
"old",2011,"RF_O3_trop",0.464584520332028,"W/m2"
"old",2012,"RF_O3_trop",0.468008792452602,"W/m2"
"old",2013,"RF_O3_trop",0.462295786213015,"W/m2"
"old",2014,"RF_O3_trop",0.468334040897219,"W/m2"
"old",2015,"RF_O3_trop",0.467428916048519,"W/m2"
"old",2016,"RF_O3_trop",0.465726832529007,"W/m2"
"old",2017,"RF_O3_trop",0.46391856050942,"W/m2"
"old",2018,"RF_O3_trop",0.462009332321225,"W/m2"
"old",2019,"RF_O3_trop",0.460009156635268,"W/m2"
"old",2020,"RF_O3_trop",0.457927402984823,"W/m2"
"old",2021,"RF_O3_trop",0.457739629895718,"W/m2"
"old",2022,"RF_O3_trop",0.457526054073316,"W/m2"
"old",2023,"RF_O3_trop",0.457285605445706,"W/m2"
"old",1745,"RF_H2O_strat",0,"W/m2"
"old",1746,"RF_H2O_strat",0,"W/m2"
"old",1747,"RF_H2O_strat",0,"W/m2"
"old",1748,"RF_H2O_strat",0,"W/m2"
"old",1749,"RF_H2O_strat",0,"W/m2"
"old",1750,"RF_H2O_strat",0,"W/m2"
"old",1751,"RF_H2O_strat",0.000134056072855402,"W/m2"
"old",1752,"RF_H2O_strat",0.000250233885489443,"W/m2"
"old",1753,"RF_H2O_strat",0.000358510281079765,"W/m2"
"old",1754,"RF_H2O_strat",0.000464928776997486,"W/m2"
"old",1755,"RF_H2O_strat",0.0005564267504578,"W/m2"
"old",1756,"RF_H2O_strat",0.000635004653436295,"W/m2"
"old",1757,"RF_H2O_strat",0.000719118171566132,"W/m2"
"old",1758,"RF_H2O_strat",0.000789557427544025,"W/m2"
"old",1759,"RF_H2O_strat",0.000856439291464962,"W/m2"
"old",1760,"RF_H2O_strat",0.000922727525833603,"W/m2"
"old",1761,"RF_H2O_strat",0.00098036763877618,"W/m2"
"old",1762,"RF_H2O_strat",0.00102986363030767,"W/m2"
"old",1763,"RF_H2O_strat",0.00107484795059778,"W/m2"
"old",1764,"RF_H2O_strat",0.00110348228365163,"W/m2"
"old",1765,"RF_H2O_strat",0.00114755570328522,"W/m2"
"old",1766,"RF_H2O_strat",0.00118221232512109,"W/m2"
"old",1767,"RF_H2O_strat",0.00121544924249605,"W/m2"
"old",1768,"RF_H2O_strat",0.00126290475324212,"W/m2"
"old",1769,"RF_H2O_strat",0.00129859788907489,"W/m2"
"old",1770,"RF_H2O_strat",0.00133230321604977,"W/m2"
"old",1771,"RF_H2O_strat",0.00135414530946884,"W/m2"
"old",1772,"RF_H2O_strat",0.00137069469945651,"W/m2"
"old",1773,"RF_H2O_strat",0.00138982683467813,"W/m2"
"old",1774,"RF_H2O_strat",0.00142573373903216,"W/m2"
"old",1775,"RF_H2O_strat",0.00145311912634557,"W/m2"
"old",1776,"RF_H2O_strat",0.00147425532149292,"W/m2"
"old",1777,"RF_H2O_strat",0.00150337814039382,"W/m2"
"old",1778,"RF_H2O_strat",0.00153616753353351,"W/m2"
"old",1779,"RF_H2O_strat",0.00156221580081659,"W/m2"
"old",1780,"RF_H2O_strat",0.00159678357132124,"W/m2"
"old",1781,"RF_H2O_strat",0.00162485066305299,"W/m2"
"old",1782,"RF_H2O_strat",0.00165056372999203,"W/m2"
"old",1783,"RF_H2O_strat",0.00167246237364546,"W/m2"
"old",1784,"RF_H2O_strat",0.00168601267667426,"W/m2"
"old",1785,"RF_H2O_strat",0.00171182539289391,"W/m2"
"old",1786,"RF_H2O_strat",0.00173269550390914,"W/m2"
"old",1787,"RF_H2O_strat",0.00175921038542546,"W/m2"
"old",1788,"RF_H2O_strat",0.00180079731322692,"W/m2"
"old",1789,"RF_H2O_strat",0.00183145950958722,"W/m2"
"old",1790,"RF_H2O_strat",0.00186273916824167,"W/m2"
"old",1791,"RF_H2O_strat",0.0018826524739421,"W/m2"
"old",1792,"RF_H2O_strat",0.00189868949220273,"W/m2"
"old",1793,"RF_H2O_strat",0.00191676057037528,"W/m2"
"old",1794,"RF_H2O_strat",0.00195289451293724,"W/m2"
"old",1795,"RF_H2O_strat",0.00198139193051516,"W/m2"
"old",1796,"RF_H2O_strat",0.00200334432142483,"W/m2"
"old",1797,"RF_H2O_strat",0.00203394429403054,"W/m2"
"old",1798,"RF_H2O_strat",0.002067853069952,"W/m2"
"old",1799,"RF_H2O_strat",0.00209989916497209,"W/m2"
"old",1800,"RF_H2O_strat",0.00213627748677178,"W/m2"
"old",1801,"RF_H2O_strat",0.00216734179801919,"W/m2"
"old",1802,"RF_H2O_strat",0.002198975571892,"W/m2"
"old",1803,"RF_H2O_strat",0.00222372001878872,"W/m2"
"old",1804,"RF_H2O_strat",0.00224619937711458,"W/m2"
"old",1805,"RF_H2O_strat",0.00227861146839331,"W/m2"
"old",1806,"RF_H2O_strat",0.00230936332592594,"W/m2"
"old",1807,"RF_H2O_strat",0.00234347286065175,"W/m2"
"old",1808,"RF_H2O_strat",0.00239254118758464,"W/m2"
"old",1809,"RF_H2O_strat",0.00243178238106511,"W/m2"
"old",1810,"RF_H2O_strat",0.00247222984747692,"W/m2"
"old",1811,"RF_H2O_strat",0.00250383741491474,"W/m2"
"old",1812,"RF_H2O_strat",0.00252883243219463,"W/m2"
"old",1813,"RF_H2O_strat",0.00255855403354647,"W/m2"
"old",1814,"RF_H2O_strat",0.00260535412275785,"W/m2"
"old",1815,"RF_H2O_strat",0.00264532951417377,"W/m2"
"old",1816,"RF_H2O_strat",0.00268231623610776,"W/m2"
"old",1817,"RF_H2O_strat",0.00272284420120624,"W/m2"
"old",1818,"RF_H2O_strat",0.00277001001981964,"W/m2"
"old",1819,"RF_H2O_strat",0.00281278734556272,"W/m2"
"old",1820,"RF_H2O_strat",0.00286216602109897,"W/m2"
"old",1821,"RF_H2O_strat",0.00290746690094709,"W/m2"
"old",1822,"RF_H2O_strat",0.00295091746090504,"W/m2"
"old",1823,"RF_H2O_strat",0.00298635889464875,"W/m2"
"old",1824,"RF_H2O_strat",0.00302199936178411,"W/m2"
"old",1825,"RF_H2O_strat",0.00306478697552254,"W/m2"
"old",1826,"RF_H2O_strat",0.00310498040375705,"W/m2"
"old",1827,"RF_H2O_strat",0.0031489216492052,"W/m2"
"old",1828,"RF_H2O_strat",0.00320954299798488,"W/m2"
"old",1829,"RF_H2O_strat",0.00326016547547216,"W/m2"
"old",1830,"RF_H2O_strat",0.00331257914930067,"W/m2"
"old",1831,"RF_H2O_strat",0.00335357495032786,"W/m2"
"old",1832,"RF_H2O_strat",0.00339115099380929,"W/m2"
"old",1833,"RF_H2O_strat",0.00343296289739599,"W/m2"
"old",1834,"RF_H2O_strat",0.00348992533190808,"W/m2"
"old",1835,"RF_H2O_strat",0.0035387232535629,"W/m2"
"old",1836,"RF_H2O_strat",0.00358902749695825,"W/m2"
"old",1837,"RF_H2O_strat",0.00364200802048505,"W/m2"
"old",1838,"RF_H2O_strat",0.00370088444323845,"W/m2"
"old",1839,"RF_H2O_strat",0.00375638213340348,"W/m2"
"old",1840,"RF_H2O_strat",0.0038127530420761,"W/m2"
"old",1841,"RF_H2O_strat",0.00387227238623195,"W/m2"
"old",1842,"RF_H2O_strat",0.00392756057419218,"W/m2"
"old",1843,"RF_H2O_strat",0.0039726014913559,"W/m2"
"old",1844,"RF_H2O_strat",0.00401833982980368,"W/m2"
"old",1845,"RF_H2O_strat",0.00407348220700124,"W/m2"
"old",1846,"RF_H2O_strat",0.00412562684949851,"W/m2"
"old",1847,"RF_H2O_strat",0.0041860585866412,"W/m2"
"old",1848,"RF_H2O_strat",0.00425961680335425,"W/m2"
"old",1849,"RF_H2O_strat",0.00432514890661382,"W/m2"
"old",1850,"RF_H2O_strat",0.00439321578275884,"W/m2"
"old",1851,"RF_H2O_strat",0.00444744419251559,"W/m2"
"old",1852,"RF_H2O_strat",0.00449544893519127,"W/m2"
"old",1853,"RF_H2O_strat",0.00454886931389934,"W/m2"
"old",1854,"RF_H2O_strat",0.00461972071665589,"W/m2"
"old",1855,"RF_H2O_strat",0.00468038723289114,"W/m2"
"old",1856,"RF_H2O_strat",0.00474012913481114,"W/m2"
"old",1857,"RF_H2O_strat",0.00480768598358566,"W/m2"
"old",1858,"RF_H2O_strat",0.00487795892725204,"W/m2"
"old",1859,"RF_H2O_strat",0.00494722718518027,"W/m2"
"old",1860,"RF_H2O_strat",0.00501657013208519,"W/m2"
"old",1861,"RF_H2O_strat",0.00509025973886637,"W/m2"
"old",1862,"RF_H2O_strat",0.00517001367641854,"W/m2"
"old",1863,"RF_H2O_strat",0.0052459332413363,"W/m2"
"old",1864,"RF_H2O_strat",0.00532833256721687,"W/m2"
"old",1865,"RF_H2O_strat",0.0054291054865715,"W/m2"
"old",1866,"RF_H2O_strat",0.0055282047349274,"W/m2"
"old",1867,"RF_H2O_strat",0.00563937960950813,"W/m2"
"old",1868,"RF_H2O_strat",0.00576613554484774,"W/m2"
"old",1869,"RF_H2O_strat",0.0058823488537407,"W/m2"
"old",1870,"RF_H2O_strat",0.00600838423019243,"W/m2"
"old",1871,"RF_H2O_strat",0.0061232779569942,"W/m2"
"old",1872,"RF_H2O_strat",0.00623023227928065,"W/m2"
"old",1873,"RF_H2O_strat",0.00635554954319294,"W/m2"
"old",1874,"RF_H2O_strat",0.00649197613016469,"W/m2"
"old",1875,"RF_H2O_strat",0.00661510991673894,"W/m2"
"old",1876,"RF_H2O_strat",0.00674648281073237,"W/m2"
"old",1877,"RF_H2O_strat",0.00688060500377571,"W/m2"
"old",1878,"RF_H2O_strat",0.00701832507843902,"W/m2"
"old",1879,"RF_H2O_strat",0.00716397432723717,"W/m2"
"old",1880,"RF_H2O_strat",0.00730354184524944,"W/m2"
"old",1881,"RF_H2O_strat",0.00744399274577379,"W/m2"
"old",1882,"RF_H2O_strat",0.00758119056253422,"W/m2"
"old",1883,"RF_H2O_strat",0.00770688926066456,"W/m2"
"old",1884,"RF_H2O_strat",0.00784321145556796,"W/m2"
"old",1885,"RF_H2O_strat",0.00798447953130733,"W/m2"
"old",1886,"RF_H2O_strat",0.00812446171836225,"W/m2"
"old",1887,"RF_H2O_strat",0.00827104098406797,"W/m2"
"old",1888,"RF_H2O_strat",0.00842849138435646,"W/m2"
"old",1889,"RF_H2O_strat",0.00857850889780433,"W/m2"
"old",1890,"RF_H2O_strat",0.0087331762606633,"W/m2"
"old",1891,"RF_H2O_strat",0.0088729075169827,"W/m2"
"old",1892,"RF_H2O_strat",0.00900798315082588,"W/m2"
"old",1893,"RF_H2O_strat",0.00915177083659074,"W/m2"
"old",1894,"RF_H2O_strat",0.00931325825585015,"W/m2"
"old",1895,"RF_H2O_strat",0.00946671052679151,"W/m2"
"old",1896,"RF_H2O_strat",0.00961135914518157,"W/m2"
"old",1897,"RF_H2O_strat",0.00976681241049981,"W/m2"
"old",1898,"RF_H2O_strat",0.00991909285392915,"W/m2"
"old",1899,"RF_H2O_strat",0.010081671392014,"W/m2"
"old",1900,"RF_H2O_strat",0.0102387228093077,"W/m2"
"old",1901,"RF_H2O_strat",0.0103867383462882,"W/m2"
"old",1902,"RF_H2O_strat",0.0105309181899104,"W/m2"
"old",1903,"RF_H2O_strat",0.0106643182490871,"W/m2"
"old",1904,"RF_H2O_strat",0.0108142994932379,"W/m2"
"old",1905,"RF_H2O_strat",0.0109651040624177,"W/m2"
"old",1906,"RF_H2O_strat",0.0111112254048421,"W/m2"
"old",1907,"RF_H2O_strat",0.0112680925010348,"W/m2"
"old",1908,"RF_H2O_strat",0.0114283044316511,"W/m2"
"old",1909,"RF_H2O_strat",0.0115797490400034,"W/m2"
"old",1910,"RF_H2O_strat",0.0117418610732214,"W/m2"
"old",1911,"RF_H2O_strat",0.0118885496113239,"W/m2"
"old",1912,"RF_H2O_strat",0.0120280348228391,"W/m2"
"old",1913,"RF_H2O_strat",0.0121780023661286,"W/m2"
"old",1914,"RF_H2O_strat",0.0123456454025743,"W/m2"
"old",1915,"RF_H2O_strat",0.0124988884775447,"W/m2"
"old",1916,"RF_H2O_strat",0.0126482177579383,"W/m2"
"old",1917,"RF_H2O_strat",0.0128034593234352,"W/m2"
"old",1918,"RF_H2O_strat",0.0129644162397828,"W/m2"
"old",1919,"RF_H2O_strat",0.0131314509776129,"W/m2"
"old",1920,"RF_H2O_strat",0.0132947944892622,"W/m2"
"old",1921,"RF_H2O_strat",0.013444620460494,"W/m2"
"old",1922,"RF_H2O_strat",0.0135841610681676,"W/m2"
"old",1923,"RF_H2O_strat",0.0137476688489666,"W/m2"
"old",1924,"RF_H2O_strat",0.0138898624709962,"W/m2"
"old",1925,"RF_H2O_strat",0.0140325025368434,"W/m2"
"old",1926,"RF_H2O_strat",0.0141698767772481,"W/m2"
"old",1927,"RF_H2O_strat",0.0143154790056389,"W/m2"
"old",1928,"RF_H2O_strat",0.0144622650494603,"W/m2"
"old",1929,"RF_H2O_strat",0.0146163856124822,"W/m2"
"old",1930,"RF_H2O_strat",0.0147916931725591,"W/m2"
"old",1931,"RF_H2O_strat",0.0149390085444273,"W/m2"
"old",1932,"RF_H2O_strat",0.0151030708071168,"W/m2"
"old",1933,"RF_H2O_strat",0.0152640324019562,"W/m2"
"old",1934,"RF_H2O_strat",0.0154411946718186,"W/m2"
"old",1935,"RF_H2O_strat",0.0156119401596499,"W/m2"
"old",1936,"RF_H2O_strat",0.0157960057029904,"W/m2"
"old",1937,"RF_H2O_strat",0.0159669799737636,"W/m2"
"old",1938,"RF_H2O_strat",0.0161280454988607,"W/m2"
"old",1939,"RF_H2O_strat",0.0163054948584222,"W/m2"
"old",1940,"RF_H2O_strat",0.0164611957571919,"W/m2"
"old",1941,"RF_H2O_strat",0.0166303628101202,"W/m2"
"old",1942,"RF_H2O_strat",0.0168254637280495,"W/m2"
"old",1943,"RF_H2O_strat",0.0170249581523179,"W/m2"
"old",1944,"RF_H2O_strat",0.0172422833137793,"W/m2"
"old",1945,"RF_H2O_strat",0.0174707272732609,"W/m2"
"old",1946,"RF_H2O_strat",0.0176980060967954,"W/m2"
"old",1947,"RF_H2O_strat",0.0179249375460663,"W/m2"
"old",1948,"RF_H2O_strat",0.0181725689951783,"W/m2"
"old",1949,"RF_H2O_strat",0.0184542654450374,"W/m2"
"old",1950,"RF_H2O_strat",0.0187349665294198,"W/m2"
"old",1951,"RF_H2O_strat",0.0190060761445342,"W/m2"
"old",1952,"RF_H2O_strat",0.0193411692210624,"W/m2"
"old",1953,"RF_H2O_strat",0.0197279391443544,"W/m2"
"old",1954,"RF_H2O_strat",0.0201487920346288,"W/m2"
"old",1955,"RF_H2O_strat",0.0205840688700038,"W/m2"
"old",1956,"RF_H2O_strat",0.0210781158731564,"W/m2"
"old",1957,"RF_H2O_strat",0.021612959125648,"W/m2"
"old",1958,"RF_H2O_strat",0.0220956577774431,"W/m2"
"old",1959,"RF_H2O_strat",0.0225911126517725,"W/m2"
"old",1960,"RF_H2O_strat",0.0230975163320237,"W/m2"
"old",1961,"RF_H2O_strat",0.0237070403648042,"W/m2"
"old",1962,"RF_H2O_strat",0.0242455847563258,"W/m2"
"old",1963,"RF_H2O_strat",0.0249201926345521,"W/m2"
"old",1964,"RF_H2O_strat",0.0254479706968251,"W/m2"
"old",1965,"RF_H2O_strat",0.0260255605923097,"W/m2"
"old",1966,"RF_H2O_strat",0.026587596834497,"W/m2"
"old",1967,"RF_H2O_strat",0.0271937442044256,"W/m2"
"old",1968,"RF_H2O_strat",0.0277444393596974,"W/m2"
"old",1969,"RF_H2O_strat",0.0282963661987833,"W/m2"
"old",1970,"RF_H2O_strat",0.0288710542328835,"W/m2"
"old",1971,"RF_H2O_strat",0.0294616531187299,"W/m2"
"old",1972,"RF_H2O_strat",0.030157609472918,"W/m2"
"old",1973,"RF_H2O_strat",0.0307400988500047,"W/m2"
"old",1974,"RF_H2O_strat",0.0312855763947132,"W/m2"
"old",1975,"RF_H2O_strat",0.0317854442202908,"W/m2"
"old",1976,"RF_H2O_strat",0.0323490040650078,"W/m2"
"old",1977,"RF_H2O_strat",0.0329131153095826,"W/m2"
"old",1978,"RF_H2O_strat",0.0334511363319808,"W/m2"
"old",1979,"RF_H2O_strat",0.0340049644319267,"W/m2"
"old",1980,"RF_H2O_strat",0.0345282822117407,"W/m2"
"old",1981,"RF_H2O_strat",0.0349403625292289,"W/m2"
"old",1982,"RF_H2O_strat",0.0355626405580925,"W/m2"
"old",1983,"RF_H2O_strat",0.0359064779797541,"W/m2"
"old",1984,"RF_H2O_strat",0.0362717036485128,"W/m2"
"old",1985,"RF_H2O_strat",0.0366092781799364,"W/m2"
"old",1986,"RF_H2O_strat",0.0370034009355706,"W/m2"
"old",1987,"RF_H2O_strat",0.0374407029761326,"W/m2"
"old",1988,"RF_H2O_strat",0.0378443272679026,"W/m2"
"old",1989,"RF_H2O_strat",0.0382270088987517,"W/m2"
"old",1990,"RF_H2O_strat",0.0386365228727374,"W/m2"
"old",1991,"RF_H2O_strat",0.0394552966982152,"W/m2"
"old",1992,"RF_H2O_strat",0.0396027460387295,"W/m2"
"old",1993,"RF_H2O_strat",0.0397325425381662,"W/m2"
"old",1994,"RF_H2O_strat",0.0401778745195291,"W/m2"
"old",1995,"RF_H2O_strat",0.0403320668194453,"W/m2"
"old",1996,"RF_H2O_strat",0.0404681856987152,"W/m2"
"old",1997,"RF_H2O_strat",0.0413581818905216,"W/m2"
"old",1998,"RF_H2O_strat",0.0417029529733499,"W/m2"
"old",1999,"RF_H2O_strat",0.0417630375458159,"W/m2"
"old",2000,"RF_H2O_strat",0.0417428203593661,"W/m2"
"old",2001,"RF_H2O_strat",0.0417695652945296,"W/m2"
"old",2002,"RF_H2O_strat",0.0420791372844485,"W/m2"
"old",2003,"RF_H2O_strat",0.0423907302517172,"W/m2"
"old",2004,"RF_H2O_strat",0.0427816686614914,"W/m2"
"old",2005,"RF_H2O_strat",0.043224948017084,"W/m2"
"old",2006,"RF_H2O_strat",0.0438170241877767,"W/m2"
"old",2007,"RF_H2O_strat",0.0442019525845719,"W/m2"
"old",2008,"RF_H2O_strat",0.0445932910515115,"W/m2"
"old",2009,"RF_H2O_strat",0.0450901348807766,"W/m2"
"old",2010,"RF_H2O_strat",0.0456710749992078,"W/m2"
"old",2011,"RF_H2O_strat",0.0461163385252353,"W/m2"
"old",2012,"RF_H2O_strat",0.0467423737038972,"W/m2"
"old",2013,"RF_H2O_strat",0.0472737091319879,"W/m2"
"old",2014,"RF_H2O_strat",0.0479714848783548,"W/m2"
"old",2015,"RF_H2O_strat",0.0485652013879704,"W/m2"
"old",2016,"RF_H2O_strat",0.0491093098628679,"W/m2"
"old",2017,"RF_H2O_strat",0.0496151065401968,"W/m2"
"old",2018,"RF_H2O_strat",0.0500839204037617,"W/m2"
"old",2019,"RF_H2O_strat",0.0505190843288197,"W/m2"
"old",2020,"RF_H2O_strat",0.0509238018050049,"W/m2"
"old",2021,"RF_H2O_strat",0.0513189779997345,"W/m2"
"old",2022,"RF_H2O_strat",0.051705565502457,"W/m2"
"old",2023,"RF_H2O_strat",0.0520829948647523,"W/m2"
"old",1745,"RF_vol",0,"W/m2"
"old",1746,"RF_vol",0,"W/m2"
"old",1747,"RF_vol",0,"W/m2"
"old",1748,"RF_vol",0,"W/m2"
"old",1749,"RF_vol",0,"W/m2"
"old",1750,"RF_vol",0,"W/m2"
"old",1751,"RF_vol",1.10718936308374e-05,"W/m2"
"old",1752,"RF_vol",1.47974243104587e-05,"W/m2"
"old",1753,"RF_vol",1.60427488300474e-05,"W/m2"
"old",1754,"RF_vol",1.64614828179199e-05,"W/m2"
"old",1755,"RF_vol",-0.0242551641154311,"W/m2"
"old",1756,"RF_vol",-0.249885577913626,"W/m2"
"old",1757,"RF_vol",-0.120264184524158,"W/m2"
"old",1758,"RF_vol",-0.0420390000722184,"W/m2"
"old",1759,"RF_vol",-0.0141854104206411,"W/m2"
"old",1760,"RF_vol",-0.0047573732867163,"W/m2"
"old",1761,"RF_vol",-0.00158712979926184,"W/m2"
"old",1762,"RF_vol",-0.905624560639827,"W/m2"
"old",1763,"RF_vol",-0.625705795449471,"W/m2"
"old",1764,"RF_vol",-0.224792998735951,"W/m2"
"old",1765,"RF_vol",-0.0761640080609034,"W/m2"
"old",1766,"RF_vol",-0.364233200862313,"W/m2"
"old",1767,"RF_vol",-0.415785351232156,"W/m2"
"old",1768,"RF_vol",-0.156201550270668,"W/m2"
"old",1769,"RF_vol",-0.0532110582831448,"W/m2"
"old",1770,"RF_vol",-0.149383325697148,"W/m2"
"old",1771,"RF_vol",-0.0968526378806145,"W/m2"
"old",1772,"RF_vol",-0.034645152467203,"W/m2"
"old",1773,"RF_vol",-0.0117231172002917,"W/m2"
"old",1774,"RF_vol",-0.00393123848153729,"W/m2"
"old",1775,"RF_vol",-0.00130966646223363,"W/m2"
"old",1776,"RF_vol",-0.000428858576556446,"W/m2"
"old",1777,"RF_vol",-0.000132988487683838,"W/m2"
"old",1778,"RF_vol",-3.35990249102636e-05,"W/m2"
"old",1779,"RF_vol",-2.09136090223438e-07,"W/m2"
"old",1780,"RF_vol",1.10073126667054e-05,"W/m2"
"old",1781,"RF_vol",1.47764140239204e-05,"W/m2"
"old",1782,"RF_vol",1.60388807581013e-05,"W/m2"
"old",1783,"RF_vol",-1.79285698328564,"W/m2"
"old",1784,"RF_vol",-3.67329531674614,"W/m2"
"old",1785,"RF_vol",-1.50846687075045,"W/m2"
"old",1786,"RF_vol",-0.673003197958638,"W/m2"
"old",1787,"RF_vol",-0.281883435638255,"W/m2"
"old",1788,"RF_vol",-0.0972146089840135,"W/m2"
"old",1789,"RF_vol",-0.0327597815563498,"W/m2"
"old",1790,"RF_vol",-0.0109985359285046,"W/m2"
"old",1791,"RF_vol",-0.00368368304470787,"W/m2"
"old",1792,"RF_vol",-0.00122632089078833,"W/m2"
"old",1793,"RF_vol",-0.000400857681072286,"W/m2"
"old",1794,"RF_vol",-0.000123573769780505,"W/m2"
"old",1795,"RF_vol",-3.04313851096083e-05,"W/m2"
"old",1796,"RF_vol",-0.129606771085582,"W/m2"
"old",1797,"RF_vol",-0.228540527138377,"W/m2"
"old",1798,"RF_vol",-0.128200406370129,"W/m2"
"old",1799,"RF_vol",-0.0453915286964469,"W/m2"
"old",1800,"RF_vol",-0.0153427871817517,"W/m2"
"old",1801,"RF_vol",-0.00514757787612316,"W/m2"
"old",1802,"RF_vol",-0.00171827591272419,"W/m2"
"old",1803,"RF_vol",-0.000566117684194511,"W/m2"
"old",1804,"RF_vol",-0.000179090723632147,"W/m2"
"old",1805,"RF_vol",-4.90814411333029e-05,"W/m2"
"old",1806,"RF_vol",-5.41543766691133e-06,"W/m2"
"old",1807,"RF_vol",9.25498455794926e-06,"W/m2"
"old",1808,"RF_vol",1.41829989727393e-05,"W/m2"
"old",1809,"RF_vol",-3.55143380834447,"W/m2"
"old",1810,"RF_vol",-2.49957570259353,"W/m2"
"old",1811,"RF_vol",-0.898047295588406,"W/m2"
"old",1812,"RF_vol",-0.304308671037459,"W/m2"
"old",1813,"RF_vol",-0.102330268316324,"W/m2"
"old",1814,"RF_vol",-0.0343682563256373,"W/m2"
"old",1815,"RF_vol",-3.52755057547786,"W/m2"
"old",1816,"RF_vol",-4.5145594660779,"W/m2"
"old",1817,"RF_vol",-1.70526543044298,"W/m2"
"old",1818,"RF_vol",-0.581191193720997,"W/m2"
"old",1819,"RF_vol",-0.195598625684143,"W/m2"
"old",1820,"RF_vol",-0.0657099575510807,"W/m2"
"old",1821,"RF_vol",-0.125370501528899,"W/m2"
"old",1822,"RF_vol",-0.12031316814946,"W/m2"
"old",1823,"RF_vol",-0.455813393188265,"W/m2"
"old",1824,"RF_vol",-0.215407058462004,"W/m2"
"old",1825,"RF_vol",-0.0751806130226346,"W/m2"
"old",1826,"RF_vol",-0.025371718967374,"W/m2"
"old",1827,"RF_vol",-0.0085174193230107,"W/m2"
"old",1828,"RF_vol",-0.0028502865697165,"W/m2"
"old",1829,"RF_vol",-0.00094638051035828,"W/m2"
"old",1830,"RF_vol",-0.000306826900811158,"W/m2"
"old",1831,"RF_vol",-2.43048627551084,"W/m2"
"old",1832,"RF_vol",-1.68451388507948,"W/m2"
"old",1833,"RF_vol",-0.605230218072348,"W/m2"
"old",1834,"RF_vol",-0.205082855943102,"W/m2"
"old",1835,"RF_vol",-1.84910820408172,"W/m2"
"old",1836,"RF_vol",-1.2534709538171,"W/m2"
"old",1837,"RF_vol",-0.449804794995808,"W/m2"
"old",1838,"RF_vol",-0.152390654959018,"W/m2"
"old",1839,"RF_vol",-0.0512380397931825,"W/m2"
"old",1840,"RF_vol",-0.017203043438413,"W/m2"
"old",1841,"RF_vol",-0.00576773854266682,"W/m2"
"old",1842,"RF_vol",-0.00192637783861088,"W/m2"
"old",1843,"RF_vol",-0.000636014877150676,"W/m2"
"old",1844,"RF_vol",-0.000202574227608138,"W/m2"
"old",1845,"RF_vol",-5.6968822823078e-05,"W/m2"
"old",1846,"RF_vol",-0.182210112044952,"W/m2"
"old",1847,"RF_vol",-0.1258841659675,"W/m2"
"old",1848,"RF_vol",-0.045215685087194,"W/m2"
"old",1849,"RF_vol",-0.0153110967017719,"W/m2"
"old",1850,"RF_vol",-0.00499969905560968,"W/m2"
"old",1851,"RF_vol",-0.00143287545636939,"W/m2"
"old",1852,"RF_vol",-0.0062053346150443,"W/m2"
"old",1853,"RF_vol",-0.169858419916944,"W/m2"
"old",1854,"RF_vol",-0.199858286114419,"W/m2"
"old",1855,"RF_vol",-0.072797079545517,"W/m2"
"old",1856,"RF_vol",-0.0634900626733449,"W/m2"
"old",1857,"RF_vol",-0.230569005548255,"W/m2"
"old",1858,"RF_vol",-0.0994578483317172,"W/m2"
"old",1859,"RF_vol",-0.0322422448311767,"W/m2"
"old",1860,"RF_vol",-0.00897630041840589,"W/m2"
"old",1861,"RF_vol",-0.0695094507713917,"W/m2"
"old",1862,"RF_vol",-0.809545505338639,"W/m2"
"old",1863,"RF_vol",-0.444318582893596,"W/m2"
"old",1864,"RF_vol",-0.147745827697111,"W/m2"
"old",1865,"RF_vol",-0.0428168060161352,"W/m2"
"old",1866,"RF_vol",-0.0113352001909404,"W/m2"
"old",1867,"RF_vol",-0.00107649894504869,"W/m2"
"old",1868,"RF_vol",0.00240299208350864,"W/m2"
"old",1869,"RF_vol",0.00366669087653596,"W/m2"
"old",1870,"RF_vol",0.00420516622707764,"W/m2"
"old",1871,"RF_vol",0.0045047227134207,"W/m2"
"old",1872,"RF_vol",0.00308864158212752,"W/m2"
"old",1873,"RF_vol",-0.201575704716424,"W/m2"
"old",1874,"RF_vol",-0.0843700087014558,"W/m2"
"old",1875,"RF_vol",-0.0667593425240664,"W/m2"
"old",1876,"RF_vol",-0.0556383505710928,"W/m2"
"old",1877,"RF_vol",-0.016138427303577,"W/m2"
"old",1878,"RF_vol",-0.00133493148173286,"W/m2"
"old",1879,"RF_vol",0.00291362997086778,"W/m2"
"old",1880,"RF_vol",-0.0333586443773873,"W/m2"
"old",1881,"RF_vol",-0.037703155513878,"W/m2"
"old",1882,"RF_vol",0.00169052749837256,"W/m2"
"old",1883,"RF_vol",-0.510339727737657,"W/m2"
"old",1884,"RF_vol",-2.00080753491768,"W/m2"
"old",1885,"RF_vol",-0.82776538784873,"W/m2"
"old",1886,"RF_vol",-0.270991056185941,"W/m2"
"old",1887,"RF_vol",-0.210765149043912,"W/m2"
"old",1888,"RF_vol",-0.0507383716265809,"W/m2"
"old",1889,"RF_vol",7.32350841404494e-05,"W/m2"
"old",1890,"RF_vol",-0.115444086969129,"W/m2"
"old",1891,"RF_vol",-0.288059431641444,"W/m2"
"old",1892,"RF_vol",-0.108114818204479,"W/m2"
"old",1893,"RF_vol",0.000669928269569159,"W/m2"
"old",1894,"RF_vol",0.00709732491666151,"W/m2"
"old",1895,"RF_vol",0.00734537060948526,"W/m2"
"old",1896,"RF_vol",0.00743778726117952,"W/m2"
"old",1897,"RF_vol",0.00747873774555652,"W/m2"
"old",1898,"RF_vol",0.00749870777747991,"W/m2"
"old",1899,"RF_vol",0.00750636544519395,"W/m2"
"old",1900,"RF_vol",0.0075040029803691,"W/m2"
"old",1901,"RF_vol",0.00741601033732514,"W/m2"
"old",1902,"RF_vol",-0.0951482341937699,"W/m2"
"old",1903,"RF_vol",-0.894473148191904,"W/m2"
"old",1904,"RF_vol",-0.450054513903891,"W/m2"
"old",1905,"RF_vol",-0.108162549472039,"W/m2"
"old",1906,"RF_vol",-0.0108052455201723,"W/m2"
"old",1907,"RF_vol",-0.123714054616725,"W/m2"
"old",1908,"RF_vol",-0.0599714635485761,"W/m2"
"old",1909,"RF_vol",0.00603187732994775,"W/m2"
"old",1910,"RF_vol",0.0058445169976003,"W/m2"
"old",1911,"RF_vol",0.00565394779332204,"W/m2"
"old",1912,"RF_vol",-0.434054120824298,"W/m2"
"old",1913,"RF_vol",-0.495177366452848,"W/m2"
"old",1914,"RF_vol",-0.165347228905743,"W/m2"
"old",1915,"RF_vol",-0.0216081349957712,"W/m2"
"old",1916,"RF_vol",0.0034760834801964,"W/m2"
"old",1917,"RF_vol",0.00443751431666534,"W/m2"
"old",1918,"RF_vol",0.00423063811976684,"W/m2"
"old",1919,"RF_vol",0.00401442762594889,"W/m2"
"old",1920,"RF_vol",0.00379503270741771,"W/m2"
"old",1921,"RF_vol",0.00357243764810486,"W/m2"
"old",1922,"RF_vol",-0.0980410975484155,"W/m2"
"old",1923,"RF_vol",-0.0648078401885905,"W/m2"
"old",1924,"RF_vol",0.00288553684149156,"W/m2"
"old",1925,"RF_vol",0.00265006752815317,"W/m2"
"old",1926,"RF_vol",0.0024113875966541,"W/m2"
"old",1927,"RF_vol",0.00216941322796266,"W/m2"
"old",1928,"RF_vol",-0.0224771790984996,"W/m2"
"old",1929,"RF_vol",-0.177286237858792,"W/m2"
"old",1930,"RF_vol",-0.00583371593020637,"W/m2"
"old",1931,"RF_vol",0.00116961003877444,"W/m2"
"old",1932,"RF_vol",-0.143203053421897,"W/m2"
"old",1933,"RF_vol",-0.035374759262053,"W/m2"
"old",1934,"RF_vol",0.000385612567330135,"W/m2"
"old",1935,"RF_vol",0.000117860353926524,"W/m2"
"old",1936,"RF_vol",-0.000153156610762345,"W/m2"
"old",1937,"RF_vol",-0.000427416324240759,"W/m2"
"old",1938,"RF_vol",-0.000704937645790743,"W/m2"
"old",1939,"RF_vol",-0.000985763532666162,"W/m2"
"old",1940,"RF_vol",-0.00126984020098825,"W/m2"
"old",1941,"RF_vol",-0.00155708767343096,"W/m2"
"old",1942,"RF_vol",-0.0018475799901389,"W/m2"
"old",1943,"RF_vol",-0.00214129794258405,"W/m2"
"old",1944,"RF_vol",-0.00243829217143143,"W/m2"
"old",1945,"RF_vol",-0.00273854521438269,"W/m2"
"old",1946,"RF_vol",-0.00304207942317947,"W/m2"
"old",1947,"RF_vol",-0.00334885777774979,"W/m2"
"old",1948,"RF_vol",-0.00365887503940396,"W/m2"
"old",1949,"RF_vol",-0.00397217241916586,"W/m2"
"old",1950,"RF_vol",-0.00428871080148746,"W/m2"
"old",1951,"RF_vol",-0.00460855549536426,"W/m2"
"old",1952,"RF_vol",-0.00493166319429655,"W/m2"
"old",1953,"RF_vol",-0.00525799897368781,"W/m2"
"old",1954,"RF_vol",-0.00558762779328756,"W/m2"
"old",1955,"RF_vol",-0.00592050494961222,"W/m2"
"old",1956,"RF_vol",-0.00625666781198014,"W/m2"
"old",1957,"RF_vol",-0.00659615340046366,"W/m2"
"old",1958,"RF_vol",-0.00693892015479286,"W/m2"
"old",1959,"RF_vol",-0.00728491743430276,"W/m2"
"old",1960,"RF_vol",-0.007634209849497,"W/m2"
"old",1961,"RF_vol",-0.0109030829356961,"W/m2"
"old",1962,"RF_vol",-0.16686719624195,"W/m2"
"old",1963,"RF_vol",-0.90155964569058,"W/m2"
"old",1964,"RF_vol",-0.806046070213055,"W/m2"
"old",1965,"RF_vol",-0.478474993872082,"W/m2"
"old",1966,"RF_vol",-0.0688360218504422,"W/m2"
"old",1967,"RF_vol",-0.262083121257459,"W/m2"
"old",1968,"RF_vol",-0.184624681396966,"W/m2"
"old",1969,"RF_vol",-0.110886455661242,"W/m2"
"old",1970,"RF_vol",-0.10683559501413,"W/m2"
"old",1971,"RF_vol",-0.217879084552264,"W/m2"
"old",1972,"RF_vol",-0.136626020221596,"W/m2"
"old",1973,"RF_vol",-0.0305168435756095,"W/m2"
"old",1974,"RF_vol",-0.0829550129441522,"W/m2"
"old",1975,"RF_vol",-0.390714690702593,"W/m2"
"old",1976,"RF_vol",-0.142949742878413,"W/m2"
"old",1977,"RF_vol",-0.0572916608383857,"W/m2"
"old",1978,"RF_vol",-0.0350821257183306,"W/m2"
"old",1979,"RF_vol",-0.0384342436758779,"W/m2"
"old",1980,"RF_vol",-0.0765555171841733,"W/m2"
"old",1981,"RF_vol",-0.110008399615621,"W/m2"
"old",1982,"RF_vol",-0.34216151424553,"W/m2"
"old",1983,"RF_vol",-0.863340200538372,"W/m2"
"old",1984,"RF_vol",-0.414653509537315,"W/m2"
"old",1985,"RF_vol",-0.19746137471739,"W/m2"
"old",1986,"RF_vol",-0.18589225565884,"W/m2"
"old",1987,"RF_vol",-0.12357591805849,"W/m2"
"old",1988,"RF_vol",-0.0754977405616992,"W/m2"
"old",1989,"RF_vol",-0.0431302126111441,"W/m2"
"old",1990,"RF_vol",-0.0449503624426179,"W/m2"
"old",1991,"RF_vol",-0.600564251801556,"W/m2"
"old",1992,"RF_vol",-1.8693224225739,"W/m2"
"old",1993,"RF_vol",-1.0028300785074,"W/m2"
"old",1994,"RF_vol",-0.267130682392602,"W/m2"
"old",1995,"RF_vol",-0.100437953051736,"W/m2"
"old",1996,"RF_vol",-0.040053448554685,"W/m2"
"old",1997,"RF_vol",-0.0188431854207047,"W/m2"
"old",1998,"RF_vol",-0.0146530915830262,"W/m2"
"old",1999,"RF_vol",-0.0125038238788002,"W/m2"
"old",2000,"RF_vol",-0.0111632572101407,"W/m2"
"old",2001,"RF_vol",-0.0149026379534953,"W/m2"
"old",2002,"RF_vol",-0.00922341659534504,"W/m2"
"old",2003,"RF_vol",-0.0205956307785564,"W/m2"
"old",2004,"RF_vol",-0.0138423848278799,"W/m2"
"old",2005,"RF_vol",-0.0359378209417664,"W/m2"
"old",2006,"RF_vol",-0.0611915613139026,"W/m2"
"old",2007,"RF_vol",-0.064326285532301,"W/m2"
"old",2008,"RF_vol",-0.0524686397133373,"W/m2"
"old",2009,"RF_vol",-0.0790614617602877,"W/m2"
"old",2010,"RF_vol",-0.0477581190956735,"W/m2"
"old",2011,"RF_vol",-0.0766887608064317,"W/m2"
"old",2012,"RF_vol",-0.0470704929051899,"W/m2"
"old",2013,"RF_vol",-0.0280741310292833,"W/m2"
"old",2014,"RF_vol",-0.0459673108147435,"W/m2"
"old",2015,"RF_vol",-0.0599451471490812,"W/m2"
"old",2016,"RF_vol",-0.0739229834834189,"W/m2"
"old",2017,"RF_vol",-0.0879008198177566,"W/m2"
"old",2018,"RF_vol",-0.101878656152094,"W/m2"
"old",2019,"RF_vol",-0.115856492486432,"W/m2"
"old",2020,"RF_vol",-0.12983432882077,"W/m2"
"old",2021,"RF_vol",-0.143812165155107,"W/m2"
"old",2022,"RF_vol",-0.157790001489445,"W/m2"
"old",2023,"RF_vol",-0.171767837823783,"W/m2"
"old",1745,"RF_albedo",0,"W/m2"
"old",1746,"RF_albedo",0,"W/m2"
"old",1747,"RF_albedo",0,"W/m2"
"old",1748,"RF_albedo",0,"W/m2"
"old",1749,"RF_albedo",0,"W/m2"
"old",1750,"RF_albedo",0,"W/m2"
"old",1751,"RF_albedo",-0.000229457254754928,"W/m2"
"old",1752,"RF_albedo",-0.000458914509509855,"W/m2"
"old",1753,"RF_albedo",-0.000688371764264782,"W/m2"
"old",1754,"RF_albedo",-0.00091782901901971,"W/m2"
"old",1755,"RF_albedo",-0.00114728627377464,"W/m2"
"old",1756,"RF_albedo",-0.00137674352852957,"W/m2"
"old",1757,"RF_albedo",-0.00160620078328449,"W/m2"
"old",1758,"RF_albedo",-0.00183565803803942,"W/m2"
"old",1759,"RF_albedo",-0.00206511529279435,"W/m2"
"old",1760,"RF_albedo",-0.00229457254754928,"W/m2"
"old",1761,"RF_albedo",-0.0025240298023042,"W/m2"
"old",1762,"RF_albedo",-0.00275348705705913,"W/m2"
"old",1763,"RF_albedo",-0.00298294431181406,"W/m2"
"old",1764,"RF_albedo",-0.00321240156656899,"W/m2"
"old",1765,"RF_albedo",-0.00344185882132391,"W/m2"
"old",1766,"RF_albedo",-0.00367131607607884,"W/m2"
"old",1767,"RF_albedo",-0.00390077333083377,"W/m2"
"old",1768,"RF_albedo",-0.0041302305855887,"W/m2"
"old",1769,"RF_albedo",-0.00435968784034362,"W/m2"
"old",1770,"RF_albedo",-0.00458914509509855,"W/m2"
"old",1771,"RF_albedo",-0.00481860234985348,"W/m2"
"old",1772,"RF_albedo",-0.00504805960460841,"W/m2"
"old",1773,"RF_albedo",-0.00527751685936334,"W/m2"
"old",1774,"RF_albedo",-0.00550697411411826,"W/m2"
"old",1775,"RF_albedo",-0.00573643136887319,"W/m2"
"old",1776,"RF_albedo",-0.00596588862362812,"W/m2"
"old",1777,"RF_albedo",-0.00619534587838305,"W/m2"
"old",1778,"RF_albedo",-0.00642480313313797,"W/m2"
"old",1779,"RF_albedo",-0.0066542603878929,"W/m2"
"old",1780,"RF_albedo",-0.00688371764264783,"W/m2"
"old",1781,"RF_albedo",-0.00711317489740276,"W/m2"
"old",1782,"RF_albedo",-0.00734263215215768,"W/m2"
"old",1783,"RF_albedo",-0.00757208940691261,"W/m2"
"old",1784,"RF_albedo",-0.00780154666166754,"W/m2"
"old",1785,"RF_albedo",-0.00803100391642247,"W/m2"
"old",1786,"RF_albedo",-0.00826046117117739,"W/m2"
"old",1787,"RF_albedo",-0.00848991842593232,"W/m2"
"old",1788,"RF_albedo",-0.00871937568068725,"W/m2"
"old",1789,"RF_albedo",-0.00894883293544218,"W/m2"
"old",1790,"RF_albedo",-0.0091782901901971,"W/m2"
"old",1791,"RF_albedo",-0.00940774744495203,"W/m2"
"old",1792,"RF_albedo",-0.00963720469970696,"W/m2"
"old",1793,"RF_albedo",-0.00986666195446189,"W/m2"
"old",1794,"RF_albedo",-0.0100961192092168,"W/m2"
"old",1795,"RF_albedo",-0.0103255764639717,"W/m2"
"old",1796,"RF_albedo",-0.0105550337187267,"W/m2"
"old",1797,"RF_albedo",-0.0107844909734816,"W/m2"
"old",1798,"RF_albedo",-0.0110139482282365,"W/m2"
"old",1799,"RF_albedo",-0.0112434054829915,"W/m2"
"old",1800,"RF_albedo",-0.0114776766359763,"W/m2"
"old",1801,"RF_albedo",-0.011716461343221,"W/m2"
"old",1802,"RF_albedo",-0.0119552460504657,"W/m2"
"old",1803,"RF_albedo",-0.0121940307577103,"W/m2"
"old",1804,"RF_albedo",-0.012432815464955,"W/m2"
"old",1805,"RF_albedo",-0.0126716001721997,"W/m2"
"old",1806,"RF_albedo",-0.0129103848794443,"W/m2"
"old",1807,"RF_albedo",-0.013149169586689,"W/m2"
"old",1808,"RF_albedo",-0.0133879542939337,"W/m2"
"old",1809,"RF_albedo",-0.0136267390011783,"W/m2"
"old",1810,"RF_albedo",-0.013865523708423,"W/m2"
"old",1811,"RF_albedo",-0.0141043084156677,"W/m2"
"old",1812,"RF_albedo",-0.0143430931229124,"W/m2"
"old",1813,"RF_albedo",-0.014581877830157,"W/m2"
"old",1814,"RF_albedo",-0.0148206625374017,"W/m2"
"old",1815,"RF_albedo",-0.0150594472446464,"W/m2"
"old",1816,"RF_albedo",-0.0153834223002343,"W/m2"
"old",1817,"RF_albedo",-0.0157542645928816,"W/m2"
"old",1818,"RF_albedo",-0.0161251068855289,"W/m2"
"old",1819,"RF_albedo",-0.0164959491781762,"W/m2"
"old",1820,"RF_albedo",-0.0168667914708235,"W/m2"
"old",1821,"RF_albedo",-0.0172376337634708,"W/m2"
"old",1822,"RF_albedo",-0.0176084760561181,"W/m2"
"old",1823,"RF_albedo",-0.0179793183487654,"W/m2"
"old",1824,"RF_albedo",-0.0183549444979147,"W/m2"
"old",1825,"RF_albedo",-0.0187628709494922,"W/m2"
"old",1826,"RF_albedo",-0.0191707974010697,"W/m2"
"old",1827,"RF_albedo",-0.0195787238526472,"W/m2"
"old",1828,"RF_albedo",-0.0199866503042246,"W/m2"
"old",1829,"RF_albedo",-0.0203945767558021,"W/m2"
"old",1830,"RF_albedo",-0.0208025032073796,"W/m2"
"old",1831,"RF_albedo",-0.021210429658957,"W/m2"
"old",1832,"RF_albedo",-0.0216526839062495,"W/m2"
"old",1833,"RF_albedo",-0.0221492897577625,"W/m2"
"old",1834,"RF_albedo",-0.0226458956092754,"W/m2"
"old",1835,"RF_albedo",-0.0231425014607884,"W/m2"
"old",1836,"RF_albedo",-0.0236391073123013,"W/m2"
"old",1837,"RF_albedo",-0.0241357131638143,"W/m2"
"old",1838,"RF_albedo",-0.0246323190153272,"W/m2"
"old",1839,"RF_albedo",-0.0251289248668402,"W/m2"
"old",1840,"RF_albedo",-0.0256255307183531,"W/m2"
"old",1841,"RF_albedo",-0.0261450232024029,"W/m2"
"old",1842,"RF_albedo",-0.0266889252567197,"W/m2"
"old",1843,"RF_albedo",-0.0272328273110365,"W/m2"
"old",1844,"RF_albedo",-0.0277767293653533,"W/m2"
"old",1845,"RF_albedo",-0.0283206314196701,"W/m2"
"old",1846,"RF_albedo",-0.028864533473987,"W/m2"
"old",1847,"RF_albedo",-0.0294084355283038,"W/m2"
"old",1848,"RF_albedo",-0.0299523375826206,"W/m2"
"old",1849,"RF_albedo",-0.0305530115909365,"W/m2"
"old",1850,"RF_albedo",-0.0312568797032953,"W/m2"
"old",1851,"RF_albedo",-0.0319607478156542,"W/m2"
"old",1852,"RF_albedo",-0.032664615928013,"W/m2"
"old",1853,"RF_albedo",-0.0333684840403718,"W/m2"
"old",1854,"RF_albedo",-0.0340723521527306,"W/m2"
"old",1855,"RF_albedo",-0.0347762202650894,"W/m2"
"old",1856,"RF_albedo",-0.0354800883774483,"W/m2"
"old",1857,"RF_albedo",-0.0361839564898071,"W/m2"
"old",1858,"RF_albedo",-0.0368878246021659,"W/m2"
"old",1859,"RF_albedo",-0.0375916927145247,"W/m2"
"old",1860,"RF_albedo",-0.0382955608268836,"W/m2"
"old",1861,"RF_albedo",-0.0389994289392424,"W/m2"
"old",1862,"RF_albedo",-0.0397032970516012,"W/m2"
"old",1863,"RF_albedo",-0.04040716516396,"W/m2"
"old",1864,"RF_albedo",-0.0411110332763189,"W/m2"
"old",1865,"RF_albedo",-0.0418149013886777,"W/m2"
"old",1866,"RF_albedo",-0.0425187695010365,"W/m2"
"old",1867,"RF_albedo",-0.0432226376133953,"W/m2"
"old",1868,"RF_albedo",-0.0439265057257541,"W/m2"
"old",1869,"RF_albedo",-0.04497175592065,"W/m2"
"old",1870,"RF_albedo",-0.0462326187834362,"W/m2"
"old",1871,"RF_albedo",-0.0474934816462225,"W/m2"
"old",1872,"RF_albedo",-0.0487543445090087,"W/m2"
"old",1873,"RF_albedo",-0.050015207371795,"W/m2"
"old",1874,"RF_albedo",-0.0512760702345812,"W/m2"
"old",1875,"RF_albedo",-0.0525369330973675,"W/m2"
"old",1876,"RF_albedo",-0.0537977959601538,"W/m2"
"old",1877,"RF_albedo",-0.0550442998834931,"W/m2"
"old",1878,"RF_albedo",-0.0561568265949681,"W/m2"
"old",1879,"RF_albedo",-0.0572693533064431,"W/m2"
"old",1880,"RF_albedo",-0.0583818800179182,"W/m2"
"old",1881,"RF_albedo",-0.0594944067293932,"W/m2"
"old",1882,"RF_albedo",-0.0606069334408683,"W/m2"
"old",1883,"RF_albedo",-0.0617194601523433,"W/m2"
"old",1884,"RF_albedo",-0.0628319868638183,"W/m2"
"old",1885,"RF_albedo",-0.0639445135752934,"W/m2"
"old",1886,"RF_albedo",-0.0651937300448315,"W/m2"
"old",1887,"RF_albedo",-0.0665416446641129,"W/m2"
"old",1888,"RF_albedo",-0.0678895592833943,"W/m2"
"old",1889,"RF_albedo",-0.0692374739026757,"W/m2"
"old",1890,"RF_albedo",-0.070585388521957,"W/m2"
"old",1891,"RF_albedo",-0.0719333031412384,"W/m2"
"old",1892,"RF_albedo",-0.0732812177605198,"W/m2"
"old",1893,"RF_albedo",-0.0746291323798011,"W/m2"
"old",1894,"RF_albedo",-0.0759770469990825,"W/m2"
"old",1895,"RF_albedo",-0.0772803374714245,"W/m2"
"old",1896,"RF_albedo",-0.0785623764678251,"W/m2"
"old",1897,"RF_albedo",-0.0798444154642258,"W/m2"
"old",1898,"RF_albedo",-0.0811264544606264,"W/m2"
"old",1899,"RF_albedo",-0.082408493457027,"W/m2"
"old",1900,"RF_albedo",-0.0838596899566387,"W/m2"
"old",1901,"RF_albedo",-0.0857973781902918,"W/m2"
"old",1902,"RF_albedo",-0.0877350664239449,"W/m2"
"old",1903,"RF_albedo",-0.0896727546575979,"W/m2"
"old",1904,"RF_albedo",-0.091610442891251,"W/m2"
"old",1905,"RF_albedo",-0.0935481311249041,"W/m2"
"old",1906,"RF_albedo",-0.0954555110428776,"W/m2"
"old",1907,"RF_albedo",-0.0969240303031622,"W/m2"
"old",1908,"RF_albedo",-0.0983925495634467,"W/m2"
"old",1909,"RF_albedo",-0.0998610688237312,"W/m2"
"old",1910,"RF_albedo",-0.101265035426606,"W/m2"
"old",1911,"RF_albedo",-0.102400121539116,"W/m2"
"old",1912,"RF_albedo",-0.103535207651626,"W/m2"
"old",1913,"RF_albedo",-0.104670293764136,"W/m2"
"old",1914,"RF_albedo",-0.105805379876645,"W/m2"
"old",1915,"RF_albedo",-0.106940465989155,"W/m2"
"old",1916,"RF_albedo",-0.108075552101665,"W/m2"
"old",1917,"RF_albedo",-0.109210638214174,"W/m2"
"old",1918,"RF_albedo",-0.110345724326684,"W/m2"
"old",1919,"RF_albedo",-0.111519714818852,"W/m2"
"old",1920,"RF_albedo",-0.112788815329083,"W/m2"
"old",1921,"RF_albedo",-0.114057915839315,"W/m2"
"old",1922,"RF_albedo",-0.115327016349546,"W/m2"
"old",1923,"RF_albedo",-0.116596116859777,"W/m2"
"old",1924,"RF_albedo",-0.117865217370008,"W/m2"
"old",1925,"RF_albedo",-0.119134317880239,"W/m2"
"old",1926,"RF_albedo",-0.12040341839047,"W/m2"
"old",1927,"RF_albedo",-0.121672518900701,"W/m2"
"old",1928,"RF_albedo",-0.122941619410933,"W/m2"
"old",1929,"RF_albedo",-0.124210719921164,"W/m2"
"old",1930,"RF_albedo",-0.125479821569003,"W/m2"
"old",1931,"RF_albedo",-0.126748923435628,"W/m2"
"old",1932,"RF_albedo",-0.128018025302253,"W/m2"
"old",1933,"RF_albedo",-0.129287127168878,"W/m2"
"old",1934,"RF_albedo",-0.130556229035503,"W/m2"
"old",1935,"RF_albedo",-0.131825330902128,"W/m2"
"old",1936,"RF_albedo",-0.133094432768753,"W/m2"
"old",1937,"RF_albedo",-0.134363534635378,"W/m2"
"old",1938,"RF_albedo",-0.135632636502003,"W/m2"
"old",1939,"RF_albedo",-0.136901738368628,"W/m2"
"old",1940,"RF_albedo",-0.137936900080745,"W/m2"
"old",1941,"RF_albedo",-0.138601661584394,"W/m2"
"old",1942,"RF_albedo",-0.139266423088044,"W/m2"
"old",1943,"RF_albedo",-0.139931184591693,"W/m2"
"old",1944,"RF_albedo",-0.140595946095342,"W/m2"
"old",1945,"RF_albedo",-0.141260707598991,"W/m2"
"old",1946,"RF_albedo",-0.14192546910264,"W/m2"
"old",1947,"RF_albedo",-0.142590230606289,"W/m2"
"old",1948,"RF_albedo",-0.143254992109938,"W/m2"
"old",1949,"RF_albedo",-0.143919753613587,"W/m2"
"old",1950,"RF_albedo",-0.144584515117236,"W/m2"
"old",1951,"RF_albedo",-0.147107688730593,"W/m2"
"old",1952,"RF_albedo",-0.149759206819349,"W/m2"
"old",1953,"RF_albedo",-0.152410724908104,"W/m2"
"old",1954,"RF_albedo",-0.155062242996859,"W/m2"
"old",1955,"RF_albedo",-0.157713761085614,"W/m2"
"old",1956,"RF_albedo",-0.160365279174369,"W/m2"
"old",1957,"RF_albedo",-0.163016797263124,"W/m2"
"old",1958,"RF_albedo",-0.165668315351879,"W/m2"
"old",1959,"RF_albedo",-0.168319833440634,"W/m2"
"old",1960,"RF_albedo",-0.169716988151799,"W/m2"
"old",1961,"RF_albedo",-0.170424058282732,"W/m2"
"old",1962,"RF_albedo",-0.171131128413666,"W/m2"
"old",1963,"RF_albedo",-0.1718381985446,"W/m2"
"old",1964,"RF_albedo",-0.172545268675533,"W/m2"
"old",1965,"RF_albedo",-0.173252338806467,"W/m2"
"old",1966,"RF_albedo",-0.173959408937401,"W/m2"
"old",1967,"RF_albedo",-0.174666479068334,"W/m2"
"old",1968,"RF_albedo",-0.175373549199268,"W/m2"
"old",1969,"RF_albedo",-0.176080619330201,"W/m2"
"old",1970,"RF_albedo",-0.176787689461135,"W/m2"
"old",1971,"RF_albedo",-0.177492633142571,"W/m2"
"old",1972,"RF_albedo",-0.178133664469227,"W/m2"
"old",1973,"RF_albedo",-0.178774695795883,"W/m2"
"old",1974,"RF_albedo",-0.179415727122539,"W/m2"
"old",1975,"RF_albedo",-0.180056758449195,"W/m2"
"old",1976,"RF_albedo",-0.180697789775851,"W/m2"
"old",1977,"RF_albedo",-0.181338821102507,"W/m2"
"old",1978,"RF_albedo",-0.181979852429163,"W/m2"
"old",1979,"RF_albedo",-0.182620883755819,"W/m2"
"old",1980,"RF_albedo",-0.183261915082475,"W/m2"
"old",1981,"RF_albedo",-0.183902946409131,"W/m2"
"old",1982,"RF_albedo",-0.18456346194048,"W/m2"
"old",1983,"RF_albedo",-0.185305134820304,"W/m2"
"old",1984,"RF_albedo",-0.186046807700127,"W/m2"
"old",1985,"RF_albedo",-0.18678848057995,"W/m2"
"old",1986,"RF_albedo",-0.187530153459773,"W/m2"
"old",1987,"RF_albedo",-0.188271826339597,"W/m2"
"old",1988,"RF_albedo",-0.18901349921942,"W/m2"
"old",1989,"RF_albedo",-0.189755172099243,"W/m2"
"old",1990,"RF_albedo",-0.190496844979066,"W/m2"
"old",1991,"RF_albedo",-0.190962840929879,"W/m2"
"old",1992,"RF_albedo",-0.191297550525068,"W/m2"
"old",1993,"RF_albedo",-0.191632260120258,"W/m2"
"old",1994,"RF_albedo",-0.191966969715448,"W/m2"
"old",1995,"RF_albedo",-0.192301679310637,"W/m2"
"old",1996,"RF_albedo",-0.192636388905827,"W/m2"
"old",1997,"RF_albedo",-0.192971098501017,"W/m2"
"old",1998,"RF_albedo",-0.193305808096207,"W/m2"
"old",1999,"RF_albedo",-0.193640517691396,"W/m2"
"old",2000,"RF_albedo",-0.193975227286586,"W/m2"
"old",2001,"RF_albedo",-0.194309936881776,"W/m2"
"old",2002,"RF_albedo",-0.194644646476965,"W/m2"
"old",2003,"RF_albedo",-0.194979356072155,"W/m2"
"old",2004,"RF_albedo",-0.195314065667345,"W/m2"
"old",2005,"RF_albedo",-0.195648775262534,"W/m2"
"old",2006,"RF_albedo",-0.195983484857724,"W/m2"
"old",2007,"RF_albedo",-0.196318194452914,"W/m2"
"old",2008,"RF_albedo",-0.196652904048103,"W/m2"
"old",2009,"RF_albedo",-0.196987613643293,"W/m2"
"old",2010,"RF_albedo",-0.197322323238483,"W/m2"
"old",2011,"RF_albedo",-0.197657032833672,"W/m2"
"old",2012,"RF_albedo",-0.197991742428862,"W/m2"
"old",2013,"RF_albedo",-0.198326452024052,"W/m2"
"old",2014,"RF_albedo",-0.198661161619241,"W/m2"
"old",2015,"RF_albedo",-0.198995871214431,"W/m2"
"old",2016,"RF_albedo",-0.199330580809621,"W/m2"
"old",2017,"RF_albedo",-0.19966529040481,"W/m2"
"old",2018,"RF_albedo",-0.2,"W/m2"
"old",2019,"RF_albedo",-0.200955883263638,"W/m2"
"old",2020,"RF_albedo",-0.201896861616478,"W/m2"
"old",2021,"RF_albedo",-0.202826925933073,"W/m2"
"old",2022,"RF_albedo",-0.203746076213424,"W/m2"
"old",2023,"RF_albedo",-0.204654312457531,"W/m2"
"old",1745,"RF_misc",0,"W/m2"
"old",1746,"RF_misc",0,"W/m2"
"old",1747,"RF_misc",0,"W/m2"
"old",1748,"RF_misc",0,"W/m2"
"old",1749,"RF_misc",0,"W/m2"
"old",1750,"RF_misc",0,"W/m2"
"old",1751,"RF_misc",0,"W/m2"
"old",1752,"RF_misc",0,"W/m2"
"old",1753,"RF_misc",0,"W/m2"
"old",1754,"RF_misc",0,"W/m2"
"old",1755,"RF_misc",0,"W/m2"
"old",1756,"RF_misc",0,"W/m2"
"old",1757,"RF_misc",0,"W/m2"
"old",1758,"RF_misc",0,"W/m2"
"old",1759,"RF_misc",0,"W/m2"
"old",1760,"RF_misc",0,"W/m2"
"old",1761,"RF_misc",0,"W/m2"
"old",1762,"RF_misc",0,"W/m2"
"old",1763,"RF_misc",0,"W/m2"
"old",1764,"RF_misc",0,"W/m2"
"old",1765,"RF_misc",0,"W/m2"
"old",1766,"RF_misc",0,"W/m2"
"old",1767,"RF_misc",0,"W/m2"
"old",1768,"RF_misc",0,"W/m2"
"old",1769,"RF_misc",0,"W/m2"
"old",1770,"RF_misc",0,"W/m2"
"old",1771,"RF_misc",0,"W/m2"
"old",1772,"RF_misc",0,"W/m2"
"old",1773,"RF_misc",0,"W/m2"
"old",1774,"RF_misc",0,"W/m2"
"old",1775,"RF_misc",0,"W/m2"
"old",1776,"RF_misc",0,"W/m2"
"old",1777,"RF_misc",0,"W/m2"
"old",1778,"RF_misc",0,"W/m2"
"old",1779,"RF_misc",0,"W/m2"
"old",1780,"RF_misc",0,"W/m2"
"old",1781,"RF_misc",0,"W/m2"
"old",1782,"RF_misc",0,"W/m2"
"old",1783,"RF_misc",0,"W/m2"
"old",1784,"RF_misc",0,"W/m2"
"old",1785,"RF_misc",0,"W/m2"
"old",1786,"RF_misc",0,"W/m2"
"old",1787,"RF_misc",0,"W/m2"
"old",1788,"RF_misc",0,"W/m2"
"old",1789,"RF_misc",0,"W/m2"
"old",1790,"RF_misc",0,"W/m2"
"old",1791,"RF_misc",0,"W/m2"
"old",1792,"RF_misc",0,"W/m2"
"old",1793,"RF_misc",0,"W/m2"
"old",1794,"RF_misc",0,"W/m2"
"old",1795,"RF_misc",0,"W/m2"
"old",1796,"RF_misc",0,"W/m2"
"old",1797,"RF_misc",0,"W/m2"
"old",1798,"RF_misc",0,"W/m2"
"old",1799,"RF_misc",0,"W/m2"
"old",1800,"RF_misc",0,"W/m2"
"old",1801,"RF_misc",0,"W/m2"
"old",1802,"RF_misc",0,"W/m2"
"old",1803,"RF_misc",0,"W/m2"
"old",1804,"RF_misc",0,"W/m2"
"old",1805,"RF_misc",0,"W/m2"
"old",1806,"RF_misc",0,"W/m2"
"old",1807,"RF_misc",0,"W/m2"
"old",1808,"RF_misc",0,"W/m2"
"old",1809,"RF_misc",0,"W/m2"
"old",1810,"RF_misc",0,"W/m2"
"old",1811,"RF_misc",0,"W/m2"
"old",1812,"RF_misc",0,"W/m2"
"old",1813,"RF_misc",0,"W/m2"
"old",1814,"RF_misc",0,"W/m2"
"old",1815,"RF_misc",0,"W/m2"
"old",1816,"RF_misc",0,"W/m2"
"old",1817,"RF_misc",0,"W/m2"
"old",1818,"RF_misc",0,"W/m2"
"old",1819,"RF_misc",0,"W/m2"
"old",1820,"RF_misc",0,"W/m2"
"old",1821,"RF_misc",0,"W/m2"
"old",1822,"RF_misc",0,"W/m2"
"old",1823,"RF_misc",0,"W/m2"
"old",1824,"RF_misc",0,"W/m2"
"old",1825,"RF_misc",0,"W/m2"
"old",1826,"RF_misc",0,"W/m2"
"old",1827,"RF_misc",0,"W/m2"
"old",1828,"RF_misc",0,"W/m2"
"old",1829,"RF_misc",0,"W/m2"
"old",1830,"RF_misc",0,"W/m2"
"old",1831,"RF_misc",0,"W/m2"
"old",1832,"RF_misc",0,"W/m2"
"old",1833,"RF_misc",0,"W/m2"
"old",1834,"RF_misc",0,"W/m2"
"old",1835,"RF_misc",0,"W/m2"
"old",1836,"RF_misc",0,"W/m2"
"old",1837,"RF_misc",0,"W/m2"
"old",1838,"RF_misc",0,"W/m2"
"old",1839,"RF_misc",0,"W/m2"
"old",1840,"RF_misc",0,"W/m2"
"old",1841,"RF_misc",0,"W/m2"
"old",1842,"RF_misc",0,"W/m2"
"old",1843,"RF_misc",0,"W/m2"
"old",1844,"RF_misc",0,"W/m2"
"old",1845,"RF_misc",0,"W/m2"
"old",1846,"RF_misc",0,"W/m2"
"old",1847,"RF_misc",0,"W/m2"
"old",1848,"RF_misc",0,"W/m2"
"old",1849,"RF_misc",0,"W/m2"
"old",1850,"RF_misc",0,"W/m2"
"old",1851,"RF_misc",0,"W/m2"
"old",1852,"RF_misc",0,"W/m2"
"old",1853,"RF_misc",0,"W/m2"
"old",1854,"RF_misc",0,"W/m2"
"old",1855,"RF_misc",0,"W/m2"
"old",1856,"RF_misc",0,"W/m2"
"old",1857,"RF_misc",0,"W/m2"
"old",1858,"RF_misc",0,"W/m2"
"old",1859,"RF_misc",0,"W/m2"
"old",1860,"RF_misc",0,"W/m2"
"old",1861,"RF_misc",0,"W/m2"
"old",1862,"RF_misc",0,"W/m2"
"old",1863,"RF_misc",0,"W/m2"
"old",1864,"RF_misc",0,"W/m2"
"old",1865,"RF_misc",0,"W/m2"
"old",1866,"RF_misc",0,"W/m2"
"old",1867,"RF_misc",0,"W/m2"
"old",1868,"RF_misc",0,"W/m2"
"old",1869,"RF_misc",0,"W/m2"
"old",1870,"RF_misc",0,"W/m2"
"old",1871,"RF_misc",0,"W/m2"
"old",1872,"RF_misc",0,"W/m2"
"old",1873,"RF_misc",0,"W/m2"
"old",1874,"RF_misc",0,"W/m2"
"old",1875,"RF_misc",0,"W/m2"
"old",1876,"RF_misc",0,"W/m2"
"old",1877,"RF_misc",0,"W/m2"
"old",1878,"RF_misc",0,"W/m2"
"old",1879,"RF_misc",0,"W/m2"
"old",1880,"RF_misc",0,"W/m2"
"old",1881,"RF_misc",0,"W/m2"
"old",1882,"RF_misc",0,"W/m2"
"old",1883,"RF_misc",0,"W/m2"
"old",1884,"RF_misc",0,"W/m2"
"old",1885,"RF_misc",0,"W/m2"
"old",1886,"RF_misc",0,"W/m2"
"old",1887,"RF_misc",0,"W/m2"
"old",1888,"RF_misc",0,"W/m2"
"old",1889,"RF_misc",0,"W/m2"
"old",1890,"RF_misc",0,"W/m2"
"old",1891,"RF_misc",0,"W/m2"
"old",1892,"RF_misc",0,"W/m2"
"old",1893,"RF_misc",0,"W/m2"
"old",1894,"RF_misc",0,"W/m2"
"old",1895,"RF_misc",0,"W/m2"
"old",1896,"RF_misc",0,"W/m2"
"old",1897,"RF_misc",0,"W/m2"
"old",1898,"RF_misc",0,"W/m2"
"old",1899,"RF_misc",0,"W/m2"
"old",1900,"RF_misc",0,"W/m2"
"old",1901,"RF_misc",0,"W/m2"
"old",1902,"RF_misc",0,"W/m2"
"old",1903,"RF_misc",0,"W/m2"
"old",1904,"RF_misc",0,"W/m2"
"old",1905,"RF_misc",0,"W/m2"
"old",1906,"RF_misc",0,"W/m2"
"old",1907,"RF_misc",0,"W/m2"
"old",1908,"RF_misc",0,"W/m2"
"old",1909,"RF_misc",0,"W/m2"
"old",1910,"RF_misc",0,"W/m2"
"old",1911,"RF_misc",0,"W/m2"
"old",1912,"RF_misc",0,"W/m2"
"old",1913,"RF_misc",0,"W/m2"
"old",1914,"RF_misc",0,"W/m2"
"old",1915,"RF_misc",0,"W/m2"
"old",1916,"RF_misc",0,"W/m2"
"old",1917,"RF_misc",0,"W/m2"
"old",1918,"RF_misc",0,"W/m2"
"old",1919,"RF_misc",0,"W/m2"
"old",1920,"RF_misc",0,"W/m2"
"old",1921,"RF_misc",0,"W/m2"
"old",1922,"RF_misc",0,"W/m2"
"old",1923,"RF_misc",0,"W/m2"
"old",1924,"RF_misc",0,"W/m2"
"old",1925,"RF_misc",0,"W/m2"
"old",1926,"RF_misc",0,"W/m2"
"old",1927,"RF_misc",0,"W/m2"
"old",1928,"RF_misc",0,"W/m2"
"old",1929,"RF_misc",0,"W/m2"
"old",1930,"RF_misc",0,"W/m2"
"old",1931,"RF_misc",0,"W/m2"
"old",1932,"RF_misc",0,"W/m2"
"old",1933,"RF_misc",0,"W/m2"
"old",1934,"RF_misc",0,"W/m2"
"old",1935,"RF_misc",0,"W/m2"
"old",1936,"RF_misc",0,"W/m2"
"old",1937,"RF_misc",0,"W/m2"
"old",1938,"RF_misc",0,"W/m2"
"old",1939,"RF_misc",0,"W/m2"
"old",1940,"RF_misc",0,"W/m2"
"old",1941,"RF_misc",0,"W/m2"
"old",1942,"RF_misc",0,"W/m2"
"old",1943,"RF_misc",0,"W/m2"
"old",1944,"RF_misc",0,"W/m2"
"old",1945,"RF_misc",0,"W/m2"
"old",1946,"RF_misc",0,"W/m2"
"old",1947,"RF_misc",0,"W/m2"
"old",1948,"RF_misc",0,"W/m2"
"old",1949,"RF_misc",0,"W/m2"
"old",1950,"RF_misc",0,"W/m2"
"old",1951,"RF_misc",0,"W/m2"
"old",1952,"RF_misc",0,"W/m2"
"old",1953,"RF_misc",0,"W/m2"
"old",1954,"RF_misc",0,"W/m2"
"old",1955,"RF_misc",0,"W/m2"
"old",1956,"RF_misc",0,"W/m2"
"old",1957,"RF_misc",0,"W/m2"
"old",1958,"RF_misc",0,"W/m2"
"old",1959,"RF_misc",0,"W/m2"
"old",1960,"RF_misc",0,"W/m2"
"old",1961,"RF_misc",0,"W/m2"
"old",1962,"RF_misc",0,"W/m2"
"old",1963,"RF_misc",0,"W/m2"
"old",1964,"RF_misc",0,"W/m2"
"old",1965,"RF_misc",0,"W/m2"
"old",1966,"RF_misc",0,"W/m2"
"old",1967,"RF_misc",0,"W/m2"
"old",1968,"RF_misc",0,"W/m2"
"old",1969,"RF_misc",0,"W/m2"
"old",1970,"RF_misc",0,"W/m2"
"old",1971,"RF_misc",0,"W/m2"
"old",1972,"RF_misc",0,"W/m2"
"old",1973,"RF_misc",0,"W/m2"
"old",1974,"RF_misc",0,"W/m2"
"old",1975,"RF_misc",0,"W/m2"
"old",1976,"RF_misc",0,"W/m2"
"old",1977,"RF_misc",0,"W/m2"
"old",1978,"RF_misc",0,"W/m2"
"old",1979,"RF_misc",0,"W/m2"
"old",1980,"RF_misc",0,"W/m2"
"old",1981,"RF_misc",0,"W/m2"
"old",1982,"RF_misc",0,"W/m2"
"old",1983,"RF_misc",0,"W/m2"
"old",1984,"RF_misc",0,"W/m2"
"old",1985,"RF_misc",0,"W/m2"
"old",1986,"RF_misc",0,"W/m2"
"old",1987,"RF_misc",0,"W/m2"
"old",1988,"RF_misc",0,"W/m2"
"old",1989,"RF_misc",0,"W/m2"
"old",1990,"RF_misc",0,"W/m2"
"old",1991,"RF_misc",0,"W/m2"
"old",1992,"RF_misc",0,"W/m2"
"old",1993,"RF_misc",0,"W/m2"
"old",1994,"RF_misc",0,"W/m2"
"old",1995,"RF_misc",0,"W/m2"
"old",1996,"RF_misc",0,"W/m2"
"old",1997,"RF_misc",0,"W/m2"
"old",1998,"RF_misc",0,"W/m2"
"old",1999,"RF_misc",0,"W/m2"
"old",2000,"RF_misc",0,"W/m2"
"old",2001,"RF_misc",0,"W/m2"
"old",2002,"RF_misc",0,"W/m2"
"old",2003,"RF_misc",0,"W/m2"
"old",2004,"RF_misc",0,"W/m2"
"old",2005,"RF_misc",0,"W/m2"
"old",2006,"RF_misc",0,"W/m2"
"old",2007,"RF_misc",0,"W/m2"
"old",2008,"RF_misc",0,"W/m2"
"old",2009,"RF_misc",0,"W/m2"
"old",2010,"RF_misc",0,"W/m2"
"old",2011,"RF_misc",0,"W/m2"
"old",2012,"RF_misc",0,"W/m2"
"old",2013,"RF_misc",0,"W/m2"
"old",2014,"RF_misc",0,"W/m2"
"old",2015,"RF_misc",0,"W/m2"
"old",2016,"RF_misc",0,"W/m2"
"old",2017,"RF_misc",0,"W/m2"
"old",2018,"RF_misc",0,"W/m2"
"old",2019,"RF_misc",0,"W/m2"
"old",2020,"RF_misc",0,"W/m2"
"old",2021,"RF_misc",0,"W/m2"
"old",2022,"RF_misc",0,"W/m2"
"old",2023,"RF_misc",0,"W/m2"
"old",1745,"heatflux",0,"W/m2"
"old",1746,"heatflux",0,"W/m2"
"old",1747,"heatflux",0,"W/m2"
"old",1748,"heatflux",0,"W/m2"
"old",1749,"heatflux",0,"W/m2"
"old",1750,"heatflux",0,"W/m2"
"old",1751,"heatflux",0.00496952925251466,"W/m2"
"old",1752,"heatflux",0.0134153054409291,"W/m2"
"old",1753,"heatflux",0.0159099212112507,"W/m2"
"old",1754,"heatflux",0.011051464927396,"W/m2"
"old",1755,"heatflux",-0.00344024426041836,"W/m2"
"old",1756,"heatflux",-0.15019675932392,"W/m2"
"old",1757,"heatflux",-0.203323619206705,"W/m2"
"old",1758,"heatflux",-0.0664144141866919,"W/m2"
"old",1759,"heatflux",0.00731151573613762,"W/m2"
"old",1760,"heatflux",0.0276228598136054,"W/m2"
"old",1761,"heatflux",0.0335305758639726,"W/m2"
"old",1762,"heatflux",-0.518766394699781,"W/m2"
"old",1763,"heatflux",-0.876774891090667,"W/m2"
"old",1764,"heatflux",-0.409729821737297,"W/m2"
"old",1765,"heatflux",-0.0443864023115825,"W/m2"
"old",1766,"heatflux",-0.128541207467397,"W/m2"
"old",1767,"heatflux",-0.331268257842728,"W/m2"
"old",1768,"heatflux",-0.202575282637536,"W/m2"
"old",1769,"heatflux",0.0224410680036713,"W/m2"
"old",1770,"heatflux",0.0263835633479685,"W/m2"
"old",1771,"heatflux",-0.0022659076887673,"W/m2"
"old",1772,"heatflux",0.0690207643103465,"W/m2"
"old",1773,"heatflux",0.114223014810712,"W/m2"
"old",1774,"heatflux",0.113502203719415,"W/m2"
"old",1775,"heatflux",0.106075148293835,"W/m2"
"old",1776,"heatflux",0.105142194378686,"W/m2"
"old",1777,"heatflux",0.0972039538212936,"W/m2"
"old",1778,"heatflux",0.0860122086669174,"W/m2"
"old",1779,"heatflux",0.0808055579182576,"W/m2"
"old",1780,"heatflux",0.0737847382538823,"W/m2"
"old",1781,"heatflux",0.0683877071691757,"W/m2"
"old",1782,"heatflux",0.0687730176269718,"W/m2"
"old",1783,"heatflux",-1.03498158267974,"W/m2"
"old",1784,"heatflux",-3.23691156261776,"W/m2"
"old",1785,"heatflux",-2.91008721339132,"W/m2"
"old",1786,"heatflux",-0.912227515758127,"W/m2"
"old",1787,"heatflux",-0.0781408076849166,"W/m2"
"old",1788,"heatflux",0.26694179846,"W/m2"
"old",1789,"heatflux",0.380471863344767,"W/m2"
"old",1790,"heatflux",0.388706439634227,"W/m2"
"old",1791,"heatflux",0.364140664389751,"W/m2"
"old",1792,"heatflux",0.335606553868703,"W/m2"
"old",1793,"heatflux",0.303390889850557,"W/m2"
"old",1794,"heatflux",0.265295143942947,"W/m2"
"old",1795,"heatflux",0.237308693043904,"W/m2"
"old",1796,"heatflux",0.14382496886143,"W/m2"
"old",1797,"heatflux",-0.010003394224116,"W/m2"
"old",1798,"heatflux",-0.0172423983453161,"W/m2"
"old",1799,"heatflux",0.0928842603471333,"W/m2"
"old",1800,"heatflux",0.155643032414211,"W/m2"
"old",1801,"heatflux",0.172547075145527,"W/m2"
"old",1802,"heatflux",0.172839025267899,"W/m2"
"old",1803,"heatflux",0.167685182902795,"W/m2"
"old",1804,"heatflux",0.165787988741834,"W/m2"
"old",1805,"heatflux",0.155198666383831,"W/m2"
"old",1806,"heatflux",0.144976732651243,"W/m2"
"old",1807,"heatflux",0.139597835697262,"W/m2"
"old",1808,"heatflux",0.126345298848818,"W/m2"
"old",1809,"heatflux",-2.06501787871247,"W/m2"
"old",1810,"heatflux",-3.49922551028419,"W/m2"
"old",1811,"heatflux",-1.69830888328574,"W/m2"
"old",1812,"heatflux",-0.219863596350442,"W/m2"
"old",1813,"heatflux",0.299919211981645,"W/m2"
"old",1814,"heatflux",0.428533864688152,"W/m2"
"old",1815,"heatflux",-1.72819516595375,"W/m2"
"old",1816,"heatflux",-4.42324942790209,"W/m2"
"old",1817,"heatflux",-3.11771356714184,"W/m2"
"old",1818,"heatflux",-0.536673939797673,"W/m2"
"old",1819,"heatflux",0.440091842485059,"W/m2"
"old",1820,"heatflux",0.71034958765495,"W/m2"
"old",1821,"heatflux",0.672557684064435,"W/m2"
"old",1822,"heatflux",0.561131289502733,"W/m2"
"old",1823,"heatflux",0.292477562606106,"W/m2"
"old",1824,"heatflux",0.193240457983873,"W/m2"
"old",1825,"heatflux",0.390353326942896,"W/m2"
"old",1826,"heatflux",0.471557731891128,"W/m2"
"old",1827,"heatflux",0.477087738409436,"W/m2"
"old",1828,"heatflux",0.446479625627891,"W/m2"
"old",1829,"heatflux",0.415440904670964,"W/m2"
"old",1830,"heatflux",0.390903469872961,"W/m2"
"old",1831,"heatflux",-1.12261562362996,"W/m2"
"old",1832,"heatflux",-2.09921591948393,"W/m2"
"old",1833,"heatflux",-0.879250926809873,"W/m2"
"old",1834,"heatflux",0.0905603403090987,"W/m2"
"old",1835,"heatflux",-0.668182182779668,"W/m2"
"old",1836,"heatflux",-1.28634754609636,"W/m2"
"old",1837,"heatflux",-0.383565700678629,"W/m2"
"old",1838,"heatflux",0.312500793202651,"W/m2"
"old",1839,"heatflux",0.5365058533264,"W/m2"
"old",1840,"heatflux",0.576642070211948,"W/m2"
"old",1841,"heatflux",0.55537481470712,"W/m2"
"old",1842,"heatflux",0.521214519451477,"W/m2"
"old",1843,"heatflux",0.491269179847874,"W/m2"
"old",1844,"heatflux",0.465854395272322,"W/m2"
"old",1845,"heatflux",0.434475309673429,"W/m2"
"old",1846,"heatflux",0.297130997576208,"W/m2"
"old",1847,"heatflux",0.205437109885919,"W/m2"
"old",1848,"heatflux",0.272790588870839,"W/m2"
"old",1849,"heatflux",0.330671206353808,"W/m2"
"old",1850,"heatflux",0.346546281279383,"W/m2"
"old",1851,"heatflux",0.348601262451054,"W/m2"
"old",1852,"heatflux",0.345806093522757,"W/m2"
"old",1853,"heatflux",0.232873784043289,"W/m2"
"old",1854,"heatflux",0.0987929500447365,"W/m2"
"old",1855,"heatflux",0.157329284600518,"W/m2"
"old",1856,"heatflux",0.247463811704767,"W/m2"
"old",1857,"heatflux",0.145924872033019,"W/m2"
"old",1858,"heatflux",0.121501500293537,"W/m2"
"old",1859,"heatflux",0.242824467517037,"W/m2"
"old",1860,"heatflux",0.293258586237267,"W/m2"
"old",1861,"heatflux",0.263887820586833,"W/m2"
"old",1862,"heatflux",-0.232175650586631,"W/m2"
"old",1863,"heatflux",-0.44182203557692,"W/m2"
"old",1864,"heatflux",-0.00322758910576683,"W/m2"
"old",1865,"heatflux",0.253153146397094,"W/m2"
"old",1866,"heatflux",0.331185287525393,"W/m2"
"old",1867,"heatflux",0.343866851652807,"W/m2"
"old",1868,"heatflux",0.328396432561306,"W/m2"
"old",1869,"heatflux",0.316452729823061,"W/m2"
"old",1870,"heatflux",0.305700589954418,"W/m2"
"old",1871,"heatflux",0.297509701784797,"W/m2"
"old",1872,"heatflux",0.29528079329437,"W/m2"
"old",1873,"heatflux",0.156403738911079,"W/m2"
"old",1874,"heatflux",0.094334821870203,"W/m2"
"old",1875,"heatflux",0.184503115445837,"W/m2"
"old",1876,"heatflux",0.20631465307418,"W/m2"
"old",1877,"heatflux",0.233798364429316,"W/m2"
"old",1878,"heatflux",0.264647968997573,"W/m2"
"old",1879,"heatflux",0.266978446631554,"W/m2"
"old",1880,"heatflux",0.234953820800878,"W/m2"
"old",1881,"heatflux",0.205163344661162,"W/m2"
"old",1882,"heatflux",0.226008890263369,"W/m2"
"old",1883,"heatflux",-0.0636280828061925,"W/m2"
"old",1884,"heatflux",-1.28162046987622,"W/m2"
"old",1885,"heatflux",-1.41102218983063,"W/m2"
"old",1886,"heatflux",-0.266470421557436,"W/m2"
"old",1887,"heatflux",0.153649820244676,"W/m2"
"old",1888,"heatflux",0.277405967770796,"W/m2"
"old",1889,"heatflux",0.384932033271636,"W/m2"
"old",1890,"heatflux",0.319022273092599,"W/m2"
"old",1891,"heatflux",0.118715220861709,"W/m2"
"old",1892,"heatflux",0.120279750421278,"W/m2"
"old",1893,"heatflux",0.293917627141457,"W/m2"
"old",1894,"heatflux",0.346134591962206,"W/m2"
"old",1895,"heatflux",0.32910918002432,"W/m2"
"old",1896,"heatflux",0.317459640764517,"W/m2"
"old",1897,"heatflux",0.301613427654454,"W/m2"
"old",1898,"heatflux",0.284422138275786,"W/m2"
"old",1899,"heatflux",0.262276978870782,"W/m2"
"old",1900,"heatflux",0.241603475537848,"W/m2"
"old",1901,"heatflux",0.235350751263611,"W/m2"
"old",1902,"heatflux",0.169307987623373,"W/m2"
"old",1903,"heatflux",-0.391072470240701,"W/m2"
"old",1904,"heatflux",-0.593401273325189,"W/m2"
"old",1905,"heatflux",-0.0850611234990302,"W/m2"
"old",1906,"heatflux",0.197822340575502,"W/m2"
"old",1907,"heatflux",0.169007634474479,"W/m2"
"old",1908,"heatflux",0.126677450647763,"W/m2"
"old",1909,"heatflux",0.209182477934192,"W/m2"
"old",1910,"heatflux",0.231631757386482,"W/m2"
"old",1911,"heatflux",0.223314188205265,"W/m2"
"old",1912,"heatflux",-0.0482354383179213,"W/m2"
"old",1913,"heatflux",-0.363165014961977,"W/m2"
"old",1914,"heatflux",-0.173562753985271,"W/m2"
"old",1915,"heatflux",0.158311739072701,"W/m2"
"old",1916,"heatflux",0.260408089306956,"W/m2"
"old",1917,"heatflux",0.248340397504577,"W/m2"
"old",1918,"heatflux",0.234650228053394,"W/m2"
"old",1919,"heatflux",0.261486859238904,"W/m2"
"old",1920,"heatflux",0.268489010256571,"W/m2"
"old",1921,"heatflux",0.28221043554271,"W/m2"
"old",1922,"heatflux",0.24563257646088,"W/m2"
"old",1923,"heatflux",0.158668247259017,"W/m2"
"old",1924,"heatflux",0.193341481507435,"W/m2"
"old",1925,"heatflux",0.243667280243255,"W/m2"
"old",1926,"heatflux",0.243298444234771,"W/m2"
"old",1927,"heatflux",0.22847477007565,"W/m2"
"old",1928,"heatflux",0.200574740023801,"W/m2"
"old",1929,"heatflux",0.0767711752868585,"W/m2"
"old",1930,"heatflux",0.0923547876854818,"W/m2"
"old",1931,"heatflux",0.261683789490087,"W/m2"
"old",1932,"heatflux",0.241154048508461,"W/m2"
"old",1933,"heatflux",0.233166921766476,"W/m2"
"old",1934,"heatflux",0.288286920249473,"W/m2"
"old",1935,"heatflux",0.272024459275543,"W/m2"
"old",1936,"heatflux",0.237585827244372,"W/m2"
"old",1937,"heatflux",0.204848452844673,"W/m2"
"old",1938,"heatflux",0.218100696923979,"W/m2"
"old",1939,"heatflux",0.224939180556892,"W/m2"
"old",1940,"heatflux",0.189705544020189,"W/m2"
"old",1941,"heatflux",0.169371784625068,"W/m2"
"old",1942,"heatflux",0.158775493478594,"W/m2"
"old",1943,"heatflux",0.157522185037986,"W/m2"
"old",1944,"heatflux",0.174117426319781,"W/m2"
"old",1945,"heatflux",0.228332778946234,"W/m2"
"old",1946,"heatflux",0.280431202177862,"W/m2"
"old",1947,"heatflux",0.262537638016093,"W/m2"
"old",1948,"heatflux",0.225654705818326,"W/m2"
"old",1949,"heatflux",0.226036147824247,"W/m2"
"old",1950,"heatflux",0.204866727624563,"W/m2"
"old",1951,"heatflux",0.182817957521745,"W/m2"
"old",1952,"heatflux",0.191415565210385,"W/m2"
"old",1953,"heatflux",0.191136905133996,"W/m2"
"old",1954,"heatflux",0.200452005120775,"W/m2"
"old",1955,"heatflux",0.192749088044043,"W/m2"
"old",1956,"heatflux",0.156108882571008,"W/m2"
"old",1957,"heatflux",0.127633656947051,"W/m2"
"old",1958,"heatflux",0.14394080321946,"W/m2"
"old",1959,"heatflux",0.167281797442336,"W/m2"
"old",1960,"heatflux",0.167575864560132,"W/m2"
"old",1961,"heatflux",0.110795627092737,"W/m2"
"old",1962,"heatflux",-0.0259014132914266,"W/m2"
"old",1963,"heatflux",-0.561002730065375,"W/m2"
"old",1964,"heatflux",-0.91283229526109,"W/m2"
"old",1965,"heatflux",-0.577378922800528,"W/m2"
"old",1966,"heatflux",-0.0638693376259003,"W/m2"
"old",1967,"heatflux",0.116358880058093,"W/m2"
"old",1968,"heatflux",0.0741933013184623,"W/m2"
"old",1969,"heatflux",0.185731789887115,"W/m2"
"old",1970,"heatflux",0.231474820762022,"W/m2"
"old",1971,"heatflux",0.170943516682844,"W/m2"
"old",1972,"heatflux",0.165977069822131,"W/m2"
"old",1973,"heatflux",0.287206706544829,"W/m2"
"old",1974,"heatflux",0.361324001947064,"W/m2"
"old",1975,"heatflux",0.201953326238774,"W/m2"
"old",1976,"heatflux",0.190965493261138,"W/m2"
"old",1977,"heatflux",0.407312430529115,"W/m2"
"old",1978,"heatflux",0.513556072810046,"W/m2"
"old",1979,"heatflux",0.549723322475918,"W/m2"
"old",1980,"heatflux",0.543885541401597,"W/m2"
"old",1981,"heatflux",0.548343973912632,"W/m2"
"old",1982,"heatflux",0.422960526777528,"W/m2"
"old",1983,"heatflux",0.0175966695945873,"W/m2"
"old",1984,"heatflux",0.0531522797277174,"W/m2"
"old",1985,"heatflux",0.508463524745608,"W/m2"
"old",1986,"heatflux",0.69245755615842,"W/m2"
"old",1987,"heatflux",0.753165721507216,"W/m2"
"old",1988,"heatflux",0.830593208293981,"W/m2"
"old",1989,"heatflux",0.907218636976197,"W/m2"
"old",1990,"heatflux",0.941113844567654,"W/m2"
"old",1991,"heatflux",0.565521154976273,"W/m2"
"old",1992,"heatflux",-0.496918388847714,"W/m2"
"old",1993,"heatflux",-0.594000973759366,"W/m2"
"old",1994,"heatflux",0.456415665268896,"W/m2"
"old",1995,"heatflux",1.07818815436486,"W/m2"
"old",1996,"heatflux",1.27659611599931,"W/m2"
"old",1997,"heatflux",1.25287478967988,"W/m2"
"old",1998,"heatflux",1.20035537571209,"W/m2"
"old",1999,"heatflux",1.28910179607727,"W/m2"
"old",2000,"heatflux",1.36997547977407,"W/m2"
"old",2001,"heatflux",1.36640673644033,"W/m2"
"old",2002,"heatflux",1.30818045062712,"W/m2"
"old",2003,"heatflux",1.2324134116235,"W/m2"
"old",2004,"heatflux",1.2196091566908,"W/m2"
"old",2005,"heatflux",1.21218929380595,"W/m2"
"old",2006,"heatflux",1.16699574157435,"W/m2"
"old",2007,"heatflux",1.1827220523969,"W/m2"
"old",2008,"heatflux",1.26170307776045,"W/m2"
"old",2009,"heatflux",1.31570040892037,"W/m2"
"old",2010,"heatflux",1.35000886611939,"W/m2"
"old",2011,"heatflux",1.37364338529936,"W/m2"
"old",2012,"heatflux",1.38449545059649,"W/m2"
"old",2013,"heatflux",1.43864359496078,"W/m2"
"old",2014,"heatflux",1.46165661958901,"W/m2"
"old",2015,"heatflux",1.52383452729293,"W/m2"
"old",2016,"heatflux",1.62224685231332,"W/m2"
"old",2017,"heatflux",1.65065192398492,"W/m2"
"old",2018,"heatflux",1.67725116973927,"W/m2"
"old",2019,"heatflux",1.70341429782357,"W/m2"
"old",2020,"heatflux",1.72944184320145,"W/m2"
"old",2021,"heatflux",1.73648684529707,"W/m2"
"old",2022,"heatflux",1.72511506440828,"W/m2"
"old",2023,"heatflux",1.71509591317397,"W/m2"
"old",1745,"CO2_concentration",277.15,"ppmv CO2"
"old",1746,"CO2_concentration",277.186921051238,"ppmv CO2"
"old",1747,"CO2_concentration",277.220324776666,"ppmv CO2"
"old",1748,"CO2_concentration",277.251599276368,"ppmv CO2"
"old",1749,"CO2_concentration",277.281113854209,"ppmv CO2"
"old",1750,"CO2_concentration",277.309117699527,"ppmv CO2"
"old",1751,"CO2_concentration",277.335763879223,"ppmv CO2"
"old",1752,"CO2_concentration",277.362674174179,"ppmv CO2"
"old",1753,"CO2_concentration",277.389933629502,"ppmv CO2"
"old",1754,"CO2_concentration",277.416876558391,"ppmv CO2"
"old",1755,"CO2_concentration",277.442829607646,"ppmv CO2"
"old",1756,"CO2_concentration",277.466436534165,"ppmv CO2"
"old",1757,"CO2_concentration",277.466354702383,"ppmv CO2"
"old",1758,"CO2_concentration",277.471316176657,"ppmv CO2"
"old",1759,"CO2_concentration",277.48677957618,"ppmv CO2"
"old",1760,"CO2_concentration",277.5088593834,"ppmv CO2"
"old",1761,"CO2_concentration",277.533757648977,"ppmv CO2"
"old",1762,"CO2_concentration",277.560450491917,"ppmv CO2"
"old",1763,"CO2_concentration",277.495241580921,"ppmv CO2"
"old",1764,"CO2_concentration",277.429583458829,"ppmv CO2"
"old",1765,"CO2_concentration",277.408124690829,"ppmv CO2"
"old",1766,"CO2_concentration",277.417210836824,"ppmv CO2"
"old",1767,"CO2_concentration",277.409065123496,"ppmv CO2"
"old",1768,"CO2_concentration",277.390558597062,"ppmv CO2"
"old",1769,"CO2_concentration",277.394729075768,"ppmv CO2"
"old",1770,"CO2_concentration",277.418241395489,"ppmv CO2"
"old",1771,"CO2_concentration",277.438686732537,"ppmv CO2"
"old",1772,"CO2_concentration",277.464641766312,"ppmv CO2"
"old",1773,"CO2_concentration",277.499064668656,"ppmv CO2"
"old",1774,"CO2_concentration",277.538253547432,"ppmv CO2"
"old",1775,"CO2_concentration",277.578205211703,"ppmv CO2"
"old",1776,"CO2_concentration",277.619072886115,"ppmv CO2"
"old",1777,"CO2_concentration",277.660450666508,"ppmv CO2"
"old",1778,"CO2_concentration",277.70126603339,"ppmv CO2"
"old",1779,"CO2_concentration",277.74127320341,"ppmv CO2"
"old",1780,"CO2_concentration",277.781245457509,"ppmv CO2"
"old",1781,"CO2_concentration",277.820221640709,"ppmv CO2"
"old",1782,"CO2_concentration",277.859536779309,"ppmv CO2"
"old",1783,"CO2_concentration",277.898821775839,"ppmv CO2"
"old",1784,"CO2_concentration",277.755484026376,"ppmv CO2"
"old",1785,"CO2_concentration",277.367019772055,"ppmv CO2"
"old",1786,"CO2_concentration",277.11491168704,"ppmv CO2"
"old",1787,"CO2_concentration",277.009592481977,"ppmv CO2"
"old",1788,"CO2_concentration",277.003249221453,"ppmv CO2"
"old",1789,"CO2_concentration",277.051970304071,"ppmv CO2"
"old",1790,"CO2_concentration",277.126933030813,"ppmv CO2"
"old",1791,"CO2_concentration",277.211820766715,"ppmv CO2"
"old",1792,"CO2_concentration",277.300271066506,"ppmv CO2"
"old",1793,"CO2_concentration",277.389031108473,"ppmv CO2"
"old",1794,"CO2_concentration",277.476562715219,"ppmv CO2"
"old",1795,"CO2_concentration",277.561416196164,"ppmv CO2"
"old",1796,"CO2_concentration",277.645266277447,"ppmv CO2"
"old",1797,"CO2_concentration",277.716154315928,"ppmv CO2"
"old",1798,"CO2_concentration",277.77171350872,"ppmv CO2"
"old",1799,"CO2_concentration",277.831492297544,"ppmv CO2"
"old",1800,"CO2_concentration",277.902451661495,"ppmv CO2"
"old",1801,"CO2_concentration",277.980775766055,"ppmv CO2"
"old",1802,"CO2_concentration",278.063178296936,"ppmv CO2"
"old",1803,"CO2_concentration",278.148189801013,"ppmv CO2"
"old",1804,"CO2_concentration",278.233500386956,"ppmv CO2"
"old",1805,"CO2_concentration",278.319978360973,"ppmv CO2"
"old",1806,"CO2_concentration",278.406510812263,"ppmv CO2"
"old",1807,"CO2_concentration",278.490807846386,"ppmv CO2"
"old",1808,"CO2_concentration",278.573618531918,"ppmv CO2"
"old",1809,"CO2_concentration",278.653545042766,"ppmv CO2"
"old",1810,"CO2_concentration",278.373558655646,"ppmv CO2"
"old",1811,"CO2_concentration",278.091882584265,"ppmv CO2"
"old",1812,"CO2_concentration",277.96476380725,"ppmv CO2"
"old",1813,"CO2_concentration",277.970092441042,"ppmv CO2"
"old",1814,"CO2_concentration",278.051439607951,"ppmv CO2"
"old",1815,"CO2_concentration",278.169107696418,"ppmv CO2"
"old",1816,"CO2_concentration",277.976760750064,"ppmv CO2"
"old",1817,"CO2_concentration",277.56553652975,"ppmv CO2"
"old",1818,"CO2_concentration",277.341216277428,"ppmv CO2"
"old",1819,"CO2_concentration",277.325422887893,"ppmv CO2"
"old",1820,"CO2_concentration",277.436119026133,"ppmv CO2"
"old",1821,"CO2_concentration",277.608462152447,"ppmv CO2"
"old",1822,"CO2_concentration",277.797867114257,"ppmv CO2"
"old",1823,"CO2_concentration",277.992120939918,"ppmv CO2"
"old",1824,"CO2_concentration",278.156288457214,"ppmv CO2"
"old",1825,"CO2_concentration",278.329810561177,"ppmv CO2"
"old",1826,"CO2_concentration",278.521672492977,"ppmv CO2"
"old",1827,"CO2_concentration",278.726277633661,"ppmv CO2"
"old",1828,"CO2_concentration",278.937645181886,"ppmv CO2"
"old",1829,"CO2_concentration",279.150737319452,"ppmv CO2"
"old",1830,"CO2_concentration",279.364969946868,"ppmv CO2"
"old",1831,"CO2_concentration",279.582492128155,"ppmv CO2"
"old",1832,"CO2_concentration",279.573915894717,"ppmv CO2"
"old",1833,"CO2_concentration",279.540780607448,"ppmv CO2"
"old",1834,"CO2_concentration",279.614220389224,"ppmv CO2"
"old",1835,"CO2_concentration",279.776946710509,"ppmv CO2"
"old",1836,"CO2_concentration",279.825166430033,"ppmv CO2"
"old",1837,"CO2_concentration",279.880349114061,"ppmv CO2"
"old",1838,"CO2_concentration",280.022869864763,"ppmv CO2"
"old",1839,"CO2_concentration",280.234379488426,"ppmv CO2"
"old",1840,"CO2_concentration",280.483711123862,"ppmv CO2"
"old",1841,"CO2_concentration",280.750810854002,"ppmv CO2"
"old",1842,"CO2_concentration",281.024780511054,"ppmv CO2"
"old",1843,"CO2_concentration",281.301683910798,"ppmv CO2"
"old",1844,"CO2_concentration",281.579845514553,"ppmv CO2"
"old",1845,"CO2_concentration",281.859445785918,"ppmv CO2"
"old",1846,"CO2_concentration",282.13999055098,"ppmv CO2"
"old",1847,"CO2_concentration",282.403849030548,"ppmv CO2"
"old",1848,"CO2_concentration",282.667272251248,"ppmv CO2"
"old",1849,"CO2_concentration",282.938157450472,"ppmv CO2"
"old",1850,"CO2_concentration",283.217541873789,"ppmv CO2"
"old",1851,"CO2_concentration",283.502862277171,"ppmv CO2"
"old",1852,"CO2_concentration",283.784582971091,"ppmv CO2"
"old",1853,"CO2_concentration",284.091097762591,"ppmv CO2"
"old",1854,"CO2_concentration",284.368664295508,"ppmv CO2"
"old",1855,"CO2_concentration",284.628553708725,"ppmv CO2"
"old",1856,"CO2_concentration",284.887671764996,"ppmv CO2"
"old",1857,"CO2_concentration",285.148686280582,"ppmv CO2"
"old",1858,"CO2_concentration",285.389452306911,"ppmv CO2"
"old",1859,"CO2_concentration",285.631407727613,"ppmv CO2"
"old",1860,"CO2_concentration",285.881662111653,"ppmv CO2"
"old",1861,"CO2_concentration",286.135882371955,"ppmv CO2"
"old",1862,"CO2_concentration",286.386119842115,"ppmv CO2"
"old",1863,"CO2_concentration",286.52862780487,"ppmv CO2"
"old",1864,"CO2_concentration",286.675330498657,"ppmv CO2"
"old",1865,"CO2_concentration",286.857447867682,"ppmv CO2"
"old",1866,"CO2_concentration",287.062393112443,"ppmv CO2"
"old",1867,"CO2_concentration",287.276422437791,"ppmv CO2"
"old",1868,"CO2_concentration",287.492422081822,"ppmv CO2"
"old",1869,"CO2_concentration",287.704287826672,"ppmv CO2"
"old",1870,"CO2_concentration",287.914122703729,"ppmv CO2"
"old",1871,"CO2_concentration",288.119158850691,"ppmv CO2"
"old",1872,"CO2_concentration",288.33253689135,"ppmv CO2"
"old",1873,"CO2_concentration",288.589420905923,"ppmv CO2"
"old",1874,"CO2_concentration",288.817465417457,"ppmv CO2"
"old",1875,"CO2_concentration",289.037525370321,"ppmv CO2"
"old",1876,"CO2_concentration",289.261037355711,"ppmv CO2"
"old",1877,"CO2_concentration",289.481535321935,"ppmv CO2"
"old",1878,"CO2_concentration",289.702272848146,"ppmv CO2"
"old",1879,"CO2_concentration",289.920575519327,"ppmv CO2"
"old",1880,"CO2_concentration",290.139498594003,"ppmv CO2"
"old",1881,"CO2_concentration",290.360097945785,"ppmv CO2"
"old",1882,"CO2_concentration",290.589257179269,"ppmv CO2"
"old",1883,"CO2_concentration",290.79503505787,"ppmv CO2"
"old",1884,"CO2_concentration",290.952390530955,"ppmv CO2"
"old",1885,"CO2_concentration",290.935982804602,"ppmv CO2"
"old",1886,"CO2_concentration",290.975389652238,"ppmv CO2"
"old",1887,"CO2_concentration",291.102640693716,"ppmv CO2"
"old",1888,"CO2_concentration",291.274777383097,"ppmv CO2"
"old",1889,"CO2_concentration",291.485587749205,"ppmv CO2"
"old",1890,"CO2_concentration",291.709085322318,"ppmv CO2"
"old",1891,"CO2_concentration",291.932537673301,"ppmv CO2"
"old",1892,"CO2_concentration",292.13718631958,"ppmv CO2"
"old",1893,"CO2_concentration",292.355704926086,"ppmv CO2"
"old",1894,"CO2_concentration",292.584547382502,"ppmv CO2"
"old",1895,"CO2_concentration",292.828934771177,"ppmv CO2"
"old",1896,"CO2_concentration",293.082632475872,"ppmv CO2"
"old",1897,"CO2_concentration",293.338869526658,"ppmv CO2"
"old",1898,"CO2_concentration",293.599310634033,"ppmv CO2"
"old",1899,"CO2_concentration",293.865087857114,"ppmv CO2"
"old",1900,"CO2_concentration",294.141897561318,"ppmv CO2"
"old",1901,"CO2_concentration",294.423629721857,"ppmv CO2"
"old",1902,"CO2_concentration",294.73647514519,"ppmv CO2"
"old",1903,"CO2_concentration",295.039627291999,"ppmv CO2"
"old",1904,"CO2_concentration",295.287455976664,"ppmv CO2"
"old",1905,"CO2_concentration",295.552031481768,"ppmv CO2"
"old",1906,"CO2_concentration",295.886727853035,"ppmv CO2"
"old",1907,"CO2_concentration",296.256522341195,"ppmv CO2"
"old",1908,"CO2_concentration",296.64741094315,"ppmv CO2"
"old",1909,"CO2_concentration",297.020087454627,"ppmv CO2"
"old",1910,"CO2_concentration",297.401913037647,"ppmv CO2"
"old",1911,"CO2_concentration",297.789390360459,"ppmv CO2"
"old",1912,"CO2_concentration",298.143893434509,"ppmv CO2"
"old",1913,"CO2_concentration",298.442735442542,"ppmv CO2"
"old",1914,"CO2_concentration",298.724681452046,"ppmv CO2"
"old",1915,"CO2_concentration",298.983613549003,"ppmv CO2"
"old",1916,"CO2_concentration",299.254216217815,"ppmv CO2"
"old",1917,"CO2_concentration",299.557409488919,"ppmv CO2"
"old",1918,"CO2_concentration",299.868289112484,"ppmv CO2"
"old",1919,"CO2_concentration",300.167085127092,"ppmv CO2"
"old",1920,"CO2_concentration",300.416588350944,"ppmv CO2"
"old",1921,"CO2_concentration",300.717542049436,"ppmv CO2"
"old",1922,"CO2_concentration",300.985899993624,"ppmv CO2"
"old",1923,"CO2_concentration",301.258293674554,"ppmv CO2"
"old",1924,"CO2_concentration",301.573038655872,"ppmv CO2"
"old",1925,"CO2_concentration",301.890034517639,"ppmv CO2"
"old",1926,"CO2_concentration",302.207036362237,"ppmv CO2"
"old",1927,"CO2_concentration",302.512031680328,"ppmv CO2"
"old",1928,"CO2_concentration",302.870855714606,"ppmv CO2"
"old",1929,"CO2_concentration",303.216901866356,"ppmv CO2"
"old",1930,"CO2_concentration",303.581769900573,"ppmv CO2"
"old",1931,"CO2_concentration",303.943223928193,"ppmv CO2"
"old",1932,"CO2_concentration",304.263954780927,"ppmv CO2"
"old",1933,"CO2_concentration",304.48778683342,"ppmv CO2"
"old",1934,"CO2_concentration",304.738132910873,"ppmv CO2"
"old",1935,"CO2_concentration",305.016915143249,"ppmv CO2"
"old",1936,"CO2_concentration",305.309740497183,"ppmv CO2"
"old",1937,"CO2_concentration",305.640409580655,"ppmv CO2"
"old",1938,"CO2_concentration",305.983159266513,"ppmv CO2"
"old",1939,"CO2_concentration",306.28804951122,"ppmv CO2"
"old",1940,"CO2_concentration",306.616752742753,"ppmv CO2"
"old",1941,"CO2_concentration",306.97256521186,"ppmv CO2"
"old",1942,"CO2_concentration",307.318533798015,"ppmv CO2"
"old",1943,"CO2_concentration",307.66379507768,"ppmv CO2"
"old",1944,"CO2_concentration",308.017547857743,"ppmv CO2"
"old",1945,"CO2_concentration",308.359595934916,"ppmv CO2"
"old",1946,"CO2_concentration",308.607918312379,"ppmv CO2"
"old",1947,"CO2_concentration",308.951740489816,"ppmv CO2"
"old",1948,"CO2_concentration",309.366929417431,"ppmv CO2"
"old",1949,"CO2_concentration",309.809787814015,"ppmv CO2"
"old",1950,"CO2_concentration",310.230827527614,"ppmv CO2"
"old",1951,"CO2_concentration",310.723726107053,"ppmv CO2"
"old",1952,"CO2_concentration",311.352064469314,"ppmv CO2"
"old",1953,"CO2_concentration",311.980720082426,"ppmv CO2"
"old",1954,"CO2_concentration",312.609751623332,"ppmv CO2"
"old",1955,"CO2_concentration",313.266232529428,"ppmv CO2"
"old",1956,"CO2_concentration",314.001755735999,"ppmv CO2"
"old",1957,"CO2_concentration",314.800227554917,"ppmv CO2"
"old",1958,"CO2_concentration",315.620832497675,"ppmv CO2"
"old",1959,"CO2_concentration",316.47479961283,"ppmv CO2"
"old",1960,"CO2_concentration",317.336005381787,"ppmv CO2"
"old",1961,"CO2_concentration",318.219731102099,"ppmv CO2"
"old",1962,"CO2_concentration",319.105949885601,"ppmv CO2"
"old",1963,"CO2_concentration",319.992798964015,"ppmv CO2"
"old",1964,"CO2_concentration",320.843472162933,"ppmv CO2"
"old",1965,"CO2_concentration",321.713686350387,"ppmv CO2"
"old",1966,"CO2_concentration",322.666356759066,"ppmv CO2"
"old",1967,"CO2_concentration",323.716905322122,"ppmv CO2"
"old",1968,"CO2_concentration",324.81237367596,"ppmv CO2"
"old",1969,"CO2_concentration",325.953208897322,"ppmv CO2"
"old",1970,"CO2_concentration",327.171273376064,"ppmv CO2"
"old",1971,"CO2_concentration",328.464545133127,"ppmv CO2"
"old",1972,"CO2_concentration",329.733499184474,"ppmv CO2"
"old",1973,"CO2_concentration",331.021466536998,"ppmv CO2"
"old",1974,"CO2_concentration",332.403901003184,"ppmv CO2"
"old",1975,"CO2_concentration",333.721829951826,"ppmv CO2"
"old",1976,"CO2_concentration",334.976458492744,"ppmv CO2"
"old",1977,"CO2_concentration",336.341452220012,"ppmv CO2"
"old",1978,"CO2_concentration",337.775862135241,"ppmv CO2"
"old",1979,"CO2_concentration",339.255592334541,"ppmv CO2"
"old",1980,"CO2_concentration",340.744947169285,"ppmv CO2"
"old",1981,"CO2_concentration",342.154759184807,"ppmv CO2"
"old",1982,"CO2_concentration",343.488946412392,"ppmv CO2"
"old",1983,"CO2_concentration",344.747545437264,"ppmv CO2"
"old",1984,"CO2_concentration",346.003007232286,"ppmv CO2"
"old",1985,"CO2_concentration",347.325999065381,"ppmv CO2"
"old",1986,"CO2_concentration",348.703036965208,"ppmv CO2"
"old",1987,"CO2_concentration",350.130866050759,"ppmv CO2"
"old",1988,"CO2_concentration",351.604729688456,"ppmv CO2"
"old",1989,"CO2_concentration",353.145509066175,"ppmv CO2"
"old",1990,"CO2_concentration",354.705994791857,"ppmv CO2"
"old",1991,"CO2_concentration",356.188850372576,"ppmv CO2"
"old",1992,"CO2_concentration",357.670468458357,"ppmv CO2"
"old",1993,"CO2_concentration",358.937320254976,"ppmv CO2"
"old",1994,"CO2_concentration",360.139661676355,"ppmv CO2"
"old",1995,"CO2_concentration",361.455743453355,"ppmv CO2"
"old",1996,"CO2_concentration",362.891564452135,"ppmv CO2"
"old",1997,"CO2_concentration",364.409661312072,"ppmv CO2"
"old",1998,"CO2_concentration",366.298932420274,"ppmv CO2"
"old",1999,"CO2_concentration",367.922310930387,"ppmv CO2"
"old",2000,"CO2_concentration",369.50616463201,"ppmv CO2"
"old",2001,"CO2_concentration",371.175398890089,"ppmv CO2"
"old",2002,"CO2_concentration",372.77402656341,"ppmv CO2"
"old",2003,"CO2_concentration",374.482667442239,"ppmv CO2"
"old",2004,"CO2_concentration",376.252898961003,"ppmv CO2"
"old",2005,"CO2_concentration",378.250086750201,"ppmv CO2"
"old",2006,"CO2_concentration",380.346439567885,"ppmv CO2"
"old",2007,"CO2_concentration",382.567363253917,"ppmv CO2"
"old",2008,"CO2_concentration",384.863044590761,"ppmv CO2"
"old",2009,"CO2_concentration",387.03620023924,"ppmv CO2"
"old",2010,"CO2_concentration",389.170393879451,"ppmv CO2"
"old",2011,"CO2_concentration",391.536517484426,"ppmv CO2"
"old",2012,"CO2_concentration",394.0269283272,"ppmv CO2"
"old",2013,"CO2_concentration",396.582936159056,"ppmv CO2"
"old",2014,"CO2_concentration",399.228914533749,"ppmv CO2"
"old",2015,"CO2_concentration",401.958394039558,"ppmv CO2"
"old",2016,"CO2_concentration",404.623990136021,"ppmv CO2"
"old",2017,"CO2_concentration",407.308329809517,"ppmv CO2"
"old",2018,"CO2_concentration",410.028005624398,"ppmv CO2"
"old",2019,"CO2_concentration",412.776214114144,"ppmv CO2"
"old",2020,"CO2_concentration",415.551854062023,"ppmv CO2"
"old",2021,"CO2_concentration",418.354090151839,"ppmv CO2"
"old",2022,"CO2_concentration",421.176402155542,"ppmv CO2"
"old",2023,"CO2_concentration",424.016112778639,"ppmv CO2"
"old",1745,"RF_CH4",0,"W/m2"
"old",1746,"RF_CH4",0,"W/m2"
"old",1747,"RF_CH4",0,"W/m2"
"old",1748,"RF_CH4",0,"W/m2"
"old",1749,"RF_CH4",0,"W/m2"
"old",1750,"RF_CH4",0,"W/m2"
"old",1751,"RF_CH4",0.00193102554149568,"W/m2"
"old",1752,"RF_CH4",0.00360102963122299,"W/m2"
"old",1753,"RF_CH4",0.00515454932902421,"W/m2"
"old",1754,"RF_CH4",0.00667869214470127,"W/m2"
"old",1755,"RF_CH4",0.00798700377110117,"W/m2"
"old",1756,"RF_CH4",0.00910900686807099,"W/m2"
"old",1757,"RF_CH4",0.0103084380324924,"W/m2"
"old",1758,"RF_CH4",0.0113116158468542,"W/m2"
"old",1759,"RF_CH4",0.0122630619389155,"W/m2"
"old",1760,"RF_CH4",0.0132050363180349,"W/m2"
"old",1761,"RF_CH4",0.0140233001177211,"W/m2"
"old",1762,"RF_CH4",0.0147253473193005,"W/m2"
"old",1763,"RF_CH4",0.0153629182082688,"W/m2"
"old",1764,"RF_CH4",0.0157685455551314,"W/m2"
"old",1765,"RF_CH4",0.0163924649660915,"W/m2"
"old",1766,"RF_CH4",0.0168827811915403,"W/m2"
"old",1767,"RF_CH4",0.0173527560647932,"W/m2"
"old",1768,"RF_CH4",0.0180233089281745,"W/m2"
"old",1769,"RF_CH4",0.0185273390255616,"W/m2"
"old",1770,"RF_CH4",0.0190030361366534,"W/m2"
"old",1771,"RF_CH4",0.0193111932023226,"W/m2"
"old",1772,"RF_CH4",0.0195446256825427,"W/m2"
"old",1773,"RF_CH4",0.0198143970003292,"W/m2"
"old",1774,"RF_CH4",0.0203204034075925,"W/m2"
"old",1775,"RF_CH4",0.0207061445991577,"W/m2"
"old",1776,"RF_CH4",0.0210037627759357,"W/m2"
"old",1777,"RF_CH4",0.0214136440398081,"W/m2"
"old",1778,"RF_CH4",0.0218748891232263,"W/m2"
"old",1779,"RF_CH4",0.0222411490115697,"W/m2"
"old",1780,"RF_CH4",0.0227269377854029,"W/m2"
"old",1781,"RF_CH4",0.0231211857629527,"W/m2"
"old",1782,"RF_CH4",0.0234822169135084,"W/m2"
"old",1783,"RF_CH4",0.0237895828297846,"W/m2"
"old",1784,"RF_CH4",0.0239797443935655,"W/m2"
"old",1785,"RF_CH4",0.0243418153286621,"W/m2"
"old",1786,"RF_CH4",0.0246344593655072,"W/m2"
"old",1787,"RF_CH4",0.0250060950199786,"W/m2"
"old",1788,"RF_CH4",0.0255886266296272,"W/m2"
"old",1789,"RF_CH4",0.0260178966945344,"W/m2"
"old",1790,"RF_CH4",0.02645559194127,"W/m2"
"old",1791,"RF_CH4",0.0267341447789773,"W/m2"
"old",1792,"RF_CH4",0.0269584204220468,"W/m2"
"old",1793,"RF_CH4",0.0272110643931659,"W/m2"
"old",1794,"RF_CH4",0.0277159626743645,"W/m2"
"old",1795,"RF_CH4",0.028113960605793,"W/m2"
"old",1796,"RF_CH4",0.0284204368268614,"W/m2"
"old",1797,"RF_CH4",0.0288474416071762,"W/m2"
"old",1798,"RF_CH4",0.0293203691475472,"W/m2"
"old",1799,"RF_CH4",0.0297670841278476,"W/m2"
"old",1800,"RF_CH4",0.0302739060408857,"W/m2"
"old",1801,"RF_CH4",0.0307064656648845,"W/m2"
"old",1802,"RF_CH4",0.0311467330560541,"W/m2"
"old",1803,"RF_CH4",0.031490969154483,"W/m2"
"old",1804,"RF_CH4",0.03180357792551,"W/m2"
"old",1805,"RF_CH4",0.0322541039242987,"W/m2"
"old",1806,"RF_CH4",0.0326813382962032,"W/m2"
"old",1807,"RF_CH4",0.0331549724584006,"W/m2"
"old",1808,"RF_CH4",0.0338358593487787,"W/m2"
"old",1809,"RF_CH4",0.0343800042836306,"W/m2"
"old",1810,"RF_CH4",0.034940520746419,"W/m2"
"old",1811,"RF_CH4",0.0353782868336567,"W/m2"
"old",1812,"RF_CH4",0.0357243141643111,"W/m2"
"old",1813,"RF_CH4",0.0361355937709168,"W/m2"
"old",1814,"RF_CH4",0.0367828052228577,"W/m2"
"old",1815,"RF_CH4",0.0373352566520201,"W/m2"
"old",1816,"RF_CH4",0.0378460933851139,"W/m2"
"old",1817,"RF_CH4",0.0384054965381466,"W/m2"
"old",1818,"RF_CH4",0.0390560722873144,"W/m2"
"old",1819,"RF_CH4",0.0396456962127882,"W/m2"
"old",1820,"RF_CH4",0.0403258191250383,"W/m2"
"old",1821,"RF_CH4",0.0409493096328178,"W/m2"
"old",1822,"RF_CH4",0.0415469149284444,"W/m2"
"old",1823,"RF_CH4",0.0420340562971849,"W/m2"
"old",1824,"RF_CH4",0.0425236582653355,"W/m2"
"old",1825,"RF_CH4",0.0431110870795889,"W/m2"
"old",1826,"RF_CH4",0.0436625376986545,"W/m2"
"old",1827,"RF_CH4",0.0442650141984205,"W/m2"
"old",1828,"RF_CH4",0.0450955324812746,"W/m2"
"old",1829,"RF_CH4",0.0457884538491587,"W/m2"
"old",1830,"RF_CH4",0.0465053188896526,"W/m2"
"old",1831,"RF_CH4",0.0470655963111538,"W/m2"
"old",1832,"RF_CH4",0.0475788138823258,"W/m2"
"old",1833,"RF_CH4",0.0481495390945944,"W/m2"
"old",1834,"RF_CH4",0.04892650044435,"W/m2"
"old",1835,"RF_CH4",0.0495915382970135,"W/m2"
"old",1836,"RF_CH4",0.0502765799371226,"W/m2"
"old",1837,"RF_CH4",0.050997494659739,"W/m2"
"old",1838,"RF_CH4",0.051797955305249,"W/m2"
"old",1839,"RF_CH4",0.0525518062246651,"W/m2"
"old",1840,"RF_CH4",0.0533168590040713,"W/m2"
"old",1841,"RF_CH4",0.054123927650807,"W/m2"
"old",1842,"RF_CH4",0.0548729493776347,"W/m2"
"old",1843,"RF_CH4",0.0554826436598183,"W/m2"
"old",1844,"RF_CH4",0.0561013455744011,"W/m2"
"old",1845,"RF_CH4",0.0568467102783466,"W/m2"
"old",1846,"RF_CH4",0.0575509626981336,"W/m2"
"old",1847,"RF_CH4",0.0583664630409692,"W/m2"
"old",1848,"RF_CH4",0.0593581269842219,"W/m2"
"old",1849,"RF_CH4",0.060240628996359,"W/m2"
"old",1850,"RF_CH4",0.0611563416849533,"W/m2"
"old",1851,"RF_CH4",0.0618851545911592,"W/m2"
"old",1852,"RF_CH4",0.0625297872001503,"W/m2"
"old",1853,"RF_CH4",0.0632466136758364,"W/m2"
"old",1854,"RF_CH4",0.0641965269453824,"W/m2"
"old",1855,"RF_CH4",0.0650090387488342,"W/m2"
"old",1856,"RF_CH4",0.0658084326552542,"W/m2"
"old",1857,"RF_CH4",0.0667115661291156,"W/m2"
"old",1858,"RF_CH4",0.0676500487639727,"W/m2"
"old",1859,"RF_CH4",0.0685741414982179,"W/m2"
"old",1860,"RF_CH4",0.0694982720442495,"W/m2"
"old",1861,"RF_CH4",0.0704793049203993,"W/m2"
"old",1862,"RF_CH4",0.0715398898469514,"W/m2"
"old",1863,"RF_CH4",0.0725483026204588,"W/m2"
"old",1864,"RF_CH4",0.0736415313565516,"W/m2"
"old",1865,"RF_CH4",0.0749768043297037,"W/m2"
"old",1866,"RF_CH4",0.076287965243839,"W/m2"
"old",1867,"RF_CH4",0.0777566735629239,"W/m2"
"old",1868,"RF_CH4",0.0794283607511713,"W/m2"
"old",1869,"RF_CH4",0.0809582645358671,"W/m2"
"old",1870,"RF_CH4",0.0826145854153525,"W/m2"
"old",1871,"RF_CH4",0.0841218051902038,"W/m2"
"old",1872,"RF_CH4",0.0855225662174527,"W/m2"
"old",1873,"RF_CH4",0.0871611125806103,"W/m2"
"old",1874,"RF_CH4",0.0889415544515231,"W/m2"
"old",1875,"RF_CH4",0.090545416397927,"W/m2"
"old",1876,"RF_CH4",0.0922534654338208,"W/m2"
"old",1877,"RF_CH4",0.0939939167749809,"W/m2"
"old",1878,"RF_CH4",0.095777573840068,"W/m2"
"old",1879,"RF_CH4",0.0976601429441649,"W/m2"
"old",1880,"RF_CH4",0.0994604061583168,"W/m2"
"old",1881,"RF_CH4",0.101268483855326,"W/m2"
"old",1882,"RF_CH4",0.103031203186516,"W/m2"
"old",1883,"RF_CH4",0.104643116128693,"W/m2"
"old",1884,"RF_CH4",0.106388136782836,"W/m2"
"old",1885,"RF_CH4",0.108193001518893,"W/m2"
"old",1886,"RF_CH4",0.109977932206836,"W/m2"
"old",1887,"RF_CH4",0.111843320642212,"W/m2"
"old",1888,"RF_CH4",0.113842929833587,"W/m2"
"old",1889,"RF_CH4",0.115744057470865,"W/m2"
"old",1890,"RF_CH4",0.117700000963814,"W/m2"
"old",1891,"RF_CH4",0.119463371511669,"W/m2"
"old",1892,"RF_CH4",0.121164735374394,"W/m2"
"old",1893,"RF_CH4",0.122972461642101,"W/m2"
"old",1894,"RF_CH4",0.124998654183974,"W/m2"
"old",1895,"RF_CH4",0.126919853132472,"W/m2"
"old",1896,"RF_CH4",0.128727100230014,"W/m2"
"old",1897,"RF_CH4",0.13066551924569,"W/m2"
"old",1898,"RF_CH4",0.132560423295898,"W/m2"
"old",1899,"RF_CH4",0.134579313962532,"W/m2"
"old",1900,"RF_CH4",0.136525363858687,"W/m2"
"old",1901,"RF_CH4",0.138355642460093,"W/m2"
"old",1902,"RF_CH4",0.140134992649347,"W/m2"
"old",1903,"RF_CH4",0.141778158980474,"W/m2"
"old",1904,"RF_CH4",0.143622313684838,"W/m2"
"old",1905,"RF_CH4",0.145472930598869,"W/m2"
"old",1906,"RF_CH4",0.147262526692096,"W/m2"
"old",1907,"RF_CH4",0.149180052989894,"W/m2"
"old",1908,"RF_CH4",0.151134460377976,"W/m2"
"old",1909,"RF_CH4",0.152978074644241,"W/m2"
"old",1910,"RF_CH4",0.154947675032148,"W/m2"
"old",1911,"RF_CH4",0.156726143239153,"W/m2"
"old",1912,"RF_CH4",0.158414037663061,"W/m2"
"old",1913,"RF_CH4",0.160225522721242,"W/m2"
"old",1914,"RF_CH4",0.162246610346345,"W/m2"
"old",1915,"RF_CH4",0.164090080585333,"W/m2"
"old",1916,"RF_CH4",0.165882902791735,"W/m2"
"old",1917,"RF_CH4",0.167743150840253,"W/m2"
"old",1918,"RF_CH4",0.169668077054492,"W/m2"
"old",1919,"RF_CH4",0.171661621772172,"W/m2"
"old",1920,"RF_CH4",0.173606980073211,"W/m2"
"old",1921,"RF_CH4",0.175387601628858,"W/m2"
"old",1922,"RF_CH4",0.177042769717206,"W/m2"
"old",1923,"RF_CH4",0.178979009702571,"W/m2"
"old",1924,"RF_CH4",0.180659245784512,"W/m2"
"old",1925,"RF_CH4",0.182341757784199,"W/m2"
"old",1926,"RF_CH4",0.183959210435384,"W/m2"
"old",1927,"RF_CH4",0.185670701504902,"W/m2"
"old",1928,"RF_CH4",0.187393008007329,"W/m2"
"old",1929,"RF_CH4",0.189198180448844,"W/m2"
"old",1930,"RF_CH4",0.191247812829468,"W/m2"
"old",1931,"RF_CH4",0.192966275618003,"W/m2"
"old",1932,"RF_CH4",0.194876848632408,"W/m2"
"old",1933,"RF_CH4",0.196747573102349,"W/m2"
"old",1934,"RF_CH4",0.198802728209516,"W/m2"
"old",1935,"RF_CH4",0.200779192779304,"W/m2"
"old",1936,"RF_CH4",0.202905590445459,"W/m2"
"old",1937,"RF_CH4",0.204876328155741,"W/m2"
"old",1938,"RF_CH4",0.206728979882741,"W/m2"
"old",1939,"RF_CH4",0.20876632422632,"W/m2"
"old",1940,"RF_CH4",0.210549989945151,"W/m2"
"old",1941,"RF_CH4",0.21248434021513,"W/m2"
"old",1942,"RF_CH4",0.214710621630948,"W/m2"
"old",1943,"RF_CH4",0.216981251092015,"W/m2"
"old",1944,"RF_CH4",0.219448495654454,"W/m2"
"old",1945,"RF_CH4",0.222034696066059,"W/m2"
"old",1946,"RF_CH4",0.224600008021778,"W/m2"
"old",1947,"RF_CH4",0.227153823491921,"W/m2"
"old",1948,"RF_CH4",0.229933007347797,"W/m2"
"old",1949,"RF_CH4",0.233085609825951,"W/m2"
"old",1950,"RF_CH4",0.236216637016385,"W/m2"
"old",1951,"RF_CH4",0.239230663100037,"W/m2"
"old",1952,"RF_CH4",0.242945552932681,"W/m2"
"old",1953,"RF_CH4",0.24721747610444,"W/m2"
"old",1954,"RF_CH4",0.251845779069871,"W/m2"
"old",1955,"RF_CH4",0.256610299791052,"W/m2"
"old",1956,"RF_CH4",0.261992026078271,"W/m2"
"old",1957,"RF_CH4",0.267786481612022,"W/m2"
"old",1958,"RF_CH4",0.272985934907207,"W/m2"
"old",1959,"RF_CH4",0.278295007472748,"W/m2"
"old",1960,"RF_CH4",0.283692605632685,"W/m2"
"old",1961,"RF_CH4",0.290153041354867,"W/m2"
"old",1962,"RF_CH4",0.295824601682719,"W/m2"
"old",1963,"RF_CH4",0.302888269899939,"W/m2"
"old",1964,"RF_CH4",0.308376036117589,"W/m2"
"old",1965,"RF_CH4",0.314348883199664,"W/m2"
"old",1966,"RF_CH4",0.32012591997776,"W/m2"
"old",1967,"RF_CH4",0.32632074312422,"W/m2"
"old",1968,"RF_CH4",0.331913780538184,"W/m2"
"old",1969,"RF_CH4",0.337488339850109,"W/m2"
"old",1970,"RF_CH4",0.343262150379051,"W/m2"
"old",1971,"RF_CH4",0.349163555852249,"W/m2"
"old",1972,"RF_CH4",0.356077582384275,"W/m2"
"old",1973,"RF_CH4",0.36182424220379,"W/m2"
"old",1974,"RF_CH4",0.36717561018698,"W/m2"
"old",1975,"RF_CH4",0.372052041490376,"W/m2"
"old",1976,"RF_CH4",0.377525307483933,"W/m2"
"old",1977,"RF_CH4",0.382974437279188,"W/m2"
"old",1978,"RF_CH4",0.388142966865207,"W/m2"
"old",1979,"RF_CH4",0.393436530973447,"W/m2"
"old",1980,"RF_CH4",0.398411787490689,"W/m2"
"old",1981,"RF_CH4",0.402306228046341,"W/m2"
"old",1982,"RF_CH4",0.408175541345435,"W/m2"
"old",1983,"RF_CH4",0.411388429271839,"W/m2"
"old",1984,"RF_CH4",0.414793276295598,"W/m2"
"old",1985,"RF_CH4",0.417927919726417,"W/m2"
"old",1986,"RF_CH4",0.421580847852803,"W/m2"
"old",1987,"RF_CH4",0.42562144210261,"W/m2"
"old",1988,"RF_CH4",0.429335653475354,"W/m2"
"old",1989,"RF_CH4",0.432842663079241,"W/m2"
"old",1990,"RF_CH4",0.436585351041727,"W/m2"
"old",1991,"RF_CH4",0.44406650307275,"W/m2"
"old",1992,"RF_CH4",0.445376661304176,"W/m2"
"old",1993,"RF_CH4",0.446524571682538,"W/m2"
"old",1994,"RF_CH4",0.450544237984949,"W/m2"
"old",1995,"RF_CH4",0.451906674571873,"W/m2"
"old",1996,"RF_CH4",0.453103183167378,"W/m2"
"old",1997,"RF_CH4",0.461108372110177,"W/m2"
"old",1998,"RF_CH4",0.464171119384625,"W/m2"
"old",1999,"RF_CH4",0.46467376579523,"W/m2"
"old",2000,"RF_CH4",0.464457155423483,"W/m2"
"old",2001,"RF_CH4",0.464661803000036,"W/m2"
"old",2002,"RF_CH4",0.467400185229524,"W/m2"
"old",2003,"RF_CH4",0.470149109806427,"W/m2"
"old",2004,"RF_CH4",0.473596204069896,"W/m2"
"old",2005,"RF_CH4",0.477495850001233,"W/m2"
"old",2006,"RF_CH4",0.482694393476669,"W/m2"
"old",2007,"RF_CH4",0.486049134897965,"W/m2"
"old",2008,"RF_CH4",0.48944947270846,"W/m2"
"old",2009,"RF_CH4",0.493761132223668,"W/m2"
"old",2010,"RF_CH4",0.498787954844035,"W/m2"
"old",2011,"RF_CH4",0.502616710823519,"W/m2"
"old",2012,"RF_CH4",0.50799237920726,"W/m2"
"old",2013,"RF_CH4",0.512527531112029,"W/m2"
"old",2014,"RF_CH4",0.518467401049469,"W/m2"
"old",2015,"RF_CH4",0.523490295880202,"W/m2"
"old",2016,"RF_CH4",0.528069713692798,"W/m2"
"old",2017,"RF_CH4",0.532306392755451,"W/m2"
"old",2018,"RF_CH4",0.536215334942901,"W/m2"
"old",2019,"RF_CH4",0.539827874850664,"W/m2"
"old",2020,"RF_CH4",0.543173633256741,"W/m2"
"old",2021,"RF_CH4",0.546429287006287,"W/m2"
"old",2022,"RF_CH4",0.54960352070262,"W/m2"
"old",2023,"RF_CH4",0.55269228411275,"W/m2"
"old",1745,"RF_tot",0,"W/m2"
"old",1746,"RF_tot",0,"W/m2"
"old",1747,"RF_tot",0,"W/m2"
"old",1748,"RF_tot",0,"W/m2"
"old",1749,"RF_tot",0,"W/m2"
"old",1750,"RF_tot",0,"W/m2"
"old",1751,"RF_tot",0.00808170459976587,"W/m2"
"old",1752,"RF_tot",0.0141364927807626,"W/m2"
"old",1753,"RF_tot",0.0132147573561623,"W/m2"
"old",1754,"RF_tot",0.0076641596788678,"W/m2"
"old",1755,"RF_tot",-0.00923705791838025,"W/m2"
"old",1756,"RF_tot",-0.231164394846415,"W/m2"
"old",1757,"RF_tot",-0.107859363379122,"W/m2"
"old",1758,"RF_tot",-0.0252122901942693,"W/m2"
"old",1759,"RF_tot",0.00203371475864,"W/m2"
"old",1760,"RF_tot",0.00729027216459333,"W/m2"
"old",1761,"RF_tot",0.0157249664046615,"W/m2"
"old",1762,"RF_tot",-0.885397723867514,"W/m2"
"old",1763,"RF_tot",-0.605812904447482,"W/m2"
"old",1764,"RF_tot",-0.193586289766481,"W/m2"
"old",1765,"RF_tot",-0.0599352637240629,"W/m2"
"old",1766,"RF_tot",-0.340258539909371,"W/m2"
"old",1767,"RF_tot",-0.392516666574536,"W/m2"
"old",1768,"RF_tot",-0.144984231130051,"W/m2"
"old",1769,"RF_tot",-0.0363162474196477,"W/m2"
"old",1770,"RF_tot",-0.131746341900716,"W/m2"
"old",1771,"RF_tot",-0.0701202939643215,"W/m2"
"old",1772,"RF_tot",-0.00309508724725438,"W/m2"
"old",1773,"RF_tot",0.0184707824918913,"W/m2"
"old",1774,"RF_tot",0.0141252652863275,"W/m2"
"old",1775,"RF_tot",0.0247911036885489,"W/m2"
"old",1776,"RF_tot",0.0293344406266534,"W/m2"
"old",1777,"RF_tot",0.0267982114254928,"W/m2"
"old",1778,"RF_tot",0.0241517805064873,"W/m2"
"old",1779,"RF_tot",0.0293067602714834,"W/m2"
"old",1780,"RF_tot",0.0221990622686921,"W/m2"
"old",1781,"RF_tot",0.0285264791697064,"W/m2"
"old",1782,"RF_tot",0.0298414124259465,"W/m2"
"old",1783,"RF_tot",-1.76008223298638,"W/m2"
"old",1784,"RF_tot",-3.63414557506913,"W/m2"
"old",1785,"RF_tot",-1.48817694786655,"W/m2"
"old",1786,"RF_tot",-0.651533060982546,"W/m2"
"old",1787,"RF_tot",-0.266721223067985,"W/m2"
"old",1788,"RF_tot",-0.0931341749680481,"W/m2"
"old",1789,"RF_tot",-0.0219192740771541,"W/m2"
"old",1790,"RF_tot",0.000862643925448214,"W/m2"
"old",1791,"RF_tot",0.0181251524128341,"W/m2"
"old",1792,"RF_tot",0.0260161264170538,"W/m2"
"old",1793,"RF_tot",0.0272437761470143,"W/m2"
"old",1794,"RF_tot",0.0160429682552923,"W/m2"
"old",1795,"RF_tot",0.0247591863196845,"W/m2"
"old",1796,"RF_tot",-0.100056005008057,"W/m2"
"old",1797,"RF_tot",-0.20112448721109,"W/m2"
"old",1798,"RF_tot",-0.102677960219951,"W/m2"
"old",1799,"RF_tot",-0.0181298470612576,"W/m2"
"old",1800,"RF_tot",0.00885949494688321,"W/m2"
"old",1801,"RF_tot",0.0257837401047105,"W/m2"
"old",1802,"RF_tot",0.0288939501288248,"W/m2"
"old",1803,"RF_tot",0.0368897090866409,"W/m2"
"old",1804,"RF_tot",0.044105114124859,"W/m2"
"old",1805,"RF_tot",0.0366436490003628,"W/m2"
"old",1806,"RF_tot",0.0426104387826416,"W/m2"
"old",1807,"RF_tot",0.0413458777336084,"W/m2"
"old",1808,"RF_tot",0.0330404695957878,"W/m2"
"old",1809,"RF_tot",-3.51204672370355,"W/m2"
"old",1810,"RF_tot",-2.46668024713926,"W/m2"
"old",1811,"RF_tot",-0.863752719596548,"W/m2"
"old",1812,"RF_tot",-0.267427530167647,"W/m2"
"old",1813,"RF_tot",-0.0683662290368001,"W/m2"
"old",1814,"RF_tot",-0.0110522525790577,"W/m2"
"old",1815,"RF_tot",-3.49572816460121,"W/m2"
"old",1816,"RF_tot",-4.48614191021212,"W/m2"
"old",1817,"RF_tot",-1.68539068788027,"W/m2"
"old",1818,"RF_tot",-0.570885397797624,"W/m2"
"old",1819,"RF_tot",-0.182803595213038,"W/m2"
"old",1820,"RF_tot",-0.0567754790444743,"W/m2"
"old",1821,"RF_tot",-0.109127626281869,"W/m2"
"old",1822,"RF_tot",-0.100818259399907,"W/m2"
"old",1823,"RF_tot",-0.427129929978065,"W/m2"
"old",1824,"RF_tot",-0.179864063855698,"W/m2"
"old",1825,"RF_tot",-0.0439914235064385,"W/m2"
"old",1826,"RF_tot",0.014385024466316,"W/m2"
"old",1827,"RF_tot",0.0323369917890688,"W/m2"
"old",1828,"RF_tot",0.0305334948137244,"W/m2"
"old",1829,"RF_tot",0.0415623616750356,"W/m2"
"old",1830,"RF_tot",0.0432405546144343,"W/m2"
"old",1831,"RF_tot",-2.37369124451499,"W/m2"
"old",1832,"RF_tot",-1.62467414863687,"W/m2"
"old",1833,"RF_tot",-0.549064466003126,"W/m2"
"old",1834,"RF_tot",-0.158422707696375,"W/m2"
"old",1835,"RF_tot",-1.79232543130989,"W/m2"
"old",1836,"RF_tot",-1.19879738904143,"W/m2"
"old",1837,"RF_tot",-0.393971223982851,"W/m2"
"old",1838,"RF_tot",-0.0982330365183899,"W/m2"
"old",1839,"RF_tot",0.00876836170778694,"W/m2"
"old",1840,"RF_tot",0.0449454360187576,"W/m2"
"old",1841,"RF_tot",0.0608175314241881,"W/m2"
"old",1842,"RF_tot",0.0708194494959644,"W/m2"
"old",1843,"RF_tot",0.0841728347915498,"W/m2"
"old",1844,"RF_tot",0.0923757139004544,"W/m2"
"old",1845,"RF_tot",0.0881005721043475,"W/m2"
"old",1846,"RF_tot",-0.0832791984636505,"W/m2"
"old",1847,"RF_tot",-0.0282927956215346,"W/m2"
"old",1848,"RF_tot",0.0483615365127812,"W/m2"
"old",1849,"RF_tot",0.0873834512426424,"W/m2"
"old",1850,"RF_tot",0.100162825803389,"W/m2"
"old",1851,"RF_tot",0.118984055422139,"W/m2"
"old",1852,"RF_tot",0.123992901154384,"W/m2"
"old",1853,"RF_tot",-0.0374923766637341,"W/m2"
"old",1854,"RF_tot",-0.0769449375570015,"W/m2"
"old",1855,"RF_tot",0.0629657421641092,"W/m2"
"old",1856,"RF_tot",0.0753795703523474,"W/m2"
"old",1857,"RF_tot",-0.090223814372296,"W/m2"
"old",1858,"RF_tot",0.0428660339538671,"W/m2"
"old",1859,"RF_tot",0.113004777507007,"W/m2"
"old",1860,"RF_tot",0.136892654070584,"W/m2"
"old",1861,"RF_tot",0.0841335115125621,"W/m2"
"old",1862,"RF_tot",-0.651682332809539,"W/m2"
"old",1863,"RF_tot",-0.278760197718763,"W/m2"
"old",1864,"RF_tot",0.0213980110203595,"W/m2"
"old",1865,"RF_tot",0.118064974680242,"W/m2"
"old",1866,"RF_tot",0.159031176192194,"W/m2"
"old",1867,"RF_tot",0.165601367708544,"W/m2"
"old",1868,"RF_tot",0.164643328512055,"W/m2"
"old",1869,"RF_tot",0.175198567546643,"W/m2"
"old",1870,"RF_tot",0.173251423345696,"W/m2"
"old",1871,"RF_tot",0.184983907873546,"W/m2"
"old",1872,"RF_tot",0.190514930110838,"W/m2"
"old",1873,"RF_tot",-0.0216517797452747,"W/m2"
"old",1874,"RF_tot",0.0966286324358077,"W/m2"
"old",1875,"RF_tot",0.126377991402242,"W/m2"
"old",1876,"RF_tot",0.135729485071859,"W/m2"
"old",1877,"RF_tot",0.179089888240076,"W/m2"
"old",1878,"RF_tot",0.19738870630976,"W/m2"
"old",1879,"RF_tot",0.197114205991653,"W/m2"
"old",1880,"RF_tot",0.160388097035867,"W/m2"
"old",1881,"RF_tot",0.161076051769354,"W/m2"
"old",1882,"RF_tot",0.20366564761522,"W/m2"
"old",1883,"RF_tot",-0.30024620710258,"W/m2"
"old",1884,"RF_tot",-1.79118302608585,"W/m2"
"old",1885,"RF_tot",-0.621986336864507,"W/m2"
"old",1886,"RF_tot",-0.0601961327493983,"W/m2"
"old",1887,"RF_tot",-0.00460252879600143,"W/m2"
"old",1888,"RF_tot",0.142468155003666,"W/m2"
"old",1889,"RF_tot",0.203086370017361,"W/m2"
"old",1890,"RF_tot",0.0798942307194195,"W/m2"
"old",1891,"RF_tot",-0.0826788806613619,"W/m2"
"old",1892,"RF_tot",0.10395647027736,"W/m2"
"old",1893,"RF_tot",0.215018167270668,"W/m2"
"old",1894,"RF_tot",0.211762176308034,"W/m2"
"old",1895,"RF_tot",0.216753208599268,"W/m2"
"old",1896,"RF_tot",0.222079226727836,"W/m2"
"old",1897,"RF_tot",0.217355949359249,"W/m2"
"old",1898,"RF_tot",0.217183141161877,"W/m2"
"old",1899,"RF_tot",0.201276125183993,"W/m2"
"old",1900,"RF_tot",0.200083103706188,"W/m2"
"old",1901,"RF_tot",0.204756683229122,"W/m2"
"old",1902,"RF_tot",0.104584945063363,"W/m2"
"old",1903,"RF_tot",-0.700667799836993,"W/m2"
"old",1904,"RF_tot",-0.26407097674485,"W/m2"
"old",1905,"RF_tot",0.0685595861068888,"W/m2"
"old",1906,"RF_tot",0.163753381940411,"W/m2"
"old",1907,"RF_tot",0.0250300779949866,"W/m2"
"old",1908,"RF_tot",0.107560975441613,"W/m2"
"old",1909,"RF_tot",0.171946948867613,"W/m2"
"old",1910,"RF_tot",0.159639901766895,"W/m2"
"old",1911,"RF_tot",0.176247042898573,"W/m2"
"old",1912,"RF_tot",-0.264418428737493,"W/m2"
"old",1913,"RF_tot",-0.341806538738868,"W/m2"
"old",1914,"RF_tot",0.0120497577612699,"W/m2"
"old",1915,"RF_tot",0.171772246192241,"W/m2"
"old",1916,"RF_tot",0.178125840933545,"W/m2"
"old",1917,"RF_tot",0.170493808629221,"W/m2"
"old",1918,"RF_tot",0.178135990187252,"W/m2"
"old",1919,"RF_tot",0.23468631400594,"W/m2"
"old",1920,"RF_tot",0.210352758894969,"W/m2"
"old",1921,"RF_tot",0.276840682763342,"W/m2"
"old",1922,"RF_tot",0.171563848563709,"W/m2"
"old",1923,"RF_tot",0.151234290592073,"W/m2"
"old",1924,"RF_tot",0.236909354009144,"W/m2"
"old",1925,"RF_tot",0.241582012040061,"W/m2"
"old",1926,"RF_tot",0.247664150511389,"W/m2"
"old",1927,"RF_tot",0.23039234191904,"W/m2"
"old",1928,"RF_tot",0.213839213140001,"W/m2"
"old",1929,"RF_tot",0.0379244840685529,"W/m2"
"old",1930,"RF_tot",0.237149583913153,"W/m2"
"old",1931,"RF_tot",0.311946573288534,"W/m2"
"old",1932,"RF_tot",0.212307539347196,"W/m2"
"old",1933,"RF_tot",0.310446980769061,"W/m2"
"old",1934,"RF_tot",0.314850316636616,"W/m2"
"old",1935,"RF_tot",0.298677873045746,"W/m2"
"old",1936,"RF_tot",0.273553324286697,"W/m2"
"old",1937,"RF_tot",0.25687757970543,"W/m2"
"old",1938,"RF_tot",0.302766729003807,"W/m2"
"old",1939,"RF_tot",0.275570549429771,"W/m2"
"old",1940,"RF_tot",0.252860254790867,"W/m2"
"old",1941,"RF_tot",0.247899120492791,"W/m2"
"old",1942,"RF_tot",0.238723722673937,"W/m2"
"old",1943,"RF_tot",0.247504969772781,"W/m2"
"old",1944,"RF_tot",0.26723775912297,"W/m2"
"old",1945,"RF_tot",0.338566585103313,"W/m2"
"old",1946,"RF_tot",0.359665954166262,"W/m2"
"old",1947,"RF_tot",0.321935101111401,"W/m2"
"old",1948,"RF_tot",0.312147686478605,"W/m2"
"old",1949,"RF_tot",0.332108838309868,"W/m2"
"old",1950,"RF_tot",0.285840221234887,"W/m2"
"old",1951,"RF_tot",0.30187132316076,"W/m2"
"old",1952,"RF_tot",0.303819543801887,"W/m2"
"old",1953,"RF_tot",0.304978830687166,"W/m2"
"old",1954,"RF_tot",0.322811304728615,"W/m2"
"old",1955,"RF_tot",0.297210150074059,"W/m2"
"old",1956,"RF_tot",0.267444541396712,"W/m2"
"old",1957,"RF_tot",0.25258320315387,"W/m2"
"old",1958,"RF_tot",0.292830469676594,"W/m2"
"old",1959,"RF_tot",0.290176077888182,"W/m2"
"old",1960,"RF_tot",0.294763630440574,"W/m2"
"old",1961,"RF_tot",0.200550623764929,"W/m2"
"old",1962,"RF_tot",0.0708116332755608,"W/m2"
"old",1963,"RF_tot",-0.682083656658368,"W/m2"
"old",1964,"RF_tot",-0.558687886843421,"W/m2"
"old",1965,"RF_tot",-0.223648768678449,"W/m2"
"old",1966,"RF_tot",0.203117148152232,"W/m2"
"old",1967,"RF_tot",0.045218011874377,"W/m2"
"old",1968,"RF_tot",0.138357444866054,"W/m2"
"old",1969,"RF_tot",0.240026470111625,"W/m2"
"old",1970,"RF_tot",0.232102273137619,"W/m2"
"old",1971,"RF_tot",0.164806910260165,"W/m2"
"old",1972,"RF_tot",0.242772129485058,"W/m2"
"old",1973,"RF_tot",0.378106484272468,"W/m2"
"old",1974,"RF_tot",0.38570654353966,"W/m2"
"old",1975,"RF_tot",0.147242387051489,"W/m2"
"old",1976,"RF_tot",0.384673275645374,"W/m2"
"old",1977,"RF_tot",0.513524585876683,"W/m2"
"old",1978,"RF_tot",0.582329880769732,"W/m2"
"old",1979,"RF_tot",0.609510143926502,"W/m2"
"old",1980,"RF_tot",0.614650685229925,"W/m2"
"old",1981,"RF_tot",0.657419826685572,"W/m2"
"old",1982,"RF_tot",0.449582317952463,"W/m2"
"old",1983,"RF_tot",0.0241745380903124,"W/m2"
"old",1984,"RF_tot",0.499187102602793,"W/m2"
"old",1985,"RF_tot",0.753424140069462,"W/m2"
"old",1986,"RF_tot",0.814328673123775,"W/m2"
"old",1987,"RF_tot",0.894134126804129,"W/m2"
"old",1988,"RF_tot",0.993657458680313,"W/m2"
"old",1989,"RF_tot",1.07797504080905,"W/m2"
"old",1990,"RF_tot",1.11253718198713,"W/m2"
"old",1991,"RF_tot",0.531968307743862,"W/m2"
"old",1992,"RF_tot",-0.583013684308146,"W/m2"
"old",1993,"RF_tot",0.317724999260071,"W/m2"
"old",1994,"RF_tot",1.04700217235118,"W/m2"
"old",1995,"RF_tot",1.31256163423942,"W/m2"
"old",1996,"RF_tot",1.42801907933487,"W/m2"
"old",1997,"RF_tot",1.3697643523811,"W/m2"
"old",1998,"RF_tot",1.4412576759146,"W/m2"
"old",1999,"RF_tot",1.6052216454095,"W/m2"
"old",2000,"RF_tot",1.66262617129782,"W/m2"
"old",2001,"RF_tot",1.69047990196223,"W/m2"
"old",2002,"RF_tot",1.65635324436324,"W/m2"
"old",2003,"RF_tot",1.64667997335913,"W/m2"
"old",2004,"RF_tot",1.70409794074897,"W/m2"
"old",2005,"RF_tot",1.69675009336787,"W/m2"
"old",2006,"RF_tot",1.68811452255335,"W/m2"
"old",2007,"RF_tot",1.77450557529681,"W/m2"
"old",2008,"RF_tot",1.86749208917899,"W/m2"
"old",2009,"RF_tot",1.91732618008785,"W/m2"
"old",2010,"RF_tot",1.98265805225116,"W/m2"
"old",2011,"RF_tot",2.01804938336781,"W/m2"
"old",2012,"RF_tot",2.06332125875317,"W/m2"
"old",2013,"RF_tot",2.1688443372227,"W/m2"
"old",2014,"RF_tot",2.16596401229795,"W/m2"
"old",2015,"RF_tot",2.33528421550598,"W/m2"
"old",2016,"RF_tot",2.39596529653122,"W/m2"
"old",2017,"RF_tot",2.45650253009644,"W/m2"
"old",2018,"RF_tot",2.51717148735184,"W/m2"
"old",2019,"RF_tot",2.57731629176933,"W/m2"
"old",2020,"RF_tot",2.637613139707,"W/m2"
"old",2021,"RF_tot",2.66671337529707,"W/m2"
"old",2022,"RF_tot",2.6954176669862,"W/m2"
"old",2023,"RF_tot",2.72370785258999,"W/m2"
